དབྱིངས་གང  ཕྱིར  བདག 	མེད་པ 	-ར་གནས 	།_། 	ཆོས 	དབྱིངས་གང 	ཕྱིར 	བདག 	མ་ཡིན 	།_། 	བུད 	མེད 	bstod tshogs ka_.txt	མེད་པ  -ར་གནས  །_།  ཆོས  དབྱིངས་གང  ཕྱིར  བདག  མ་ཡིན  །_།  བུད  མེད 
 ཕྱིར  །_། 						ཕྱིར 	།_། 	བུད 	མེད 	སྐྱེས་པ་ཞེས 	རབ་བསྟན 	bstod tshogs ka_.txt	     ཕྱིར  །_།  བུད  མེད  སྐྱེས་པ་ཞེས  རབ་བསྟན 
 ཕྱིར  །_། 						ཕྱིར 	།_། 	དབྱིངས 	ཉིད 	ཐ 	དད 	bstod tshogs ka_.txt	     ཕྱིར  །_།  དབྱིངས  ཉིད  ཐ  དད 
གང  ཕྱིར  སངས་རྒྱས 	ས་བོན 	འགག་པ 	-ར་འགྱུར 	།_། 	གང 	ཕྱིར 	སངས་རྒྱས 	མྱ་ངན་འདས 	།_། 	གཙང་བ 	རྟག་པ 	bstod tshogs ka_.txt	ས་བོན  འགག་པ  -ར་འགྱུར  །_།  གང  ཕྱིར  སངས་རྒྱས  མྱ་ངན་འདས  །_།  གཙང་བ  རྟག་པ 
 ཕྱིར ་གཉིས་ནི 	དགེ་བ 	-འི་གཞི 	།_། 	གང 		ཕྱིར	་གཉིས་ནི 	བྱིས་པ 	-ས་བརྟགས 	།_། 	དེ་ཡི་གཉིས 	bstod tshogs ka_.txt	དགེ་བ  -འི་གཞི  །_།  གང   ཕྱིར ་གཉིས་ནི  བྱིས་པ  -ས་བརྟགས  །_།  དེ་ཡི་གཉིས 
།_།  ཕྱིར  མི་ལྡོག 	དེ་ཡང 	དག 	སྐྱེད 	བྱས་ནས 	།_། 	ཕྱིར 	མི་ལྡོག 	པར 	ཡང་ཡང 	འབྱུང 	_།_། 	bstod tshogs ka_.txt	དེ་ཡང  དག  སྐྱེད  བྱས་ནས  །_།  ཕྱིར  མི་ལྡོག  པར  ཡང་ཡང  འབྱུང  _།_། 
དེ  ཕྱིར  དོན་དམ 	སྤུངས་པ 	མ 	མཆིས་པ 	།_། 	དེ 	ཕྱིར 	དོན་དམ 	རིག་པ 	-འང་ལགས 	།_། 	ཀུན་གྱི 	bstod tshogs ka_.txt	སྤུངས་པ  མ  མཆིས་པ  །_།  དེ  ཕྱིར  དོན་དམ  རིག་པ  -འང་ལགས  །_།  ཀུན་གྱི 
 ཕྱིར  །_། 						ཕྱིར 	།_། 	འཇིག 	རྟེན 	སྤྱོད་པ 	-འང 	bstod tshogs ka_.txt	     ཕྱིར  །_།  འཇིག  རྟེན  སྤྱོད་པ  -འང 
 ཕྱིར  །_། 						ཕྱིར 	།_། 	ལས 	སྤངས་པ 	-ར་ཡང 	རབ་ཏུ་བསྟན 	bstod tshogs ka_.txt	     ཕྱིར  །_།  ལས  སྤངས་པ  -ར་ཡང  རབ་ཏུ་བསྟན 
 ཕྱིར  །_། 						ཕྱིར 	།_། 	གཙོ་བོ 	ཐེག 	དབྱེ 	-ར 	bstod tshogs ka_.txt	     ཕྱིར  །_།  གཙོ་བོ  ཐེག  དབྱེ  -ར 
 ཕྱིར  །_། 						ཕྱིར 	།_། 	ཁྱོད 	ཉིད 	མྱ་ངན 	འདས་པ 	bstod tshogs ka_.txt	     ཕྱིར  །_།  ཁྱོད  ཉིད  མྱ་ངན  འདས་པ 
 ཕྱིར  །_། 						ཕྱིར 	།_། 	ཡུན 	རིང 	ཐུགས་རྗེ 	-ས 	bstod tshogs ka_.txt	     ཕྱིར  །_།  ཡུན  རིང  ཐུགས་རྗེ  -ས 
བར་ཅི་ཡི  ཕྱིར  མི་འདོད 	ཉིད་དང 	མཚུངས་པ་རུ 	།_། 	གསལ 	བར་ཅི་ཡི 	ཕྱིར 	མི་འདོད 	།_། 	འབྱུང་བ 	མིག་གིས 	གཟུང 	bstod tshogs ka_.txt	ཉིད་དང  མཚུངས་པ་རུ  །_།  གསལ  བར་ཅི་ཡི  ཕྱིར  མི་འདོད  །_།  འབྱུང་བ  མིག་གིས  གཟུང 
དེ  ཕྱིར  ཤེས་དང 	-ར 	ཤེས་པ 	-འང་མེད 	།_། 	དེ 	ཕྱིར 	ཤེས་དང 	ཤེས་བྱ་དག 	_། 	རང 	དངོས་མེད་ཅེས 	bstod tshogs ka_.txt	-ར  ཤེས་པ  -འང་མེད  །_།  དེ  ཕྱིར  ཤེས་དང  ཤེས་བྱ་དག  _།  རང  དངོས་མེད་ཅེས 
དེ  ཕྱིར  ཁྱོད་ཀྱིས 	ཀུན་ཀྱང 	དེ་བཞིན 	ཁྱོད་ཀྱིས་གསུངས 	།_། 	དེ 	ཕྱིར 	ཁྱོད་ཀྱིས 	འགྲོ 	འདི་དག 	_། 	ཡོངས་སུ 	bstod tshogs ka_.txt	ཀུན་ཀྱང  དེ་བཞིན  ཁྱོད་ཀྱིས་གསུངས  །_།  དེ  ཕྱིར  ཁྱོད་ཀྱིས  འགྲོ  འདི་དག  _།  ཡོངས་སུ 
 ཕྱིར  །_། 						ཕྱིར 	།_། 	སྟོང 	ཉིད 	བདུད་རྩི 	སྟོན 	bstod tshogs ka_.txt	     ཕྱིར  །_།  སྟོང  ཉིད  བདུད་རྩི  སྟོན 
དེ  ཕྱིར  ཁྱོད་ཀྱིས 	མེད་ཅེས 	གསུངས་པ 	-འི་ཕྱིར 	།_། 	དེ 	ཕྱིར 	ཁྱོད་ཀྱིས 	ཐེག་ཆེན་རྣམས 	།_། 	མ 	ལུས་པ 	bstod tshogs ka_.txt	མེད་ཅེས  གསུངས་པ  -འི་ཕྱིར  །_།  དེ  ཕྱིར  ཁྱོད་ཀྱིས  ཐེག་ཆེན་རྣམས  །_།  མ  ལུས་པ 
 ཕྱིར  །_། 						ཕྱིར 	།_། 	དེ་ནི 	བྱང་ཆུབ 	མཆོག་ཅེས་བྱ 	།_། 	bstod tshogs ka_.txt	     ཕྱིར  །_།  དེ་ནི  བྱང་ཆུབ  མཆོག་ཅེས་བྱ  །_། 
དེ  ཕྱིར  སེམས་ནི 	ཁམས་ནི 	བདེ་བ 	-ར་འཇུག 	_། 	དེ 	ཕྱིར 	སེམས་ནི 	ཀུན་དུ་བསྲུང 	།_། 	བདེ་ལེགས 	སེམས་ལས 	bstod tshogs ka_.txt	ཁམས་ནི  བདེ་བ  -ར་འཇུག  _།  དེ  ཕྱིར  སེམས་ནི  ཀུན་དུ་བསྲུང  །_།  བདེ་ལེགས  སེམས་ལས 
བསྐྱེད  ཕྱིར  འཁོར་གྱི 	བློ 	ཅན 	རྣམས་ཀྱི 	དགའ་བ 	བསྐྱེད 	ཕྱིར 	འཁོར་གྱི 	ནང་དུ 	སྣ་ཚོགས 	རྒྱས་པ 	-ར 	bstod tshogs ka_.txt	བློ  ཅན  རྣམས་ཀྱི  དགའ་བ  བསྐྱེད  ཕྱིར  འཁོར་གྱི  ནང་དུ  སྣ་ཚོགས  རྒྱས་པ  -ར 
མཛད  ཕྱིར  ལ་ལ 	ཅན 	རྣམས་ནི 	སྨིན་པ 	-ར 	མཛད 	ཕྱིར 	ལ་ལ 	དག་ཏུ 	མེ 	འབར 	བཞིན་དུ་གང 	bstod tshogs ka_.txt	ཅན  རྣམས་ནི  སྨིན་པ  -ར  མཛད  ཕྱིར  ལ་ལ  དག་ཏུ  མེ  འབར  བཞིན་དུ་གང 
གང་གི  ཕྱིར  བརྗོད་པ་དང 	བརྗོད་པ 	-ར 	བྱ་སྟེ 	།_ 	གང་གི 	ཕྱིར 	བརྗོད་པ་དང 	།_ 	དགོས་པ་དང 	།_ 	འབྲེལ་པ 	bstod tshogs ka_.txt	བརྗོད་པ  -ར  བྱ་སྟེ  །_  གང་གི  ཕྱིར  བརྗོད་པ་དང  །_  དགོས་པ་དང  །_  འབྲེལ་པ 
དེའི  ཕྱིར  འདི 	-ར 	མི 	འགྱུར་རོ 	།_། 	དེའི 	ཕྱིར 	འདི 	-ར་ཅི་ཞིག 	འཆད་པ 	-ར 	འགྱུར་ཞེས 	bstod tshogs ka_.txt	-ར  མི  འགྱུར་རོ  །_།  དེའི  ཕྱིར  འདི  -ར་ཅི་ཞིག  འཆད་པ  -ར  འགྱུར་ཞེས 
-འི  ཕྱིར  བརྗོད་པ 	དྲན་པ 	འཇུག་པ 	-ར 	བྱ་བ 	-འི 	ཕྱིར 	བརྗོད་པ 	-ར 	བྱ་བ 	བཤད་དོ 	།_། 	bstod tshogs ka_.txt	དྲན་པ  འཇུག་པ  -ར  བྱ་བ  -འི  ཕྱིར  བརྗོད་པ  -ར  བྱ་བ  བཤད་དོ  །_། 
-འི  ཕྱིར  དགོས་པ 	-ར 	འཇུག་པ 	-ར 	བྱ་བ 	-འི 	ཕྱིར 	དགོས་པ 	བསྟན་ཏོ 	།_། 	ཐབས 	མེད་པ 	bstod tshogs ka_.txt	-ར  འཇུག་པ  -ར  བྱ་བ  -འི  ཕྱིར  དགོས་པ  བསྟན་ཏོ  །_།  ཐབས  མེད་པ 
 ཕྱིར  འབྲེལ་པ 	-ར 	དོགས་པ 	བསལ་བ 	-འི 		ཕྱིར 	འབྲེལ་པ 	བཤད་དེ 	།_ 	གཞན་དུ་ན 	ཐབས་མེད་པ 	bstod tshogs ka_.txt	-ར  དོགས་པ  བསལ་བ  -འི   ཕྱིར  འབྲེལ་པ  བཤད་དེ  །_  གཞན་དུ་ན  ཐབས་མེད་པ 
-འི  ཕྱིར  ཚིགས་སུ 	རང་གི 	ངོ་བོ 	ཉིད 	བཤད་པ 	-འི 	ཕྱིར 	ཚིགས་སུ 	བཅད་པ 	འདི 	བྱས་སོ 	།_། 	bstod tshogs ka_.txt	རང་གི  ངོ་བོ  ཉིད  བཤད་པ  -འི  ཕྱིར  ཚིགས་སུ  བཅད་པ  འདི  བྱས་སོ  །_། 
ཅིའི  ཕྱིར  གཅིག་ཀྱང 	བྱ་བ 	-འི 	ཐ་ཚིག་གོ 	།_། 	ཅིའི 	ཕྱིར 	གཅིག་ཀྱང 	མ་ཡིན 	ལ་དུ 	མ་ཡང 	མ་ཡིན 	bstod tshogs ka_.txt	བྱ་བ  -འི  ཐ་ཚིག་གོ  །_།  ཅིའི  ཕྱིར  གཅིག་ཀྱང  མ་ཡིན  ལ་དུ  མ་ཡང  མ་ཡིན 
 ཕྱིར  གཟོད་མ་ནས 	ཞེ་ན 	།_ 	དེའི 			ཕྱིར 	གཟོད་མ་ནས 	མ 	སྐྱེས་པ 	-འོ་ཞེས 	འབྱུང་བ 	bstod tshogs ka_.txt	ཞེ་ན  །_  དེའི    ཕྱིར  གཟོད་མ་ནས  མ  སྐྱེས་པ  -འོ་ཞེས  འབྱུང་བ 
དེའི  ཕྱིར  གང་ཞིག་གང་ལས 	ཉིད་ལས 	བྱུང་བ 	-ས་ན 	།_ 	དེའི 	ཕྱིར 	གང་ཞིག་གང་ལས 	བྱུང་བ 	-ར 	གྱུར་པ་སྟེ 	།_ 	bstod tshogs ka_.txt	ཉིད་ལས  བྱུང་བ  -ས་ན  །_  དེའི  ཕྱིར  གང་ཞིག་གང་ལས  བྱུང་བ  -ར  གྱུར་པ་སྟེ  །_ 
གང་གི  ཕྱིར  ཀུན་དུ 	-ར 	མི 	འགྱུར་ཏེ 	།_ 	གང་གི 	ཕྱིར 	ཀུན་དུ 	རྟོག་པ 	མ་ལུས་པ་དང 	བྲལ་བ 	-འི 	bstod tshogs ka_.txt	-ར  མི  འགྱུར་ཏེ  །_  གང་གི  ཕྱིར  ཀུན་དུ  རྟོག་པ  མ་ལུས་པ་དང  བྲལ་བ  -འི 
-འི  ཕྱིར  བདག་དང 	།_། 	གཞན་ཡང 	ཁྱད་པར་དུ 	བྱ་བ 	-འི 	ཕྱིར 	བདག་དང 	གཞན་ལ 	ཕན་པ 	ཕུན 	སུམ 	bstod tshogs ka_.txt	།_།  གཞན་ཡང  ཁྱད་པར་དུ  བྱ་བ  -འི  ཕྱིར  བདག་དང  གཞན་ལ  ཕན་པ  ཕུན  སུམ 
གང་གི  ཕྱིར  ཆོས་ཀྱི 	བྱ་བ 	-འི 	དོན་ཏོ 	།_། 	གང་གི 	ཕྱིར 	ཆོས་ཀྱི 	དབྱིངས 	གཅིག་དང 	དུ་མ་དང 	བྲལ་བ 	bstod tshogs ka_.txt	བྱ་བ  -འི  དོན་ཏོ  །_།  གང་གི  ཕྱིར  ཆོས་ཀྱི  དབྱིངས  གཅིག་དང  དུ་མ་དང  བྲལ་བ 
-འི  ཕྱིར  ཞེ་ན 	ཡོད་པ་ཡིན་ནོ 	།_། 	དེ 	ཅི 	-འི 	ཕྱིར 	ཞེ་ན 	།_། 	ཡང 	དག་པ 	-འི 	bstod tshogs ka_.txt	ཡོད་པ་ཡིན་ནོ  །_།  དེ  ཅི  -འི  ཕྱིར  ཞེ་ན  །_།  ཡང  དག་པ  -འི 
 ཕྱིར  །_ 						ཕྱིར 	།_ 	འདི་ལ 	བསལ 	བྱ 	ཅི་ཡང་མེད 	bstod tshogs ka_.txt	     ཕྱིར  །_  འདི་ལ  བསལ  བྱ  ཅི་ཡང་མེད 
 ཕྱིར  །_ 						ཕྱིར 	།_ 	དངོས 	མིན 	དངོས་པོ 	མེད 	bstod tshogs ka_.txt	     ཕྱིར  །_  དངོས  མིན  དངོས་པོ  མེད 
ཅིའི  ཕྱིར  ཞེ་ན 	-འི 	བློ་གྲོས་ལ 	སོགས་པའོ 	།_། 	ཅིའི 	ཕྱིར 	ཞེ་ན 	།_ 	དགའ་བ 	བསྐྱེད་པ 	-འི 	bstod tshogs ka_.txt	-འི  བློ་གྲོས་ལ  སོགས་པའོ  །_།  ཅིའི  ཕྱིར  ཞེ་ན  །_  དགའ་བ  བསྐྱེད་པ  -འི 
 ཕྱིར ་ཏེ 						ཕྱིར	་ཏེ 	རབ་ཏུ 	མགུ་བ 	-འི 	རྒྱུ 	bstod tshogs ka_.txt	     ཕྱིར ་ཏེ  རབ་ཏུ  མགུ་བ  -འི  རྒྱུ 
དེའི  ཕྱིར  ཁྱད་པར 	ལོངས་སྤྱོད 	པར 	མཛད་པའོ 	།_། 	དེའི 	ཕྱིར 	ཁྱད་པར 	གཞན་ཡང 	ཆོས་ཀྱི 	རྒྱལ་སྲིད 	ཆེན་པོ་ལ 	bstod tshogs ka_.txt	ལོངས་སྤྱོད  པར  མཛད་པའོ  །_།  དེའི  ཕྱིར  ཁྱད་པར  གཞན་ཡང  ཆོས་ཀྱི  རྒྱལ་སྲིད  ཆེན་པོ་ལ 
 ཕྱིར  །_ 						ཕྱིར 	།_ 	སེམས 	ཅན 	རྣམས་ནི 	སྨིན་པ 	bstod tshogs ka_.txt	     ཕྱིར  །_  སེམས  ཅན  རྣམས་ནི  སྨིན་པ 
 ཕྱིར  ལ་ལ 	-ར 	མཛད 				ཕྱིར 	ལ་ལ 	དག་ཏུ 	མེ 	འབར 	བཞིན་དུ་གང 	bstod tshogs ka_.txt	-ར  མཛད     ཕྱིར  ལ་ལ  དག་ཏུ  མེ  འབར  བཞིན་དུ་གང 
ཅིའི  ཕྱིར  ཞེ་ན 	རྣམས་ནི་སྲོགས 	སྲོག་ཆགས 	རྣམས་སོ 	།_། 	ཅིའི 	ཕྱིར 	ཞེ་ན 	།_ 	སྨིན 	པར 	མཛད་པ 	bstod tshogs ka_.txt	རྣམས་ནི་སྲོགས  སྲོག་ཆགས  རྣམས་སོ  །_།  ཅིའི  ཕྱིར  ཞེ་ན  །_  སྨིན  པར  མཛད་པ 
-འི  ཕྱིར ་ཏེ 					-འི 	ཕྱིར	་ཏེ 	ཡོངས་སུ 	སྨིན་པ 	-འི 	དོན་དུའོ 	bstod tshogs ka_.txt	    -འི  ཕྱིར ་ཏེ  ཡོངས་སུ  སྨིན་པ  -འི  དོན་དུའོ 
-འི  ཕྱིར  ཕྱོགས 	།_། 	གཞན་ཡང 	ཁྱད་པར་དུ 	བྱ་བ 	-འི 	ཕྱིར 	ཕྱོགས 	བཅུར 	ཆུབ 	མཛད 	ཐུབ་པ 	bstod tshogs ka_.txt	།_།  གཞན་ཡང  ཁྱད་པར་དུ  བྱ་བ  -འི  ཕྱིར  ཕྱོགས  བཅུར  ཆུབ  མཛད  ཐུབ་པ 
ཉིད་ཀྱི  ཕྱིར ་ན 	-འི 	དོན་ཏོ 	།_། 	དེ 	ཉིད་ཀྱི 	ཕྱིར	་ན 	།_ 	འོག 	མིན 	གནས་ནི 	bstod tshogs ka_.txt	-འི  དོན་ཏོ  །_།  དེ  ཉིད་ཀྱི  ཕྱིར ་ན  །_  འོག  མིན  གནས་ནི 
-འི  ཕྱིར  སེམས་ཅན 	སྨོན་ལམ 	བྱེད་པ 	-ར 	འདོད་པ 	-འི 	ཕྱིར 	སེམས་ཅན 	དོན 	གཅིག 	རྒྱུན་དུ 	མཛད་ཅིང་ཞེས 	bstod tshogs ka_.txt	སྨོན་ལམ  བྱེད་པ  -ར  འདོད་པ  -འི  ཕྱིར  སེམས་ཅན  དོན  གཅིག  རྒྱུན་དུ  མཛད་ཅིང་ཞེས 
 ཕྱིར  །_། 						ཕྱིར 	།_། 	ང་ལ 	མི 	ལྟོས་པ 	-ས་ན 	bstod tshogs ka_.txt	     ཕྱིར  །_།  ང་ལ  མི  ལྟོས་པ  -ས་ན 
དེ  ཕྱིར  སྟོང་པ 	ང་བོ 	ཉིད་ཀྱིས་དེ 	མ་སྐྱེས 	།_། 	དེ 	ཕྱིར 	སྟོང་པ 	-ར 	རབ་ཏུ་བསྟན 	།_། 	ཇི 	bstod tshogs ka_.txt	ང་བོ  ཉིད་ཀྱིས་དེ  མ་སྐྱེས  །_།  དེ  ཕྱིར  སྟོང་པ  -ར  རབ་ཏུ་བསྟན  །_།  ཇི 
དེ  ཕྱིར ་གང་ལས 	མ 	སྐྱེས་པ་ལ 	རང་བཞིན་མེད 	།_། 	དེ 	ཕྱིར	་གང་ལས 	ཀུན་དུ 	འབྱུང 	_།_། 	རང་བཞིན 	bstod tshogs ka_.txt	མ  སྐྱེས་པ་ལ  རང་བཞིན་མེད  །_།  དེ  ཕྱིར ་གང་ལས  ཀུན་དུ  འབྱུང  _།_།  རང་བཞིན 
ཐུབ་ཆེན་གང  ཕྱིར  སེམས་ཅན་རྣམས 	_།_། 	དེ་དག་གིས་ཀྱང་གང 	མ་བཀྲོལ 	།_། 	ཐུབ་ཆེན་གང 	ཕྱིར 	སེམས་ཅན་རྣམས 	།_། 	རང 	ལས་མ 	སྐྱེས་དེ་ཡི་ཕྱིར 	bstod tshogs ka_.txt	_།_།  དེ་དག་གིས་ཀྱང་གང  མ་བཀྲོལ  །_།  ཐུབ་ཆེན་གང  ཕྱིར  སེམས་ཅན་རྣམས  །_།  རང  ལས་མ  སྐྱེས་དེ་ཡི་ཕྱིར 
དེ  ཕྱིར  ཆོས 	བགྱི་བ 	ཡོད 	མ་མཆིས 	།_། 	དེ 	ཕྱིར 	ཆོས 	རྣམས 	ཐམས་ཅད་ནི 	།_། 	རྟོག་པ 	bstod tshogs ka_.txt	བགྱི་བ  ཡོད  མ་མཆིས  །_།  དེ  ཕྱིར  ཆོས  རྣམས  ཐམས་ཅད་ནི  །_།  རྟོག་པ 
དེ  ཕྱིར  རྟེན་ཅིང 	མེད་པ 	-ར་ཡང 	དངོས་པོ་མེད 	།_། 	དེ 	ཕྱིར 	རྟེན་ཅིང 	འབྱུང་བ 	-འི་དངོས 	།_། 	སྟོང་པ 	bstod tshogs ka_.txt	མེད་པ  -ར་ཡང  དངོས་པོ་མེད  །_།  དེ  ཕྱིར  རྟེན་ཅིང  འབྱུང་བ  -འི་དངོས  །_།  སྟོང་པ 
 ཕྱིར  །_། 						ཕྱིར 	།_། 	མགོན་པོ 	ཁྱོད་ཀྱིས 	སྟོང་པ་གསུངས 	།_། 	bstod tshogs ka_.txt	     ཕྱིར  །_།  མགོན་པོ  ཁྱོད་ཀྱིས  སྟོང་པ་གསུངས  །_། 
།_།  ཕྱིར ་ཞིང 	དག 	ཁྱོད་ཀྱིས 	དགོངས 	གསུངས་པ 	།_། 	ཕྱིར	་ཞིང 	རྟོགས་པ 	-ར 	བགྱི 	མི་འཚལ 	bstod tshogs ka_.txt	དག  ཁྱོད་ཀྱིས  དགོངས  གསུངས་པ  །_།  ཕྱིར ་ཞིང  རྟོགས་པ  -ར  བགྱི  མི་འཚལ 
ཅི་ཡི  ཕྱིར ་ན 	གྱུར་ཀྱང 	དམན 	ཁྱེད་ཅེས 	།_། 	ཅི་ཡི 	ཕྱིར	་ན 	ངེས་པ 	-ར 	སེལ 	མི་མཛད 	bstod tshogs ka_.txt	གྱུར་ཀྱང  དམན  ཁྱེད་ཅེས  །_།  ཅི་ཡི  ཕྱིར ་ན  ངེས་པ  -ར  སེལ  མི་མཛད 
དེ  ཕྱིར  བདག་ནི 	ཙམ་ཡང 	མ 	སྩལ་བས 	།_། 	དེ 	ཕྱིར 	བདག་ནི 	ཤིན་ཏུ་སྐལ 	དམན་ལགས 	།_། 	ཡོན་ཏན 	bstod tshogs ka_.txt	ཙམ་ཡང  མ  སྩལ་བས  །_།  དེ  ཕྱིར  བདག་ནི  ཤིན་ཏུ་སྐལ  དམན་ལགས  །_།  ཡོན་ཏན 
 ཕྱིར ་འགྱུར 						ཕྱིར	་འགྱུར 	།_། 	ཐུགས 	རྗེ 	-འི 	bstod tshogs ka_.txt	     ཕྱིར ་འགྱུར  །_།  ཐུགས  རྗེ  -འི 
 ཕྱིར  གསན 						ཕྱིར 	གསན 	མ་གྱུར 	།_། 	རྣམ་པ 	ཀུན་དུ 	bstod tshogs ka_.txt	     ཕྱིར  གསན  མ་གྱུར  །_།  རྣམ་པ  ཀུན་དུ 
ཅི་ཡི  ཕྱིར ་ན 	བརྩོན་པ 	ཁྱེད་ཀྱི 	མཁྱེན་རབ་ཀྱིས 	།_། 	ཅི་ཡི 	ཕྱིར	་ན 	བདག་ལ 	སྐྱོབ 	མི་མཛད 	།_། 	bstod tshogs ka_.txt	བརྩོན་པ  ཁྱེད་ཀྱི  མཁྱེན་རབ་ཀྱིས  །_།  ཅི་ཡི  ཕྱིར ་ན  བདག་ལ  སྐྱོབ  མི་མཛད  །_། 
ཅི  ཕྱིར  གྱུར་ཅེས 	ཁྱེད་ལ 	དད་ཀྱང 	སྡུག་བསྔལ་བར 	།_། 	ཅི 	ཕྱིར 	གྱུར་ཅེས 	ངོ་མཚར 	རྣམ་པ 	-ར་འཁྲུངས 	།_། 	bstod tshogs ka_.txt	ཁྱེད་ལ  དད་ཀྱང  སྡུག་བསྔལ་བར  །_།  ཅི  ཕྱིར  གྱུར་ཅེས  ངོ་མཚར  རྣམ་པ  -ར་འཁྲུངས  །_། 
 ཕྱིར ་མཛད 						ཕྱིར	་མཛད 	།_། 	དེ 	ལྟར 	སྨྲེ 	bstod tshogs ka_.txt	     ཕྱིར ་མཛད  །_།  དེ  ལྟར  སྨྲེ 
སྤང  ཕྱིར  བཙུན་མོ་ཡི 	།_། 	ཁ 	ན་མ 	ཐོ 	སྤང 	ཕྱིར 	བཙུན་མོ་ཡི 	།_། 	འཁོར་དང 	ལྡན 	མཛད 	bstod tshogs ka_.txt	།_།  ཁ  ན་མ  ཐོ  སྤང  ཕྱིར  བཙུན་མོ་ཡི  །_།  འཁོར་དང  ལྡན  མཛད 
 ཕྱིར  །_། 						ཕྱིར 	།_། 	མ 	ག་དྷྭ་ཡི 	བྱང་ཆུབ་ཤིང 	དྲུང་དུ 	bstod tshogs ka_.txt	     ཕྱིར  །_།  མ  ག་དྷྭ་ཡི  བྱང་ཆུབ་ཤིང  དྲུང་དུ 
 ཕྱིར  །_། 						ཕྱིར 	།_། 	རྩྭ 	མཆོག 	གྲོང་གི 	ས་གཞི 	bstod tshogs ka_.txt	     ཕྱིར  །_།  རྩྭ  མཆོག  གྲོང་གི  ས་གཞི 
མེད  ཕྱིར ་དང 	ཡང 	དག 	ཉིད་དུ 	འཇིག་པ 	མེད 	ཕྱིར	་དང 	།_། 	མ 	འོངས 	སེམས་ཅན 	bstod tshogs ka_.txt	ཡང  དག  ཉིད་དུ  འཇིག་པ  མེད  ཕྱིར ་དང  །_།  མ  འོངས  སེམས་ཅན 
 ཕྱིར  །_། 						ཕྱིར 	།_། 	དེ 	ཉིད་དུ་ནི 	རིང་བསྲེལ་མང 	སྤྲུལ་ནས 	bstod tshogs ka_.txt	     ཕྱིར  །_།  དེ  ཉིད་དུ་ནི  རིང་བསྲེལ་མང  སྤྲུལ་ནས 
དོན  ཕྱིར  སྙིང་རྗེ 	།_། 	བདེ 	བ 	-འི 	དོན 	ཕྱིར 	སྙིང་རྗེ 	-ས་འཇུག 	_། 	ཡང 	དག 	bstod tshogs ka_.txt	།_།  བདེ  བ  -འི  དོན  ཕྱིར  སྙིང་རྗེ  -ས་འཇུག  _།  ཡང  དག 
 ཕྱིར  །_། 						ཕྱིར 	།_། 	ལས་གང་ལེགས་དང 	ཉེས་བྱས་པ 	།_། 	དེ་ཡིས 	bstod tshogs ka_.txt	     ཕྱིར  །_།  ལས་གང་ལེགས་དང  ཉེས་བྱས་པ  །_།  དེ་ཡིས 
 ཕྱིར  །_། 						ཕྱིར 	།_། 	གང་གི 	ཉེས་པ 	ཟད 	གྱུར་པ 	bstod tshogs ka_.txt	     ཕྱིར  །_།  གང་གི  ཉེས་པ  ཟད  གྱུར་པ 
 ཕྱིར  །_། 						ཕྱིར 	།_། 	ཡོན་ཏན 	གོམས 	བྱས 	བདག་གི་མིན 	bstod tshogs ka_.txt	     ཕྱིར  །_།  ཡོན་ཏན  གོམས  བྱས  བདག་གི་མིན 
 ཕྱིར  །_། 						ཕྱིར 	།_། 	ཐུབ་པ 	སྐྱོན་ནི 	མེད་པ 	-ར་གྲུབ 	bstod tshogs ka_.txt	     ཕྱིར  །_།  ཐུབ་པ  སྐྱོན་ནི  མེད་པ  -ར་གྲུབ 
 ཕྱིར  བླང 						ཕྱིར 	བླང 	མི་བྱ 	།_། 	ཡོན་ཏན་གྱི 	མཐའ་མ 	bstod tshogs ka_.txt	     ཕྱིར  བླང  མི་བྱ  །_།  ཡོན་ཏན་གྱི  མཐའ་མ 
དམན  ཕྱིར  ལེགས་པ 	གང་ཞིག 	གཞན་ལ 	སློབ་པ་དང 	།_། 	དམན 	ཕྱིར 	ལེགས་པ 	-ར 	མ 	བསླབས་གང 	།_། 	bstod tshogs ka_.txt	གང་ཞིག  གཞན་ལ  སློབ་པ་དང  །_།  དམན  ཕྱིར  ལེགས་པ  -ར  མ  བསླབས་གང  །_། 
གང  ཕྱིར  དོན་གྱིས 	ཉེས་པ 	ཟད་ཀྱང་དེ 	སློབ་ཅིང 	།_། 	གང 	ཕྱིར 	དོན་གྱིས 	ཁྱོད 	མི་སློབ 	།_། 	གང་གི 	bstod tshogs ka_.txt	ཉེས་པ  ཟད་ཀྱང་དེ  སློབ་ཅིང  །_།  གང  ཕྱིར  དོན་གྱིས  ཁྱོད  མི་སློབ  །_།  གང་གི 
 ཕྱིར  །_། 						ཕྱིར 	།_། 	དེ 	ཉིད་དང་ནི 	ངེས་པ 	-ར་སྦྱར 	bstod tshogs ka_.txt	     ཕྱིར  །_།  དེ  ཉིད་དང་ནི  ངེས་པ  -ར་སྦྱར 
རང་གི་བདེ  ཕྱིར  རབ་ཏུ་འཇུག 	བདག 	ཕན་ལ 	བརྩོན་པས 	།_། 	རང་གི་བདེ 	ཕྱིར 	རབ་ཏུ་འཇུག 	_། 	ཁྱོད་ནི 	མ 	བཅོལ་ལེགས 	bstod tshogs ka_.txt	བདག  ཕན་ལ  བརྩོན་པས  །_།  རང་གི་བདེ  ཕྱིར  རབ་ཏུ་འཇུག  _།  ཁྱོད་ནི  མ  བཅོལ་ལེགས 
 ཕྱིར  །_། 						ཕྱིར 	།_། 	ཐུགས 	རྗེས་འགྲོ་བ 	བླངས་ནས་ནི 	།_། 	bstod tshogs ka_.txt	     ཕྱིར  །_།  ཐུགས  རྗེས་འགྲོ་བ  བླངས་ནས་ནི  །_། 
 ཕྱིར  །_། 						ཕྱིར 	།_། 	བསམ་པ 	རྣམ་པ 	-ར 	དག་པ 	bstod tshogs ka_.txt	     ཕྱིར  །_།  བསམ་པ  རྣམ་པ  -ར  དག་པ 
 ཕྱིར  །_། 						ཕྱིར 	།_། 	བྱས་པ 	ཉིད་ནི 	རྗེས 	ལྟ་བས 	bstod tshogs ka_.txt	     ཕྱིར  །_།  བྱས་པ  ཉིད་ནི  རྗེས  ལྟ་བས 
 ཕྱིར  །_། 						ཕྱིར 	།_། 	ཇི 	ལྟར 	རྗེས་སུ 	མཆི 	bstod tshogs ka_.txt	     ཕྱིར  །_།  ཇི  ལྟར  རྗེས་སུ  མཆི 
 ཕྱིར  །_། 						ཕྱིར 	།_། 	ཇི 	ལྟར 	རྗེས་སུ 	མཆི 	bstod tshogs ka_.txt	     ཕྱིར  །_།  ཇི  ལྟར  རྗེས་སུ  མཆི 
 ཕྱིར  །_། 						ཕྱིར 	།_། 	ཁྱོད་ནི 	གཙོ་བོ 	-ར 	མཐོང་ནས་ནི 	bstod tshogs ka_.txt	     ཕྱིར  །_།  ཁྱོད་ནི  གཙོ་བོ  -ར  མཐོང་ནས་ནི 
 ཕྱིར  །_། 						ཕྱིར 	།_། 	གཞན 	མིན 	བརྩོན་འགྲུས 	ཕྲིན་ལས་ཅན 	bstod tshogs ka_.txt	     ཕྱིར  །_།  གཞན  མིན  བརྩོན་འགྲུས  ཕྲིན་ལས་ཅན 
 ཕྱིར  །_། 						ཕྱིར 	།_། 	ཚིག 	ཙམ་ཡང་ནི 	མང་པོ་ཡིན 	།_། 	bstod tshogs ka_.txt	     ཕྱིར  །_།  ཚིག  ཙམ་ཡང་ནི  མང་པོ་ཡིན  །_། 
གང  ཕྱིར ་གཉིས 	དེ་ཡང 	ཁྱོད 	མཚུངས་མིན 	།_། 	གང 	ཕྱིར	་གཉིས 	ཀ 	མཉམ་པ་ནི 	།_། 	ཚད 	bstod tshogs ka_.txt	དེ་ཡང  ཁྱོད  མཚུངས་མིན  །_།  གང  ཕྱིར ་གཉིས  ཀ  མཉམ་པ་ནི  །_།  ཚད 
 ཕྱིར  །_། 						ཕྱིར 	།_། 	བདུད་ཀྱི 	བྲན་དང 	མངག་གཞུག་རྣམས 	།_། 	bstod tshogs ka_.txt	     ཕྱིར  །_།  བདུད་ཀྱི  བྲན་དང  མངག་གཞུག་རྣམས  །_། 
 ཕྱིར  །_། 						ཕྱིར 	།_། 	དེ་ནི 	ངོ་མཚར་ཞེས 	བྱ་སྟེ 	།_། 	bstod tshogs ka_.txt	     ཕྱིར  །_།  དེ་ནི  ངོ་མཚར་ཞེས  བྱ་སྟེ  །_། 
 ཕྱིར  །_། 						ཕྱིར 	།_། 	སྲོག་ཀྱང 	ཁྱོད་ཀྱིས 	མི 	དགོངས་ན 	bstod tshogs ka_.txt	     ཕྱིར  །_།  སྲོག་ཀྱང  ཁྱོད་ཀྱིས  མི  དགོངས་ན 
 ཕྱིར  །_། 						ཕྱིར 	།_། 	ངེས 	པར 	ལུས 	དང་སེམས 	bstod tshogs ka_.txt	     ཕྱིར  །_།  ངེས  པར  ལུས  དང་སེམས 
 ཕྱིར  །_། 						ཕྱིར 	།_། 	བལྟ 	བས 	མི 	ངོམས 	bstod tshogs ka_.txt	     ཕྱིར  །_།  བལྟ  བས  མི  ངོམས 
 ཕྱིར ་ཞིང 						ཕྱིར	་ཞིང 	།_། 	དགའ་བ 	སྐྱེད་པ 	-ར 	bstod tshogs ka_.txt	     ཕྱིར ་ཞིང  །_།  དགའ་བ  སྐྱེད་པ  -ར 
 ཕྱིར  །_། 						ཕྱིར 	།_། 	དེ 	ལྟར་གྱི་ཡང 	བཟོད་པ 	-ར་མཛད 	bstod tshogs ka_.txt	     ཕྱིར  །_།  དེ  ལྟར་གྱི་ཡང  བཟོད་པ  -ར་མཛད 
 ཕྱིར  །_། 						ཕྱིར 	།_། 	ཐམས་ཅད་ལ་ནི 	ཐུགས 	མཉམ་མངའ 	།_། 	bstod tshogs ka_.txt	     ཕྱིར  །_།  ཐམས་ཅད་ལ་ནི  ཐུགས  མཉམ་མངའ  །_། 
གང  ཕྱིར  བསམ་པ 	དབང་པོ 	-འི 	དབྱེ་བ་ཡིས 	།_། 	གང 	ཕྱིར 	བསམ་པ 	སྣ་ཚོགས་པ 	།_། 	དེ 	བས 	bstod tshogs ka_.txt	དབང་པོ  -འི  དབྱེ་བ་ཡིས  །_།  གང  ཕྱིར  བསམ་པ  སྣ་ཚོགས་པ  །_།  དེ  བས 
 ཕྱིར  །_། 						ཕྱིར 	།_། 	ནམ 	མཁའ་ལྡིང་དང 	འདྲ་བ་ལགས 	།_། 	bstod tshogs ka_.txt	     ཕྱིར  །_།  ནམ  མཁའ་ལྡིང་དང  འདྲ་བ་ལགས  །_། 
མངའ  ཕྱིར  རྗེས་སུ་མཐུན 	སླུ་བ 	།_། 	ནོངས 	མི 	མངའ 	ཕྱིར 	རྗེས་སུ་མཐུན 	།_། 	ལེགས 	པར 	སྦྱར་བ 	bstod tshogs ka_.txt	སླུ་བ  །_།  ནོངས  མི  མངའ  ཕྱིར  རྗེས་སུ་མཐུན  །_།  ལེགས  པར  སྦྱར་བ 
 ཕྱིར  །_། 						ཕྱིར 	།_། 	རེ་ཞིག 	དང་པོ 	-ར 	ཁྱོད་ཀྱི་གསུང 	bstod tshogs ka_.txt	     ཕྱིར  །_།  རེ་ཞིག  དང་པོ  -ར  ཁྱོད་ཀྱི་གསུང 
 ཕྱིར  །_། 						ཕྱིར 	།_། 	སྐལ 	ཅན 	རྣམས 	ལ་དོན་དམ་པ 	bstod tshogs ka_.txt	     ཕྱིར  །_།  སྐལ  ཅན  རྣམས  ལ་དོན་དམ་པ 
 ཕྱིར  །_། 						ཕྱིར 	།_། 	ཁྱོད་ཀྱི 	གཞུང་ལུགས 	དེ་ལྟ་བུ 	།_། 	bstod tshogs ka_.txt	     ཕྱིར  །_།  ཁྱོད་ཀྱི  གཞུང་ལུགས  དེ་ལྟ་བུ  །_། 
 ཕྱིར  །_། 						ཕྱིར 	།_། 	བྱིས་པ 	སློབ་དང 	མཁས 	རྣམས་ཀྱིས 	bstod tshogs ka_.txt	     ཕྱིར  །_།  བྱིས་པ  སློབ་དང  མཁས  རྣམས་ཀྱིས 
 ཕྱིར  །_། 						ཕྱིར 	།_། 	དཔའ་བོ 	ཁྱོད་ཀྱི 	བསྟན་པ་འདི 	།_། 	bstod tshogs ka_.txt	     ཕྱིར  །_།  དཔའ་བོ  ཁྱོད་ཀྱི  བསྟན་པ་འདི  །_། 
 ཕྱིར  །_། 						ཕྱིར 	།_། 	འོན་ཏེ 	ཉོན་མོངས 	བཞིན 	འཆི་འཕོ 	bstod tshogs ka_.txt	     ཕྱིར  །_།  འོན་ཏེ  ཉོན་མོངས  བཞིན  འཆི་འཕོ 
 ཕྱིར  །_། 						ཕྱིར 	།_། 	དེ་ལས 	འདི་ནི 	ཁྱད 	ཆེས་འཕགས 	bstod tshogs ka_.txt	     ཕྱིར  །_།  དེ་ལས  འདི་ནི  ཁྱད  ཆེས་འཕགས 
 ཕྱིར  །_། 						ཕྱིར 	།_། 	གང 	ཚེ 	སེམས་ནི 	ངེས 	bstod tshogs ka_.txt	     ཕྱིར  །_།  གང  ཚེ  སེམས་ནི  ངེས 
 ཕྱིར  །_། 						ཕྱིར 	།_། 	མུ 	སྟེགས 	གཞན་གྱི 	མཐོང 	bstod tshogs ka_.txt	     ཕྱིར  །_།  མུ  སྟེགས  གཞན་གྱི  མཐོང 
 ཕྱིར  །_། 						ཕྱིར 	།_། 	ཁྱོད་ཀྱི 	སྲ 	-ས་ཀྱིས 	མགུ་བ 	bstod tshogs ka_.txt	     ཕྱིར  །_།  ཁྱོད་ཀྱི  སྲ  -ས་ཀྱིས  མགུ་བ 
 ཕྱིར  །_། 						ཕྱིར 	།_། 	སྨན་པ 	བཞིན་དུ 	དེ་བཞིན་ཁྱོད 	།_། 	bstod tshogs ka_.txt	     ཕྱིར  །_།  སྨན་པ  བཞིན་དུ  དེ་བཞིན་ཁྱོད  །_། 
དག  ཕྱིར  སྣོད་ཀྱི་མཆོག 	འདྲ་ལགས 	།_། 	ཚུལ 	ཁྲིམས 	དག 	ཕྱིར 	སྣོད་ཀྱི་མཆོག 	_། 	ཞིང 	གཤིན 	འབྲས་བུ 	bstod tshogs ka_.txt	འདྲ་ལགས  །_།  ཚུལ  ཁྲིམས  དག  ཕྱིར  སྣོད་ཀྱི་མཆོག  _།  ཞིང  གཤིན  འབྲས་བུ 
 ཕྱིར  །_། 						ཕྱིར 	།_། 	གྲོགས་ཀྱི 	ཕུལ་ཡང 	ཁྱོད 	ལགས་སོ 	bstod tshogs ka_.txt	     ཕྱིར  །_།  གྲོགས་ཀྱི  ཕུལ་ཡང  ཁྱོད  ལགས་སོ 
འགྲོགས་ན་བདེ  ཕྱིར  སྙིང་དུ་སྡུག 	མཛད་པ 	-ས 	མཛའ་བཤེས་ཏེ 	།_། 	འགྲོགས་ན་བདེ 	ཕྱིར 	སྙིང་དུ་སྡུག 	_། 	ཞི 	ཕྱིར 	གཅིག་ཏུ་ཡིད་དུ་འོང 	bstod tshogs ka_.txt	མཛད་པ  -ས  མཛའ་བཤེས་ཏེ  །_།  འགྲོགས་ན་བདེ  ཕྱིར  སྙིང་དུ་སྡུག  _།  ཞི  ཕྱིར  གཅིག་ཏུ་ཡིད་དུ་འོང 
འགྲུབ  ཕྱིར  དཔལ 	-ར་མཛད 	།_། 	དོན 	ཀུན 	འགྲུབ 	ཕྱིར 	དཔལ 	ཡང 	-ས་ཏེ 	།_། 	ཡོན་ཏན་ལེགས 	bstod tshogs ka_.txt	-ར་མཛད  །_།  དོན  ཀུན  འགྲུབ  ཕྱིར  དཔལ  ཡང  -ས་ཏེ  །_།  ཡོན་ཏན་ལེགས 
སྔ  ཕྱིར  སེམས 	བྱ་བ་སྟེ 	ལེའུ 	དགུ་པའོ 	།།_།། 	སྔ 	ཕྱིར 	སེམས 	གནས 	བསྒྲུབ 	སླད་དུ 	།_། 	bstod tshogs ka_.txt	བྱ་བ་སྟེ  ལེའུ  དགུ་པའོ  །།_།།  སྔ  ཕྱིར  སེམས  གནས  བསྒྲུབ  སླད་དུ  །_། 
 ཕྱིར  །_། 						ཕྱིར 	།_། 	ཕྱི 	རོལ 	གཡེང་བ 	ཞི 	bstod tshogs ka_.txt	     ཕྱིར  །_།  ཕྱི  རོལ  གཡེང་བ  ཞི 
 ཕྱིར  །_། 						ཕྱིར 	།_། 	ཁྱོད་ནི 	རྔན 	ཐེན 	བགྱིད་ལ་སྐུལ 	bstod tshogs ka_.txt	     ཕྱིར  །_།  ཁྱོད་ནི  རྔན  ཐེན  བགྱིད་ལ་སྐུལ 
 ཕྱིར  །_། 						ཕྱིར 	།_། 	བྲན 	བཞིན 	བསྐོས་པ 	-ར 	bstod tshogs ka_.txt	     ཕྱིར  །_།  བྲན  བཞིན  བསྐོས་པ  -ར 
གང  ཕྱིར  གཞན་མ 	ཚེ 	ཁྱོད 	ལ་ག་ལ་སྟེ 	།_། 	གང 	ཕྱིར 	གཞན་མ 	སྤངས་ནས་ཀྱང 	།_། 	སྡུག 	བསྔལ 	bstod tshogs ka_.txt	ཚེ  ཁྱོད  ལ་ག་ལ་སྟེ  །_།  གང  ཕྱིར  གཞན་མ  སྤངས་ནས་ཀྱང  །_།  སྡུག  བསྔལ 
།_།  ཕྱིར ་ཞིང 	ཉེས 	རྟོག 	གདོན་གྱིས 	ཟོས་པ་ནི 	།_། 	ཕྱིར	་ཞིང 	ཤིན་ཏུ 	མི་བཟད་ལ 	།_། 	མགོན་པོ 	bstod tshogs ka_.txt	ཉེས  རྟོག  གདོན་གྱིས  ཟོས་པ་ནི  །_།  ཕྱིར ་ཞིང  ཤིན་ཏུ  མི་བཟད་ལ  །_།  མགོན་པོ 
 ཕྱིར  །_། 						ཕྱིར 	།_། 	དགེ 	མཆོག 	ཁྱོད་ལ 	ཕྱག 	bstod tshogs ka_.txt	     ཕྱིར  །_།  དགེ  མཆོག  ཁྱོད་ལ  ཕྱག 
གང  ཕྱིར  གཞན་གྱིས 	ཚིམ་དང 	རྗེས 	མཐུན་མིན 	།_། 	གང 	ཕྱིར 	གཞན་གྱིས 	ཚིམ་བྱེད་ལས 	།_། 	ཚིམ 	མཛད 	bstod tshogs ka_.txt	ཚིམ་དང  རྗེས  མཐུན་མིན  །_།  གང  ཕྱིར  གཞན་གྱིས  ཚིམ་བྱེད་ལས  །_།  ཚིམ  མཛད 
 ཕྱིར  །_། 						ཕྱིར 	།_། 	ཐམས་ཅད་དུ་ནི 	ཚིག 	མི་འགྲུབ 	།_། 	bstod tshogs ka_.txt	     ཕྱིར  །_།  ཐམས་ཅད་དུ་ནི  ཚིག  མི་འགྲུབ  །_། 
 ཕྱིར  །_། 						ཕྱིར 	།_། 	བདེན 	གསུང 	ཁྱོད་ལ 	ཕྱག 	bstod tshogs ka_.txt	     ཕྱིར  །_།  བདེན  གསུང  ཁྱོད་ལ  ཕྱག 
 ཕྱིར  །_། 						ཕྱིར 	།_། 	དོན 	ལྡན 	སྐུ་ནི 	སྣ་ཚོགས་པའི 	bstod tshogs ka_.txt	     ཕྱིར  །_།  དོན  ལྡན  སྐུ་ནི  སྣ་ཚོགས་པའི 
གང  ཕྱིར  མྱ་ངན་གྱིས 	བྱ་བ་སྟེ 	ལེའུ 	བཅུ་གཉིས་པའོ 	།།_།། 	གང 	ཕྱིར 	མྱ་ངན་གྱིས 	ཉམས་པས 	།_། 	སྟོན་པ 	རྙེད་པ 	bstod tshogs ka_.txt	བྱ་བ་སྟེ  ལེའུ  བཅུ་གཉིས་པའོ  །།_།།  གང  ཕྱིར  མྱ་ངན་གྱིས  ཉམས་པས  །_།  སྟོན་པ  རྙེད་པ 
 ཕྱིར  །_། 						ཕྱིར 	།_། 	ཤིན་ཏུ 	སད 	ཁྱོད 	ཕྱག 	bstod tshogs ka_.txt	     ཕྱིར  །_།  ཤིན་ཏུ  སད  ཁྱོད  ཕྱག 
 ཕྱིར  །_། 						ཕྱིར 	།_། 	འཇིག 	རྟེན 	མཁྱེན་ལ 	སླར 	bstod tshogs ka_.txt	     ཕྱིར  །_།  འཇིག  རྟེན  མཁྱེན་ལ  སླར 
དེ  ཕྱིར  ཀུན་བདག་ལ 	དགོངས་པ 	མཛད་པ་གང 	ལགས་པ 	།_། 	དེ 	ཕྱིར 	ཀུན་བདག་ལ 	ཕྱག་འཚལ 	།_། 	གལ་ཏེ 	ཆོས་ནི 	bstod tshogs ka_.txt	དགོངས་པ  མཛད་པ་གང  ལགས་པ  །_།  དེ  ཕྱིར  ཀུན་བདག་ལ  ཕྱག་འཚལ  །_།  གལ་ཏེ  ཆོས་ནི 
གང  ཕྱིར ་ལྡོག་པ 	ཁྱོད་ཀྱིས 	མི 	སྤྱོད་པ་ཡིས་ཀྱང 	།_། 	གང 	ཕྱིར	་ལྡོག་པ 	-འི 	མི 	འཐད་ན 	།_། 	bstod tshogs ka_.txt	ཁྱོད་ཀྱིས  མི  སྤྱོད་པ་ཡིས་ཀྱང  །_།  གང  ཕྱིར ་ལྡོག་པ  -འི  མི  འཐད་ན  །_། 
དེ  ཕྱིར  གནས་སྐབས 					དེ 	ཕྱིར 	གནས་སྐབས 	ཐམས་ཅད་དུ 	།_། 	ལྟ 	བཅས 	bstod tshogs ka_.txt	    དེ  ཕྱིར  གནས་སྐབས  ཐམས་ཅད་དུ  །_།  ལྟ  བཅས 
 ཕྱིར  །_། 						ཕྱིར 	།_། 	བུ 	ལོན 	ལྷག་མ 	གཞན་ཅི་མཆསམཆིས 	bstod tshogs ka_.txt	     ཕྱིར  །_།  བུ  ལོན  ལྷག་མ  གཞན་ཅི་མཆསམཆིས 
 ཕྱིར  །_། 						ཕྱིར 	།_། 	བུ 	ལོན 	མི 	མངའ་ལ 	bstod tshogs ka_.txt	     ཕྱིར  །_།  བུ  ལོན  མི  མངའ་ལ 
གང  ཕྱིར  ཁྱོད་ཀྱིས 	འབྲས་གཟུགས་དང 	གཟུགས 	མེད་པའང 	།_། 	གང 	ཕྱིར 	ཁྱོད་ཀྱིས 	མ 	དགོངས་ཏེ 	།_། 	དེ 	bstod tshogs ka_.txt	འབྲས་གཟུགས་དང  གཟུགས  མེད་པའང  །_།  གང  ཕྱིར  ཁྱོད་ཀྱིས  མ  དགོངས་ཏེ  །_།  དེ 
 ཕྱིར  བས 						ཕྱིར 	བས 	མིན 	ཁྱོད 	ཕྱག་འཚལ 	།_། 	bstod tshogs ka_.txt	     ཕྱིར  བས  མིན  ཁྱོད  ཕྱག་འཚལ  །_། 
 ཕྱིར  མྱ་ངན་འདས 						ཕྱིར 	མྱ་ངན་འདས 	།_། 	ཁྱོད 	ཞལ་ཟླ 	རྒྱས་པདྨ 	bstod tshogs ka_.txt	     ཕྱིར  མྱ་ངན་འདས  །_།  ཁྱོད  ཞལ་ཟླ  རྒྱས་པདྨ 
-འི  ཕྱིར  བརྩེ་བ 	བྲལ་བ 	ཉིད་ཀྱིས 	ནུས་པ 	མེད་པ 	-འི 	ཕྱིར 	བརྩེ་བ 	-འི 	འབྲས་བུ 	གནོད་པ 	སེལ་བ་དང 	bstod tshogs ka_.txt	བྲལ་བ  ཉིད་ཀྱིས  ནུས་པ  མེད་པ  -འི  ཕྱིར  བརྩེ་བ  -འི  འབྲས་བུ  གནོད་པ  སེལ་བ་དང 
 ཕྱིར  །_ 						ཕྱིར 	།_ 	འཕྱེ་བོ་དང 	ལོང་བ་ལ 	སོགས་པ་ལ 	གསོལ་བ 	bstod tshogs ka_.txt	     ཕྱིར  །_  འཕྱེ་བོ་དང  ལོང་བ་ལ  སོགས་པ་ལ  གསོལ་བ 
 ཕྱིར  །_ 						ཕྱིར 	།_ 	མཉམ 	མེད 	མི 	གཡོ 	bstod tshogs ka_.txt	     ཕྱིར  །_  མཉམ  མེད  མི  གཡོ 
 ཕྱིར  །_ 						ཕྱིར 	།_ 	ཐུགས 	རྗེ 	-འི 	བདག་ཉིད 	bstod tshogs ka_.txt	     ཕྱིར  །_  ཐུགས  རྗེ  -འི  བདག་ཉིད 
 ཕྱིར  །_ 						ཕྱིར 	།_ 	འགྲོ 	བ 	-འི 	སྡུག་བསྔལ 	bstod tshogs ka_.txt	     ཕྱིར  །_  འགྲོ  བ  -འི  སྡུག་བསྔལ 
 ཕྱིར  །_། 						ཕྱིར 	།_། 	དྲི 	མེད 	མི 	གཡོ 	bstod tshogs ka_.txt	     ཕྱིར  །_།  དྲི  མེད  མི  གཡོ 
-འི  ཕྱིར ་ཏེ 	-ར 	ཕྱིན་པ 	-ས 	དཔེ་མེད་པ 	-འི 	ཕྱིར	་ཏེ 	།_ 	སུ་དང་ཡང 	མཉམ་ཞིང 	མཚུངས་པ 	bstod tshogs ka_.txt	-ར  ཕྱིན་པ  -ས  དཔེ་མེད་པ  -འི  ཕྱིར ་ཏེ  །_  སུ་དང་ཡང  མཉམ་ཞིང  མཚུངས་པ 
དེའི  ཕྱིར  རང་བཞིན 	ཉིད་ཀྱི 	རང་བཞིན 	ལས་མི་འདའོ 	།_། 	དེའི 	ཕྱིར 	རང་བཞིན 	འདི 	-ས 	ཆོས 	ཐམས་ཅད 	bstod tshogs ka_.txt	ཉིད་ཀྱི  རང་བཞིན  ལས་མི་འདའོ  །_།  དེའི  ཕྱིར  རང་བཞིན  འདི  -ས  ཆོས  ཐམས་ཅད 
 ཕྱིར  །_ 						ཕྱིར 	།_ 	དེ 	བཞིན 	ཉིད 	རིགས་པ་དང 	bstod tshogs ka_.txt	     ཕྱིར  །_  དེ  བཞིན  ཉིད  རིགས་པ་དང 
-འི  ཕྱིར ་ཏེ 	མཚན་ཉིད་དང 	བྲལ་བ 	ཉིད 	འཛིན་པ 	-འི 	ཕྱིར	་ཏེ 	།_ 	དེ 	འཛིན་པ 	ཉིད་ཀྱི 	bstod tshogs ka_.txt	མཚན་ཉིད་དང  བྲལ་བ  ཉིད  འཛིན་པ  -འི  ཕྱིར ་ཏེ  །_  དེ  འཛིན་པ  ཉིད་ཀྱི 
 ཕྱིར  ཆོས་ཀྱང་ཡིན་ནོ 						ཕྱིར 	ཆོས་ཀྱང་ཡིན་ནོ 	།_། 	རྣམ་པ 	གཅིག་ཏུ་ན 	མཆོག 	bstod tshogs ka_.txt	     ཕྱིར  ཆོས་ཀྱང་ཡིན་ནོ  །_།  རྣམ་པ  གཅིག་ཏུ་ན  མཆོག 
ཅིའི  ཕྱིར  དེ་བཞིན 	ལ 	-འང 	ཁྱབ་ན 	།_ 	ཅིའི 	ཕྱིར 	དེ་བཞིན 	གཤེགས་པ 	རྣམས 	ཁོ་ན 	-འི 	bstod tshogs ka_.txt	ལ  -འང  ཁྱབ་ན  །_  ཅིའི  ཕྱིར  དེ་བཞིན  གཤེགས་པ  རྣམས  ཁོ་ན  -འི 
-འི  ཕྱིར ་ཏེ 	དེ་དག་གི 	རྒྱུད 	ཁོ་ན་ལ 	གསལ་བ 	-འི 	ཕྱིར	་ཏེ 	།_ 	གཞན 	དག་ལ་ནི 	སྒྲིབ་པ 	bstod tshogs ka_.txt	དེ་དག་གི  རྒྱུད  ཁོ་ན་ལ  གསལ་བ  -འི  ཕྱིར ་ཏེ  །_  གཞན  དག་ལ་ནི  སྒྲིབ་པ 
-འི  ཕྱིར ་རོ 	སྡུག་བསྔལ 	མ་ལུས་པ 	-ར 	ལྡོག་པ 	-འི 	ཕྱིར	་རོ 	།_། 	མཉམ་པ་ནི 	འདྲ་བ 	-འི 	bstod tshogs ka_.txt	སྡུག་བསྔལ  མ་ལུས་པ  -ར  ལྡོག་པ  -འི  ཕྱིར ་རོ  །_།  མཉམ་པ་ནི  འདྲ་བ  -འི 
-འི  ཕྱིར ་རོ 	གཤེགས་པ 	-འི 	གོ་འཕང 	ཐོབ་པ 	-འི 	ཕྱིར	་རོ 	།_། 	དེ 	ཉིད་ཀྱི 	ཕྱིར 	bstod tshogs ka_.txt	གཤེགས་པ  -འི  གོ་འཕང  ཐོབ་པ  -འི  ཕྱིར ་རོ  །_།  དེ  ཉིད་ཀྱི  ཕྱིར 
-འི  ཕྱིར  ཕན་པ 	-ར 	གྲུབ་པ 	ཉིད་དུ 	བསྟན་པ 	-འི 	ཕྱིར 	ཕན་པ 	བསྒྲུབ་པ 	-འི 	མཆོག 	བསྟན་པ 	bstod tshogs ka_.txt	-ར  གྲུབ་པ  ཉིད་དུ  བསྟན་པ  -འི  ཕྱིར  ཕན་པ  བསྒྲུབ་པ  -འི  མཆོག  བསྟན་པ 
-འི  ཕྱིར ་རོ 	རྣམ་པ 	-ར 	དག་པ་དང 	ལྡན་པ 	-འི 	ཕྱིར	་རོ 	།_། 	མི 	གཡོ་བ་ནི 	ཡོངས་སུ 	bstod tshogs ka_.txt	རྣམ་པ  -ར  དག་པ་དང  ལྡན་པ  -འི  ཕྱིར ་རོ  །_།  མི  གཡོ་བ་ནི  ཡོངས་སུ 
-འི  ཕྱིར ་རོ 	འཁོར་བ 	ཇི་སྲིད 	པར 	གནས་པ 	-འི 	ཕྱིར	་རོ 	།_། 	མཉམ་པ་ནི 	སྔ་མ 	བཞིན་དུ 	bstod tshogs ka_.txt	འཁོར་བ  ཇི་སྲིད  པར  གནས་པ  -འི  ཕྱིར ་རོ  །_།  མཉམ་པ་ནི  སྔ་མ  བཞིན་དུ 
 ཕྱིར ་རོ 	དཔེ་མེད་པ 	ཉིད་ཀྱི 				ཕྱིར	་རོ 	།_། 	མཆོག་གཙོ་བོ 	།_། 	འཇིག 	bstod tshogs ka_.txt	དཔེ་མེད་པ  ཉིད་ཀྱི     ཕྱིར ་རོ  །_།  མཆོག་གཙོ་བོ  །_།  འཇིག 
-འི  ཕྱིར  གཙོ་བོ 	།_ 	མ 	འདྲེས་པ 	ཡིན་པ 	-འི 	ཕྱིར 	གཙོ་བོ 	རྣམས་ཀྱི་ཡང 	གཙོ་བོ་ཞེས 	བཤད་པ་ཡིན་ནོ 	།_། 	bstod tshogs ka_.txt	།_  མ  འདྲེས་པ  ཡིན་པ  -འི  ཕྱིར  གཙོ་བོ  རྣམས་ཀྱི་ཡང  གཙོ་བོ་ཞེས  བཤད་པ་ཡིན་ནོ  །_། 
-འི  ཕྱིར  གང་དག་ལ 	རྣམ་པ 	-ར 	དག་པ་ལ 	དམིགས་པ 	-འི 	ཕྱིར 	གང་དག་ལ 	ཡུལ 	མཆོག་རབ 	ཡོད་པ་སྟེ 	།_ 	bstod tshogs ka_.txt	རྣམ་པ  -ར  དག་པ་ལ  དམིགས་པ  -འི  ཕྱིར  གང་དག་ལ  ཡུལ  མཆོག་རབ  ཡོད་པ་སྟེ  །_ 
-འི  ཕྱིར ་རོ་ཞེས 	ཐམས་ཅད་པ 	-ས 	ཕུལ་དུ 	གྱུར་པ 	-འི 	ཕྱིར	་རོ་ཞེས 	ཟེར་ཏེ 	།_ 	འདིར 	ཚིག་གི 	bstod tshogs ka_.txt	ཐམས་ཅད་པ  -ས  ཕུལ་དུ  གྱུར་པ  -འི  ཕྱིར ་རོ་ཞེས  ཟེར་ཏེ  །_  འདིར  ཚིག་གི 
 ཕྱིར  །_ 						ཕྱིར 	།_ 	མཉམ་པ 	-འི 	དཔེ 	ཉིད 	bstod tshogs ka_.txt	     ཕྱིར  །_  མཉམ་པ  -འི  དཔེ  ཉིད 
ཅིའི  ཕྱིར  དེ་དག 	ངང་ཚུལ 	ཡོད་པ་ཞེས 	བྱ་བ་ཡིན་ནོ 	།_། 	ཅིའི 	ཕྱིར 	དེ་དག 	དེ་ལྟ 	བུ་ཡིན 	ཞེ་ན 	།_ 	bstod tshogs ka_.txt	ངང་ཚུལ  ཡོད་པ་ཞེས  བྱ་བ་ཡིན་ནོ  །_།  ཅིའི  ཕྱིར  དེ་དག  དེ་ལྟ  བུ་ཡིན  ཞེ་ན  །_ 
དེའི  ཕྱིར  དེ་དག་ནི 	སྒྲུབ་པ 	-ར 	མཛད་དོ 	།_། 	དེའི 	ཕྱིར 	དེ་དག་ནི 	དཔེ 	བྲལ་ཡིན་ནོ 	།_། 	དེ་ནི 	bstod tshogs ka_.txt	སྒྲུབ་པ  -ར  མཛད་དོ  །_།  དེའི  ཕྱིར  དེ་དག་ནི  དཔེ  བྲལ་ཡིན་ནོ  །_།  དེ་ནི 
ཉིད་ཀྱི  ཕྱིར  འདི་ནི 	ལྡན་ན 	སྐབས་མེད་དོ 	།_། 	དེ 	ཉིད་ཀྱི 	ཕྱིར 	འདི་ནི 	བདེ་བ 	འགོག་པ 	-ས་ན 	སྙིང་རྗེ་ཞེས་བྱའོ 	bstod tshogs ka_.txt	ལྡན་ན  སྐབས་མེད་དོ  །_།  དེ  ཉིད་ཀྱི  ཕྱིར  འདི་ནི  བདེ་བ  འགོག་པ  -ས་ན  སྙིང་རྗེ་ཞེས་བྱའོ 
-འི  ཕྱིར  རང་བཞིན 	-ར 	ཞེན་ནས 	ཞུགས་པ 	ཡིན་པ 	-འི 	ཕྱིར 	རང་བཞིན 	ཁོ་ན 	-ས 	ཕྱིན་ཅི 	ལོག་པ་སྟེ 	bstod tshogs ka_.txt	-ར  ཞེན་ནས  ཞུགས་པ  ཡིན་པ  -འི  ཕྱིར  རང་བཞིན  ཁོ་ན  -ས  ཕྱིན་ཅི  ལོག་པ་སྟེ 
དེའི  ཕྱིར ་འདིར 	མ 	རིག་པ་ཡིན་ནོ 	ཞེ་ན 	།_ 	དེའི 	ཕྱིར	་འདིར 	།_ 	རྟག་ཏུ 	དྲི་མེད 	ཐུགས་རྗེ 	bstod tshogs ka_.txt	མ  རིག་པ་ཡིན་ནོ  ཞེ་ན  །_  དེའི  ཕྱིར ་འདིར  །_  རྟག་ཏུ  དྲི་མེད  ཐུགས་རྗེ 
ཕན  ཕྱིར  སངས་རྒྱས 	གནས་སྐབས་ན 	ཡོད་པའི 	།_ 	འགྲོ་ལ 	ཕན 	ཕྱིར 	སངས་རྒྱས 	འགྲུབ་པ 	-ར་ཤོག 	_། 	ཅེས་ཡིད་ལ 	bstod tshogs ka_.txt	གནས་སྐབས་ན  ཡོད་པའི  །_  འགྲོ་ལ  ཕན  ཕྱིར  སངས་རྒྱས  འགྲུབ་པ  -ར་ཤོག  _།  ཅེས་ཡིད་ལ 
-འི  ཕྱིར  ཐུགས་རྗེ 	སྒྲ 	རྒྱུ 	-འི་རྣམ་གྲངས 	ཡིན་པ 	-འི 	ཕྱིར 	ཐུགས་རྗེ 	-འི 	བདག་ཉིད་ཅེས་བྱའོ 	།_། 	རྣམ་པ 	bstod tshogs ka_.txt	སྒྲ  རྒྱུ  -འི་རྣམ་གྲངས  ཡིན་པ  -འི  ཕྱིར  ཐུགས་རྗེ  -འི  བདག་ཉིད་ཅེས་བྱའོ  །_།  རྣམ་པ 
-འི  ཕྱིར  ཚིག 	དེས་ན་ནི 	མཚན་མ 	ཐམས་ཅད་དང 	བྲལ་བ 	-འི 	ཕྱིར 	ཚིག 	ཐམས་ཅད་ཀྱི 	སྤྱོད་ཡུལ 	མ་ཡིན་ཏེ 	།_ 	bstod tshogs ka_.txt	དེས་ན་ནི  མཚན་མ  ཐམས་ཅད་དང  བྲལ་བ  -འི  ཕྱིར  ཚིག  ཐམས་ཅད་ཀྱི  སྤྱོད་ཡུལ  མ་ཡིན་ཏེ  །_ 
ཅིའི  ཕྱིར  མི 	ཐམས་ཅད 	མཁྱེན་པ 	ཉིད་དོ 	།_། 	ཅིའི 	ཕྱིར 	མི 	འགག་ཅེ་ན 	།_ 	འདི 	ལྟར་དེ་ནི 	bstod tshogs ka_.txt	ཐམས་ཅད  མཁྱེན་པ  ཉིད་དོ  །_།  ཅིའི  ཕྱིར  མི  འགག་ཅེ་ན  །_  འདི  ལྟར་དེ་ནི 
-འི  ཕྱིར  འཁོར་བ 	-འི 	མྱ་ངན་ལས 	འདས་པ 	ཡིན་པ 	-འི 	ཕྱིར 	འཁོར་བ 	ཇི་སྲིད 	པར 	འབྱུང་ངོ་ཞེས 	བྱ་བ 	bstod tshogs ka_.txt	-འི  མྱ་ངན་ལས  འདས་པ  ཡིན་པ  -འི  ཕྱིར  འཁོར་བ  ཇི་སྲིད  པར  འབྱུང་ངོ་ཞེས  བྱ་བ 
-འི  ཕྱིར  བཟང་པོ་ཡིན་ནོ 	རང་བཞིན་ནི 	ཤིན་ཏུ 	རྨད་དུ 	བྱུང་བ 	-འི 	ཕྱིར 	བཟང་པོ་ཡིན་ནོ 	།_། 	ཐེག་པ 	ཆེན་པོ 	-འི 	bstod tshogs ka_.txt	རང་བཞིན་ནི  ཤིན་ཏུ  རྨད་དུ  བྱུང་བ  -འི  ཕྱིར  བཟང་པོ་ཡིན་ནོ  །_།  ཐེག་པ  ཆེན་པོ  -འི 
-འི  ཕྱིར  རོ 	།_ 	མྱ་ངན་ལས 	འདས་པ 	མེད་པ 	-འི 	ཕྱིར 	རོ 	།_། 	ལ 	ལ་ལ 	-ས་ནི་བདེ 	bstod tshogs ka_.txt	།_  མྱ་ངན་ལས  འདས་པ  མེད་པ  -འི  ཕྱིར  རོ  །_།  ལ  ལ་ལ  -ས་ནི་བདེ 
-འི  ཕྱིར  བརྡར 	།_། 	ཡང་ན 	ངེས་པ 	མེད་པ 	-འི 	ཕྱིར 	བརྡར 	བཏགས་པ 	-འི 	དོན་ལ 	མངོན་པ 	bstod tshogs ka_.txt	།_།  ཡང་ན  ངེས་པ  མེད་པ  -འི  ཕྱིར  བརྡར  བཏགས་པ  -འི  དོན་ལ  མངོན་པ 
-འི  ཕྱིར  ཕ་རོལ་ཏུ 	ཆོས་སྦྱིན་པ 	-འི 	ངོ་བོ 	ཡིན་པ 	-འི 	ཕྱིར 	ཕ་རོལ་ཏུ 	ཕྱིན་པ 	ཐམས་ཅད་དོ 	།_། 	གང 	bstod tshogs ka_.txt	ཆོས་སྦྱིན་པ  -འི  ངོ་བོ  ཡིན་པ  -འི  ཕྱིར  ཕ་རོལ་ཏུ  ཕྱིན་པ  ཐམས་ཅད་དོ  །_།  གང 
-ར  ཕྱིར  མི་ལྡོག 	བདེ 	གཤེགས་ནི 	རབ་ཏུ 	ཞི་བ 	-ར 	ཕྱིར 	མི་ལྡོག 	པར་མ 	ལུས་པ 	-ར 	གཤེགས་པ 	bstod tshogs ka_.txt	བདེ  གཤེགས་ནི  རབ་ཏུ  ཞི་བ  -ར  ཕྱིར  མི་ལྡོག  པར་མ  ལུས་པ  -ར  གཤེགས་པ 
-འི  ཕྱིར ་རོ 					-འི 	ཕྱིར	་རོ 	།_། 	གང 	དག 	ལ་དུ 	bstod tshogs ka_.txt	    -འི  ཕྱིར ་རོ  །_།  གང  དག  ལ་དུ 
-འི  ཕྱིར  ཞེ་ན 	དོན་ཏོ 	།_། 	དེ་འང 	ཅི 	-འི 	ཕྱིར 	ཞེ་ན 	།_ 	འདི 	ལྟར 	དེ་དག་ནི 	bstod tshogs ka_.txt	དོན་ཏོ  །_།  དེ་འང  ཅི  -འི  ཕྱིར  ཞེ་ན  །_  འདི  ལྟར  དེ་དག་ནི 
-འི  ཕྱིར  མེད་པ 	གང 	དག་ལ 	དེ་དག 	སྤངས་པ 	-འི 	ཕྱིར 	མེད་པ 	དེ་དག་ནི 	སྒྲིབ་པ 	མི 	མངའ་བ་སྟེ 	bstod tshogs ka_.txt	གང  དག་ལ  དེ་དག  སྤངས་པ  -འི  ཕྱིར  མེད་པ  དེ་དག་ནི  སྒྲིབ་པ  མི  མངའ་བ་སྟེ 
_།_  ཕྱིར  མི་ལྡོག་པ 	ངེས་པ་གསུམ་པོ 	སངས་རྒྱས་དང 	_།_ 	ཆོས་དང 	_།_ 	ཕྱིར 	མི་ལྡོག་པ 	-འི 	དགེ་འདུན་ལ 	དང་བ 	-འི 	bstod tshogs ka_.txt	ངེས་པ་གསུམ་པོ  སངས་རྒྱས་དང  _།_  ཆོས་དང  _།_  ཕྱིར  མི་ལྡོག་པ  -འི  དགེ་འདུན་ལ  དང་བ  -འི 
 ཕྱིར  །_། 						ཕྱིར 	།_། 	བྱང 	ཆུབ 	སེམས 	ཡོངས 	bstod tshogs ka_.txt	     ཕྱིར  །_།  བྱང  ཆུབ  སེམས  ཡོངས 