 དུ ལ 						དུ	ལ 	མཛད་པ 	།_། 	ཉོན་མོངས 	སེལ་བ 	bstod tshogs ka_.txt	     དུ ལ  མཛད་པ  །_།  ཉོན་མོངས  སེལ་བ 
 དུ  ཞུ་དང 						དུ 	ཞུ་དང 	དེ་དག་གི 	།_། 	ཚིག་དང 	སྤྱོད 	bstod tshogs ka_.txt	     དུ  ཞུ་དང  དེ་དག་གི  །_།  ཚིག་དང  སྤྱོད 
 དུ ད 						དུ	ད 	འཇོམས 	ཁྱོད་ལ 	ཕྱག 	འཚལ་ལོ 	bstod tshogs ka_.txt	     དུ ད  འཇོམས  ཁྱོད་ལ  ཕྱག  འཚལ་ལོ 
 དུ  ཚར 						དུ 	ཚར 	བཅད 	གསུང 	མཛད་པ 	།_། 	bstod tshogs ka_.txt	     དུ  ཚར  བཅད  གསུང  མཛད་པ  །_། 
 དུ  རྟག་པ 						དུ 	རྟག་པ 	-ར་ཡང 	།_། 	ཀུན 	མཁྱེན 	bstod tshogs ka_.txt	     དུ  རྟག་པ  -ར་ཡང  །_།  ཀུན  མཁྱེན 
 དུ ་ན 						དུ	་ན 	།_། 	ཀུན 	མཁྱེན 	ཁྱོད་ལ 	bstod tshogs ka_.txt	     དུ ་ན  །_།  ཀུན  མཁྱེན  ཁྱོད་ལ 
ཁྱོན་ནི  དུ ས་ལས 	ཀུན་གྱི 	དོན 	མཛད་པ 	།_། 	ཁྱོན་ནི 	དུ	ས་ལས 	ཡོང 	མི་འདའ 	།_། 	རྟག་ཏུ 	bstod tshogs ka_.txt	ཀུན་གྱི  དོན  མཛད་པ  །_།  ཁྱོན་ནི  དུ ས་ལས  ཡོང  མི་འདའ  །_།  རྟག་ཏུ 
 དུ གས 						དུ	གས 	ཞག་གཅིག 	_། 	ལན་དྲུག་ཏུ་ནི 	གཟིགས 	bstod tshogs ka_.txt	     དུ གས  ཞག་གཅིག  _།  ལན་དྲུག་ཏུ་ནི  གཟིགས 
 དུ  སེམས་ཅན 						དུ 	སེམས་ཅན 	ཐམས་ཅད་ཀྱི 	།_། 	དོགས 	གཅོད 	bstod tshogs ka_.txt	     དུ  སེམས་ཅན  ཐམས་ཅད་ཀྱི  །_།  དོགས  གཅོད 
 དུ  རྟོགས་པ 						དུ 	རྟོགས་པ 	-ར་ཤོག 	_། 	ཆོས་ཀྱི 	སྐུ་ལ 	bstod tshogs ka_.txt	     དུ  རྟོགས་པ  -ར་ཤོག  _།  ཆོས་ཀྱི  སྐུ་ལ 
 དུ  །_ 						དུ 	།_ 	དྷརྨ་དྷཱ་ཏུ་སྟ་བཾ 	།_ 	བོད 	སྐད་དུ 	bstod tshogs ka_.txt	     དུ  །_  དྷརྨ་དྷཱ་ཏུ་སྟ་བཾ  །_  བོད  སྐད་དུ 
ཀུན  དུ ་མ 	ཕྱག 	འཚལ་ལོ 	།_། 	གང་ཞིག 	ཀུན 	དུ	་མ 	ཤེས་ན 	།_། 	སྲིད་པ་གསུམ་དུ་རྣམ 	འཁོར་བ 	bstod tshogs ka_.txt	ཕྱག  འཚལ་ལོ  །_།  གང་ཞིག  ཀུན  དུ ་མ  ཤེས་ན  །_།  སྲིད་པ་གསུམ་དུ་རྣམ  འཁོར་བ 
 དུ ད 						དུ	ད 	།_། 	གང་ཞིག 	འཁོར་བ 	-འི 	bstod tshogs ka_.txt	     དུ ད  །_།  གང་ཞིག  འཁོར་བ  -འི 
 དུ  སྣང་བ 						དུ 	སྣང་བ 	-ར་བྱེད 	།_། 	ཆོས་ཀྱི 	དབྱིངས་ནི 	bstod tshogs ka_.txt	     དུ  སྣང་བ  -ར་བྱེད  །_།  ཆོས་ཀྱི  དབྱིངས་ནི 
།_།  དུ ས 	ནམ་ཡང 	འགག་པ 	-ར 	འགྱུར་བ་མེད 	།_། 	དུ	ས 	རྣམས 	ཀུན་དུ 	ཉོན་མོངས་མེད 	།_། 	bstod tshogs ka_.txt	ནམ་ཡང  འགག་པ  -ར  འགྱུར་བ་མེད  །_།  དུ ས  རྣམས  ཀུན་དུ  ཉོན་མོངས་མེད  །_། 
།_།  དུ ས 	།_། 	ཇི 	ལྟར 	རིན་ཆེན་བཻཌཱུརྱ 	།_། 	དུ	ས 	རྣམས 	ཀུན་དུ 	འོད་གསལ་ཡང 	_།_། 	bstod tshogs ka_.txt	།_།  ཇི  ལྟར  རིན་ཆེན་བཻཌཱུརྱ  །_།  དུ ས  རྣམས  ཀུན་དུ  འོད་གསལ་ཡང  _།_། 
 དུ ད་རྩི 						དུ	ད་རྩི 	-ར་འགྱུར 	།_། 	དེ 	བཞིན 	bstod tshogs ka_.txt	     དུ ད་རྩི  -ར་འགྱུར  །_།  དེ  བཞིན 
 དུ ་འདོད 						དུ	་འདོད 	།_། 	རིམ་གྱིས 	སྦྱངས་པ 	-ར 	bstod tshogs ka_.txt	     དུ ་འདོད  །_།  རིམ་གྱིས  སྦྱངས་པ  -ར 
ཁུག་རྣ  དུ ་བ་དང 	ཉི་མ 	ཟླ་བ་ཡང 	_།_། 	སྤྲིན་དང 	ཁུག་རྣ 	དུ	་བ་དང 	_།_། 	སྒྲ་གཅན 	གདོང་དང 	རྡུལ་ལ་སོགས 	bstod tshogs ka_.txt	ཉི་མ  ཟླ་བ་ཡང  _།_།  སྤྲིན་དང  ཁུག་རྣ  དུ ་བ་དང  _།_།  སྒྲ་གཅན  གདོང་དང  རྡུལ་ལ་སོགས 
 དུ ལ་བྱ 						དུ	ལ་བྱ 	-འི་ཕྱིར 	།_། 	བུད 	མེད 	bstod tshogs ka_.txt	     དུ ལ་བྱ  -འི་ཕྱིར  །_།  བུད  མེད 
 དུ ་ཤེས 						དུ	་ཤེས 	རྒྱུ་མཚན་གྱིས 	།_། 	རྣམ 	རྟོག 	bstod tshogs ka_.txt	     དུ ་ཤེས  རྒྱུ་མཚན་གྱིས  །_།  རྣམ  རྟོག 
 དུ  སྒྲུབ་པ 						དུ 	སྒྲུབ་པ 	-ར་བྱེད 	།_། 	ཇི 	ལྟར 	bstod tshogs ka_.txt	     དུ  སྒྲུབ་པ  -ར་བྱེད  །_།  ཇི  ལྟར 
 དུ  །_། 						དུ 	།_། 	གཟུགས 	བརྙན 	མཐོང་བ 	-ར 	bstod tshogs ka_.txt	     དུ  །_།  གཟུགས  བརྙན  མཐོང་བ  -ར 
-འི  དུ ས་སུ་ཆུ 	_། 	ཇི 	ལྟར 	སོ་ག 	-འི 	དུ	ས་སུ་ཆུ 	།_། 	དྲོའོ་ཞེས་ནི 	རྗོད་པ 	-ར་བྱེད 	bstod tshogs ka_.txt	_།  ཇི  ལྟར  སོ་ག  -འི  དུ ས་སུ་ཆུ  །_།  དྲོའོ་ཞེས་ནི  རྗོད་པ  -ར་བྱེད 
-འི  དུ ས་སུ་ནི 	།_། 	དེ 	ཉིད 	གྲང་བ 	-འི 	དུ	ས་སུ་ནི 	།_། 	གྲང་ངོ་ཞེས་ནི 	བརྗོད་པ་ཡིན 	།_། 	bstod tshogs ka_.txt	།_།  དེ  ཉིད  གྲང་བ  -འི  དུ ས་སུ་ནི  །_།  གྲང་ངོ་ཞེས་ནི  བརྗོད་པ་ཡིན  །_། 
 དུ ན་ན་གནས 						དུ	ན་ན་གནས 	།_། 	མགོན་པོ་དེ་ཡི 	གཟུགས་ཀྱི་སྐུས 	།_། 	bstod tshogs ka_.txt	     དུ ན་ན་གནས  །_།  མགོན་པོ་དེ་ཡི  གཟུགས་ཀྱི་སྐུས  །_། 
 དུ ལ་བྱ 						དུ	ལ་བྱ 	རྣམས་ནི 	གདུལ་བ 	-འི་ཕྱིར 	།_། 	bstod tshogs ka_.txt	     དུ ལ་བྱ  རྣམས་ནི  གདུལ་བ  -འི་ཕྱིར  །_། 
 དུ  །_། 						དུ 	།_། 	འདྲེས 	པར 	གྱུར་ལ 	བདག་སྨྲའོ 	bstod tshogs ka_.txt	     དུ  །_།  འདྲེས  པར  གྱུར་ལ  བདག་སྨྲའོ 
 དུ  རབ་ཏུ་འཇུག 						དུ 	རབ་ཏུ་འཇུག 	_། 	བྱང 	ཆུབ 	རིང་བ 	bstod tshogs ka_.txt	     དུ  རབ་ཏུ་འཇུག  _།  བྱང  ཆུབ  རིང་བ 
 དུ ན་ལ 						དུ	ན་ལ 	།_། 	རྟག་ཏུ 	མོས་པ 	བརྟན་པོ་ཡིས 	bstod tshogs ka_.txt	     དུ ན་ལ  །_།  རྟག་ཏུ  མོས་པ  བརྟན་པོ་ཡིས 
 དུ  འཛི 						དུ 	འཛི 	རྣམ་པ 	-ར 	སྤངས་པ་ཡི 	།_། 	bstod tshogs ka_.txt	     དུ  འཛི  རྣམ་པ  -ར  སྤངས་པ་ཡི  །_། 
 དུ ་འདོད 						དུ	་འདོད 	།_། 	རིག་དང 	སྒྱུ་རྩལ 	བཟོ་གནས་ཀུན 	bstod tshogs ka_.txt	     དུ ་འདོད  །_།  རིག་དང  སྒྱུ་རྩལ  བཟོ་གནས་ཀུན 
 དུ  འགྱུར་བ 						དུ 	འགྱུར་བ 	-ར་འདོད 	།_། 	འཁོར 	ལོ 	bstod tshogs ka_.txt	     དུ  འགྱུར་བ  -ར་འདོད  །_།  འཁོར  ལོ 
 དུ  །_། 						དུ 	།_། 	འོད་ཀྱི 	དྲ་བ 	-ས 	རྩེ་བ་དང 	bstod tshogs ka_.txt	     དུ  །_།  འོད་ཀྱི  དྲ་བ  -ས  རྩེ་བ་དང 
 དུ  སོང་ཞེས་བྱ 						དུ 	སོང་ཞེས་བྱ 	།_། 	སངས 	རྒྱས་ཀྱིས 	ངེས 	bstod tshogs ka_.txt	     དུ  སོང་ཞེས་བྱ  །_།  སངས  རྒྱས་ཀྱིས  ངེས 
 དུ ད་ཀྱི 						དུ	ད་ཀྱི 	འཁོར་གྱིས 	མི 	གཡོས་པའོ 	།_། 	bstod tshogs ka_.txt	     དུ ད་ཀྱི  འཁོར་གྱིས  མི  གཡོས་པའོ  །_། 
 དུ  འབྱུང 						དུ 	འབྱུང 	_།_། 	སངས་རྒྱས 	རྣམས་ཀྱི 	ཆོས་ཀྱི་གནས 	bstod tshogs ka_.txt	     དུ  འབྱུང  _།_།  སངས་རྒྱས  རྣམས་ཀྱི  ཆོས་ཀྱི་གནས 
 དུ ་ཡོད 						དུ	་ཡོད 	།_། 	ཁྱོད་ནི 	ཀུན་དུ 	བསམ 	bstod tshogs ka_.txt	     དུ ་ཡོད  །_།  ཁྱོད་ནི  ཀུན་དུ  བསམ 
རིན་ཆེན  དུ ་མ 	རབ་གནས་འགྱུར 	།_། 	འདབ 	མ 	རིན་ཆེན 	དུ	་མ 	-འི་འོད 	།_། 	འདོད 	པར 	bstod tshogs ka_.txt	རབ་གནས་འགྱུར  །_།  འདབ  མ  རིན་ཆེན  དུ ་མ  -འི་འོད  །_།  འདོད  པར 
བྱེ་བ  དུ ་མ་ཡིས 	-འི 	ཟེ་འབྲུ་ཅན 	།_། 	པདྨ 	བྱེ་བ 	དུ	་མ་ཡིས 	།_། 	རྣམ་པ 	ཀུན་དུ 	ཡོངས་སུ་བསྐོར 	bstod tshogs ka_.txt	-འི  ཟེ་འབྲུ་ཅན  །_།  པདྨ  བྱེ་བ  དུ ་མ་ཡིས  །_།  རྣམ་པ  ཀུན་དུ  ཡོངས་སུ་བསྐོར 
 དུ  རྣམ་པ 						དུ 	རྣམ་པ 	ཀུན་གྱིས་བསྐོར 	།_། 	སངས 	རྒྱས 	bstod tshogs ka_.txt	     དུ  རྣམ་པ  ཀུན་གྱིས་བསྐོར  །_།  སངས  རྒྱས 
 དུ ་སྩོལ 						དུ	་སྩོལ 	།_། 	རྣལ 	འབྱོར 	ཆེན་པོ 	bstod tshogs ka_.txt	     དུ ་སྩོལ  །_།  རྣལ  འབྱོར  ཆེན་པོ 
 དུ  །_། 						དུ 	།_། 	དེ་ལས 	སེམས་ཅན 	དོན 	རབ་མཛད 	bstod tshogs ka_.txt	     དུ  །_།  དེ་ལས  སེམས་ཅན  དོན  རབ་མཛད 
 དུ  །_ 						དུ 	།_ 	ནི་རུ་པ 	མ་སྟ་བཾ 	།_ 	བོད 	bstod tshogs ka_.txt	     དུ  །_  ནི་རུ་པ  མ་སྟ་བཾ  །_  བོད 
 དུ  །_ 						དུ 	།_ 	དཔེ 	མེད་པ 	-ར 	བསྟོད་པ 	bstod tshogs ka_.txt	     དུ  །_  དཔེ  མེད་པ  -ར  བསྟོད་པ 
 དུ  རྣམ་པ 						དུ 	རྣམ་པ 	-ར 	དག་པ 	-ར་གྱུར 	།_། 	bstod tshogs ka_.txt	     དུ  རྣམ་པ  -ར  དག་པ  -ར་གྱུར  །_། 
 དུ ལ 						དུ	ལ 	བྱ 	-འི 	འགྲོ་བ 	མ 	bstod tshogs ka_.txt	     དུ ལ  བྱ  -འི  འགྲོ་བ  མ 
 དུ ་ཤེས་ཀྱིས 						དུ	་ཤེས་ཀྱིས 	།_། 	འཇུག་པ 	ཀུན་དུ 	མི 	bstod tshogs ka_.txt	     དུ ་ཤེས་ཀྱིས  །_།  འཇུག་པ  ཀུན་དུ  མི 
 དུ  །_། 						དུ 	།_། 	རྟག 	མི་རྟག 	སོགས་ལ་གཙོ་ཁྱོད 	།_། 	bstod tshogs ka_.txt	     དུ  །_།  རྟག  མི་རྟག  སོགས་ལ་གཙོ་ཁྱོད  །_། 
རྣམས་གང  དུ  -འང 	གྱུར 	མ་ལགས 	།_། 	ཆོས 	རྣམས་གང 	དུ 	-འང 	འགྲོ་འོང་མེད 	།_། 	དེ 	བཞིན 	bstod tshogs ka_.txt	གྱུར  མ་ལགས  །_།  ཆོས  རྣམས་གང  དུ  -འང  འགྲོ་འོང་མེད  །_།  དེ  བཞིན 
 དུ ད་རྩི 						དུ	ད་རྩི 	ཉིད་དུ་བསྒྲུབས 	།_། 	དཔའ་བོ 	ཁྱོད་ཀྱིས 	bstod tshogs ka_.txt	     དུ ད་རྩི  ཉིད་དུ་བསྒྲུབས  །_།  དཔའ་བོ  ཁྱོད་ཀྱིས 
 དུ ་མཐོང 						དུ	་མཐོང 	།_། 	གཟུགས་སུ 	མཐོང་བ 	-ས 	bstod tshogs ka_.txt	     དུ ་མཐོང  །_།  གཟུགས་སུ  མཐོང་བ  -ས 
 དུ ་ཏུ་མཐོང 						དུ	་ཏུ་མཐོང 	།_། 	ཆོས 	ཉིད 	མཐོང་བ 	bstod tshogs ka_.txt	     དུ ་ཏུ་མཐོང  །_།  ཆོས  ཉིད  མཐོང་བ 
 དུ  །_། 						དུ 	།_། 	ཁྱོད་ཀྱི 	སྐུ་ནི 	སྟོན་པ 	-ར་མཛད 	bstod tshogs ka_.txt	     དུ  །_།  ཁྱོད་ཀྱི  སྐུ་ནི  སྟོན་པ  -ར་མཛད 
 དུ ་ལགས 						དུ	་ལགས 	།_། 	རྟག་ཅིང 	བརྟན་ལ 	ཞི་བ་ཡི 	bstod tshogs ka_.txt	     དུ ་ལགས  །_།  རྟག་ཅིང  བརྟན་ལ  ཞི་བ་ཡི 
 དུ ལ་བྱ 						དུ	ལ་བྱ 	འགྲོ་བ 	-འི་ཕྱིར 	།_། 	ཁྱོད 	bstod tshogs ka_.txt	     དུ ལ་བྱ  འགྲོ་བ  -འི་ཕྱིར  །_།  ཁྱོད 
 དུ  །_ 						དུ 	།_ 	ལོ་ཀཱ་ཏཱི 	ཏ་སྟ་བཾ 	།_ 	བོད 	bstod tshogs ka_.txt	     དུ  །_  ལོ་ཀཱ་ཏཱི  ཏ་སྟ་བཾ  །_  བོད 
 དུ  །_ 						དུ 	།_ 	འཇིག 	རྟེན་ལས 	འདས་པ 	-ར 	bstod tshogs ka_.txt	     དུ  །_  འཇིག  རྟེན་ལས  འདས་པ  -ར 
 དུ ད 						དུ	ད 	།_། 	གང 	ཁྱོད 	འགྲོ་ལ 	bstod tshogs ka_.txt	     དུ ད  །_།  གང  ཁྱོད  འགྲོ་ལ 
 དུ  །_། 						དུ 	།_། 	བློ 	ལྡན 	རྣམས་ལ 	རབ་ཏུ་བསྟན 	bstod tshogs ka_.txt	     དུ  །_།  བློ  ལྡན  རྣམས་ལ  རབ་ཏུ་བསྟན 
 དུ ་ནི 						དུ	་ནི 	ཁྱོད་ཀྱིས་བསྟན 	།_། 	ཕན 	ཚུན 	bstod tshogs ka_.txt	     དུ ་ནི  ཁྱོད་ཀྱིས་བསྟན  །_།  ཕན  ཚུན 
 དུ  །_། 						དུ 	།_། 	ཀྲུབ 	གྲུབ་པ 	-ར 	ཁྱོད་ནི 	bstod tshogs ka_.txt	     དུ  །_།  ཀྲུབ  གྲུབ་པ  -ར  ཁྱོད་ནི 
 དུ ་བསྟན 						དུ	་བསྟན 	།_། 	མཚན 	ཉིད 	མཚན་བྱ་རྣམ 	bstod tshogs ka_.txt	     དུ ་བསྟན  །_།  མཚན  ཉིད  མཚན་བྱ་རྣམ 
 དུ  འབྱུང 						དུ 	འབྱུང 	_།_། 	ཀུན་ཀྱང 	དེ་བཞིན 	ཁྱོད་ཀྱིས་གསུངས 	bstod tshogs ka_.txt	     དུ  འབྱུང  _།_།  ཀུན་ཀྱང  དེ་བཞིན  ཁྱོད་ཀྱིས་གསུངས 
 དུ  ཤེས་བྱ 						དུ 	ཤེས་བྱ 	འབྱུང་བ་ནའང 	།_། 	སྐྱེ་བ 	མེད་ཅིང 	bstod tshogs ka_.txt	     དུ  ཤེས་བྱ  འབྱུང་བ་ནའང  །_།  སྐྱེ་བ  མེད་ཅིང 
 དུ ད་རྩི 						དུ	ད་རྩི 	སྟོན 	མཛད་ན 	།_། 	གང་ཞིག་དེ་ལ 	bstod tshogs ka_.txt	     དུ ད་རྩི  སྟོན  མཛད་ན  །_།  གང་ཞིག་དེ་ལ 
 དུ  རྐྱེན 						དུ 	རྐྱེན 	འབྱུང་བར 	།_། 	མགོན་པོ 	ཁྱོད་ཀྱིས 	bstod tshogs ka_.txt	     དུ  རྐྱེན  འབྱུང་བར  །_།  མགོན་པོ  ཁྱོད་ཀྱིས 
 དུ  །_ 						དུ 	།_ 	ཙིཏྟ་བཛྲ་སྟ་བཾ 	།_ 	བོད 	སྐད་དུ 	bstod tshogs ka_.txt	     དུ  །_  ཙིཏྟ་བཛྲ་སྟ་བཾ  །_  བོད  སྐད་དུ 
 དུ ་བསྲུང 						དུ	་བསྲུང 	།_། 	བདེ་ལེགས 	སེམས་ལས 	སངས་རྒྱས་འབྱུང 	bstod tshogs ka_.txt	     དུ ་བསྲུང  །_།  བདེ་ལེགས  སེམས་ལས  སངས་རྒྱས་འབྱུང 
 དུ  །_ 						དུ 	།_ 	པ 	ར་མ་ཨརྠ་སྟ་བཾ 	།_ 	བོད 	bstod tshogs ka_.txt	     དུ  །_  པ  ར་མ་ཨརྠ་སྟ་བཾ  །_  བོད 
 དུ  །_ 						དུ 	།_ 	དོན 	དམ་པ 	-ར 	བསྟོད་པ 	bstod tshogs ka_.txt	     དུ  །_  དོན  དམ་པ  -ར  བསྟོད་པ 
 དུ ད 						དུ	ད 	།_། 	དངོས 	མེད 	མ 	bstod tshogs ka_.txt	     དུ ད  །_།  དངོས  མེད  མ 
 དུ ད 						དུ	ད 	།_། 	དམར་དང 	ལྗང་དང 	བཙོད་མདོག་མིན 	bstod tshogs ka_.txt	     དུ ད  །_།  དམར་དང  ལྗང་དང  བཙོད་མདོག་མིན 
 དུ ད 						དུ	ད 	།_། 	ཆེན་པོ 	མ 	ལགས 	bstod tshogs ka_.txt	     དུ ད  །_།  ཆེན་པོ  མ  ལགས 
 དུ ད 						དུ	ད 	།_། 	རིང 	མིན 	ཉ་བ 	bstod tshogs ka_.txt	     དུ ད  །_།  རིང  མིན  ཉ་བ 
 དུ ད 						དུ	ད 	།_། 	ཆོས 	རྣམས 	ཀུན་ལ 	bstod tshogs ka_.txt	     དུ ད  །_།  ཆོས  རྣམས  ཀུན་ལ 
 དུ  །_ 						དུ 	།_ 	ཀཱ 	ཡ་ཏྲ 	ཡ་སྟོ་ཏྲ་ནཱ་མ 	།_ 	bstod tshogs ka_.txt	     དུ  །_  ཀཱ  ཡ་ཏྲ  ཡ་སྟོ་ཏྲ་ནཱ་མ  །_ 
 དུ  །_ 						དུ 	།_ 	སྐུ་གསུམ་ལ 	བསྟོད་པ་ཞེས 	བྱ་བ 	།_། 	bstod tshogs ka_.txt	     དུ  །_  སྐུ་གསུམ་ལ  བསྟོད་པ་ཞེས  བྱ་བ  །_། 
མིན  དུ ་མ 	ཕྱག 	འཚལ་ལོ 	།_། 	གཅིག 	མིན 	དུ	་མ 	མ་ཡིན 	བདག་དང 	གཞན་ལ 	ཕན་པ 	bstod tshogs ka_.txt	ཕྱག  འཚལ་ལོ  །_།  གཅིག  མིན  དུ ་མ  མ་ཡིན  བདག་དང  གཞན་ལ  ཕན་པ 
 དུ  སྣ་ཚོགས 						དུ 	སྣ་ཚོགས 	རྒྱས་པ 	-ར 	སྟོན 	མཛད་ཅིང 	bstod tshogs ka_.txt	     དུ  སྣ་ཚོགས  རྒྱས་པ  -ར  སྟོན  མཛད་ཅིང 
 དུ  འཕྲོ་བ 						དུ 	འཕྲོ་བ 	-ར 	མཛད་པ་པོ 	།_། 	སངས 	bstod tshogs ka_.txt	     དུ  འཕྲོ་བ  -ར  མཛད་པ་པོ  །_།  སངས 
 དུ ་གང 						དུ	་གང 	སྣང་ཞིང 	།_། 	ལ 	ལ 	bstod tshogs ka_.txt	     དུ ་གང  སྣང་ཞིང  །_།  ལ  ལ 
རྣམ་པ  དུ ་མ 	།_། 	སྣ 	ཚོགས 	ཐབས་ཚུལ 	རྣམ་པ 	དུ	་མ 	-ར 	འཇུག་ཅིང 	སྲིད་པ་གསུམ་གྱི 	འཇིགས 	bstod tshogs ka_.txt	།_།  སྣ  ཚོགས  ཐབས་ཚུལ  རྣམ་པ  དུ ་མ  -ར  འཇུག་ཅིང  སྲིད་པ་གསུམ་གྱི  འཇིགས 
 དུ  མཛད་ཅིང 						དུ 	མཛད་ཅིང 	བསོད་ནམས 	ཡེ་ཤེས 	ཆེན་པོ 	དཔག་མེད་ལས 	bstod tshogs ka_.txt	     དུ  མཛད་ཅིང  བསོད་ནམས  ཡེ་ཤེས  ཆེན་པོ  དཔག་མེད་ལས 
 དུ  །_ 						དུ 	།_ 	ཀཱ 	ཡ་ཏྲ 	ཡ་སྟོ་ཏྲ 	ནཱ་མ་སྱ་བི 	bstod tshogs ka_.txt	     དུ  །_  ཀཱ  ཡ་ཏྲ  ཡ་སྟོ་ཏྲ  ནཱ་མ་སྱ་བི 
 དུ  །_ 						དུ 	།_ 	སྐུ་གསུམ་ལ 	བསྟོད་པ་ཞེས 	བྱ་བ 	-འི 	bstod tshogs ka_.txt	     དུ  །_  སྐུ་གསུམ་ལ  བསྟོད་པ་ཞེས  བྱ་བ  -འི 
མིན  དུ ་མ 	།_། 	དེ་ལ 	། 	གཅིག 	མིན 	དུ	་མ 	མ་ཡིན་ཞེས 	བྱ་བ་ལ 	སོགས་པ 	-འི 	bstod tshogs ka_.txt	།_།  དེ་ལ  །  གཅིག  མིན  དུ ་མ  མ་ཡིན་ཞེས  བྱ་བ་ལ  སོགས་པ  -འི 
 དུ  གཏོང་བ 						དུ 	གཏོང་བ 	དག 	ལེན་པ 	-ར 	མི 	bstod tshogs ka_.txt	     དུ  གཏོང་བ  དག  ལེན་པ  -ར  མི 
 དུ ་ན 						དུ	་ན 	ཐབས་མེད་པ 	དག་ལ 	ཇི་ལྟར 	འཇུག་པ 	bstod tshogs ka_.txt	     དུ ་ན  ཐབས་མེད་པ  དག་ལ  ཇི་ལྟར  འཇུག་པ 
 དུ  འབྲེལ་པའམ 						དུ 	འབྲེལ་པའམ 	།_ 	ཚིག་དང 	ཚིག 	ཅན 	bstod tshogs ka_.txt	     དུ  འབྲེལ་པའམ  །_  ཚིག་དང  ཚིག  ཅན 
 དུ  འབྲེལ་པའམ 						དུ 	འབྲེལ་པའམ 	།_ 	སྒྲུབ་པ་དང 	བསྒྲུབ་པ 	-ར 	bstod tshogs ka_.txt	     དུ  འབྲེལ་པའམ  །_  སྒྲུབ་པ་དང  བསྒྲུབ་པ  -ར 
 དུ  འབྲེལ་བའམ 						དུ 	འབྲེལ་བའམ 	།_ 	བྱ་བ་དང 	བྱེད་པ 	-འི 	bstod tshogs ka_.txt	     དུ  འབྲེལ་བའམ  །_  བྱ་བ་དང  བྱེད་པ  -འི 
 དུ  འབྲེལ་བ་ནི 						དུ 	འབྲེལ་བ་ནི 	འབྲེལ་བའོ 	།_། 	དེ་ནས 	འབད་པ་དང 	bstod tshogs ka_.txt	     དུ  འབྲེལ་བ་ནི  འབྲེལ་བའོ  །_།  དེ་ནས  འབད་པ་དང 
མིན  དུ ་མ 	-ར 	བྱ་སྟེ 	།_ 	གཅིག 	མིན 	དུ	་མ 	མ་ཡིན་ཞེས 	བྱ་བ་ལ 	སོགས་པ་ལ 	།_ 	bstod tshogs ka_.txt	-ར  བྱ་སྟེ  །_  གཅིག  མིན  དུ ་མ  མ་ཡིན་ཞེས  བྱ་བ་ལ  སོགས་པ་ལ  །_ 
 དུ ་མ་སྟེ 	གཅིག་དང 	དུ་མ་ནི 	གཅིག་དང 			དུ	་མ་སྟེ 	།_ 	གཉིས་ནི་གཉིས 	མེད་པ 	ཉིད་དོ 	bstod tshogs ka_.txt	གཅིག་དང  དུ་མ་ནི  གཅིག་དང    དུ ་མ་སྟེ  །_  གཉིས་ནི་གཉིས  མེད་པ  ཉིད་དོ 
།_།  དུ  མ་ནི 					།_། 	དུ 	མ་ནི 	མང་པོ 	ཉིད་དེ 	།_ 	གཅིག་དང 	bstod tshogs ka_.txt	    །_།  དུ  མ་ནི  མང་པོ  ཉིད་དེ  །_  གཅིག་དང 
 དུ ་མ 						དུ	་མ 	-ར 	མ 	གྱུར་པ 	-འི 	bstod tshogs ka_.txt	     དུ ་མ  -ར  མ  གྱུར་པ  -འི 
 དུ  མ་ཡང 						དུ 	མ་ཡང 	མ་ཡིན 	ཞེ་ན 	།_ 	དེའི 	bstod tshogs ka_.txt	     དུ  མ་ཡང  མ་ཡིན  ཞེ་ན  །_  དེའི 
གཅིག་དང  དུ ་མ 	ཐོག་མ 	ཉིད་ནས 	མ 	སྐྱེས་པ་དེ་ལ 	གཅིག་དང 	དུ	་མ 	-འི 	གནས་སྐབས་སུ 	བྱ་བ 	-ར 	bstod tshogs ka_.txt	ཐོག་མ  ཉིད་ནས  མ  སྐྱེས་པ་དེ་ལ  གཅིག་དང  དུ ་མ  -འི  གནས་སྐབས་སུ  བྱ་བ  -ར 
 དུ  སྟོང་པ 						དུ 	སྟོང་པ 	ཉིད་ལས 	གང་ཞིག 	འབྱུང་བ 	-ར 	bstod tshogs ka_.txt	     དུ  སྟོང་པ  ཉིད་ལས  གང་ཞིག  འབྱུང་བ  -ར 
 དུ  རྟོག་པ 						དུ 	རྟོག་པ 	མ་ལུས་པ་དང 	བྲལ་བ 	-འི 	རྒྱལ་བ 	bstod tshogs ka_.txt	     དུ  རྟོག་པ  མ་ལུས་པ་དང  བྲལ་བ  -འི  རྒྱལ་བ 
 དུ  བྱ་བ 						དུ 	བྱ་བ 	-འི 	ཕྱིར 	བདག་དང 	གཞན་ལ 	bstod tshogs ka_.txt	     དུ  བྱ་བ  -འི  ཕྱིར  བདག་དང  གཞན་ལ 
གཅིག་དང  དུ ་མ་དང 	གང་གི 	ཕྱིར 	ཆོས་ཀྱི 	དབྱིངས 	གཅིག་དང 	དུ	་མ་དང 	བྲལ་བ 	-འི 	ངོ་བོ 	ཐོག་མ་དང 	bstod tshogs ka_.txt	གང་གི  ཕྱིར  ཆོས་ཀྱི  དབྱིངས  གཅིག་དང  དུ ་མ་དང  བྲལ་བ  -འི  ངོ་བོ  ཐོག་མ་དང 
 དུ  བཤད་ན 						དུ 	བཤད་ན 	།_ 	ཇི 	ལྟར་ན 	བདག་དང 	bstod tshogs ka_.txt	     དུ  བཤད་ན  །_  ཇི  ལྟར་ན  བདག་དང 
 དུ  གནས་པ 						དུ 	གནས་པ 	ལྟར 	བདག་དང 	གཞན་ལ 	ཕན་པ 	bstod tshogs ka_.txt	     དུ  གནས་པ  ལྟར  བདག་དང  གཞན་ལ  ཕན་པ 
 དུ  བྱས་ཤིང 						དུ 	བྱས་ཤིང 	ཡོངས་སུ 	དག་པ 	-ར 	གྱུར་པ་ནི 	bstod tshogs ka_.txt	     དུ  བྱས་ཤིང  ཡོངས་སུ  དག་པ  -ར  གྱུར་པ་ནི 
 དུ  ཟད་དེ 						དུ 	ཟད་དེ 	།_ 	དེའི་ཕྱིར 	།_ 	འདི་ལ 	bstod tshogs ka_.txt	     དུ  ཟད་དེ  །_  དེའི་ཕྱིར  །_  འདི་ལ 
 དུ  བྱ་བ 						དུ 	བྱ་བ 	-འི་ཕྱིར 	།_ 	དངོས 	མིན 	bstod tshogs ka_.txt	     དུ  བྱ་བ  -འི་ཕྱིར  །_  དངོས  མིན 
 དུ ་གང 						དུ	་གང 	གྱུར་པ་དེ་ནི 	ནམ་མཁའ 	ལྟར 	རོ་གཅིག་ཅེས་བྱའོ 	bstod tshogs ka_.txt	     དུ ་གང  གྱུར་པ་དེ་ནི  ནམ་མཁའ  ལྟར  རོ་གཅིག་ཅེས་བྱའོ 
 དུ  སོང་བ 						དུ 	སོང་བ 	-ར 	གྱུར་པའོ 	།_། 	སྤྲོས་པ 	bstod tshogs ka_.txt	     དུ  སོང་བ  -ར  གྱུར་པའོ  །_།  སྤྲོས་པ 
 དུ  བྱ་བ 						དུ 	བྱ་བ 	གཞན་ཡང་སོ་སོ 	རང་རིག 	ཅེས་བྱ་བ་སྟེ 	།_ 	bstod tshogs ka_.txt	     དུ  བྱ་བ  གཞན་ཡང་སོ་སོ  རང་རིག  ཅེས་བྱ་བ་སྟེ  །_ 
 དུ ་ཡང 						དུ	་ཡང 	།_ 	མཚུངས་པ 	འགའ་ཡང 	ཡོད 	bstod tshogs ka_.txt	     དུ ་ཡང  །_  མཚུངས་པ  འགའ་ཡང  ཡོད 
 དུ  གྱུར་པའོ 						དུ 	གྱུར་པའོ 	།_། 	ལེགས 	མཛད་བརྒྱ་ཡི 	འབྲས་བུ་ཞེས 	bstod tshogs ka_.txt	     དུ  གྱུར་པའོ  །_།  ལེགས  མཛད་བརྒྱ་ཡི  འབྲས་བུ་ཞེས 
 དུ འོ 						དུ	འོ 	།_། 	སྣ 	ཚོགས་པ་ནི 	རྣམ་པ་དུ་མའོ 	bstod tshogs ka_.txt	     དུ འོ  །_།  སྣ  ཚོགས་པ་ནི  རྣམ་པ་དུ་མའོ 
བྱེ་བྲག  དུ ་མ 	-འི 	ཁྱད་པར་གྱི 	དབང་དུ 	མཛད་ནས 	བྱེ་བྲག 	དུ	་མ 	-ར 	འཆད་པ 	-ར 	མཛད་པའོ 	bstod tshogs ka_.txt	-འི  ཁྱད་པར་གྱི  དབང་དུ  མཛད་ནས  བྱེ་བྲག  དུ ་མ  -ར  འཆད་པ  -ར  མཛད་པའོ 
 དུ  འཕྲོ་བ 						དུ 	འཕྲོ་བ 	-ར 	མཛད་པ་པོ 	།_། 	ཞེས 	bstod tshogs ka_.txt	     དུ  འཕྲོ་བ  -ར  མཛད་པ་པོ  །_།  ཞེས 
 དུ  འཇུག་པ 						དུ 	འཇུག་པ 	-ས་ན 	རྒྱ་ཆེ་བའོ 	།_། 	དེ 	bstod tshogs ka_.txt	     དུ  འཇུག་པ  -ས་ན  རྒྱ་ཆེ་བའོ  །_།  དེ 
 དུ  བརྙེས་ཤིང 						དུ 	བརྙེས་ཤིང 	ཐུགས་སུ 	ཆུད་པའོ 	།_། 	ལོངས 	bstod tshogs ka_.txt	     དུ  བརྙེས་ཤིང  ཐུགས་སུ  ཆུད་པའོ  །_།  ལོངས 
 དུ ་གང 						དུ	་གང 	སྣང་ཞིང 	།_། 	ཞེས 	བྱ་བ་ལ 	bstod tshogs ka_.txt	     དུ ་གང  སྣང་ཞིང  །_།  ཞེས  བྱ་བ་ལ 
གང་གིས  དུ ས 	སྨིན་པ 	-འི 	དོན་དུའོ 	།_། 	གང་གིས 	དུ	ས 	ལ་ལ 	དག་ཏུ 	མེ་དང 	འདྲ་ཞིང 	bstod tshogs ka_.txt	སྨིན་པ  -འི  དོན་དུའོ  །_།  གང་གིས  དུ ས  ལ་ལ  དག་ཏུ  མེ་དང  འདྲ་ཞིང 
 དུ  ཀུན་ནས 						དུ 	ཀུན་ནས 	འབར་བ 	-ར 	སྣང་ཞིང 	འོད་དང 	bstod tshogs ka_.txt	     དུ  ཀུན་ནས  འབར་བ  -ར  སྣང་ཞིང  འོད་དང 
 དུ  སྣང 						དུ 	སྣང 	ཞེ་ན 	།_ 	སྨྲས་པ 	།_ 	bstod tshogs ka_.txt	     དུ  སྣང  ཞེ་ན  །_  སྨྲས་པ  །_ 
 དུ འོ 						དུ	འོ 	།_། 	ཆོས་ཀྱི 	འཁོར་ལོ་ནི་བཱ་རཱ་ཎ་སཱིར 	དྲང་སྲོང 	bstod tshogs ka_.txt	     དུ འོ  །_།  ཆོས་ཀྱི  འཁོར་ལོ་ནི་བཱ་རཱ་ཎ་སཱིར  དྲང་སྲོང 
 དུ  ཡོངས་སུ 						དུ 	ཡོངས་སུ 	མྱ་ངན་ལས 	འདས་པ 	ཆེན་པོ 	སྟོན་པའོ 	bstod tshogs ka_.txt	     དུ  ཡོངས་སུ  མྱ་ངན་ལས  འདས་པ  ཆེན་པོ  སྟོན་པའོ 
 དུ  སྟོན་པའོ 						དུ 	སྟོན་པའོ 	།_། 	བྱེ 	བྲག་ཇི 	ལྟ་བུ 	bstod tshogs ka_.txt	     དུ  སྟོན་པའོ  །_།  བྱེ  བྲག་ཇི  ལྟ་བུ 
 དུ ་མ 	ཞེ་ན 	།_ 	རྣམ་པ 			དུ	་མ 	-ར 	འཇུག་ཅིང་ཞེས་པ་སྟེ 	།_ 	གདུལ 	bstod tshogs ka_.txt	ཞེ་ན  །_  རྣམ་པ    དུ ་མ  -ར  འཇུག་ཅིང་ཞེས་པ་སྟེ  །_  གདུལ 
 དུ ་མ 	བྱ 	སྣ་ཚོགས་པ 	རྣམ་པ 			དུ	་མ 	-འི 	རྗེས་སུ 	འཇུག་པ 	-ར 	bstod tshogs ka_.txt	བྱ  སྣ་ཚོགས་པ  རྣམ་པ    དུ ་མ  -འི  རྗེས་སུ  འཇུག་པ  -ར 
 དུ  མཛད་པ་ནི 						དུ 	མཛད་པ་ནི 	འཇིགས་པ 	སེལ་བའོ 	།_། 	གཞན་ཡང 	bstod tshogs ka_.txt	     དུ  མཛད་པ་ནི  འཇིགས་པ  སེལ་བའོ  །_།  གཞན་ཡང 
 དུ  བྱ་བ 						དུ 	བྱ་བ 	-འི 	ཕྱིར 	ཕྱོགས 	བཅུར 	bstod tshogs ka_.txt	     དུ  བྱ་བ  -འི  ཕྱིར  ཕྱོགས  བཅུར 
 དུ  སྟོན་པ 						དུ 	སྟོན་པ 	-ར 	འགྱུར་ཏེ 	།_ 	གང་གིས 	bstod tshogs ka_.txt	     དུ  སྟོན་པ  -ར  འགྱུར་ཏེ  །_  གང་གིས 
 དུ  མངོན་པ 						དུ 	མངོན་པ 	-ར 	བྱང་ཆུབ་པ 	རྣམ་པ 	ལྔ 	bstod tshogs ka_.txt	     དུ  མངོན་པ  -ར  བྱང་ཆུབ་པ  རྣམ་པ  ལྔ 
 དུ  རྡོ་རྗེ 						དུ 	རྡོ་རྗེ 	ནོར་བུ 	རིན་པོ་ཆེ 	-འི 	གཞལ་ཡས་ཁང་གི 	bstod tshogs ka_.txt	     དུ  རྡོ་རྗེ  ནོར་བུ  རིན་པོ་ཆེ  -འི  གཞལ་ཡས་ཁང་གི 
 དུ ད 						དུ	ད 	བཏུལ་བ་དང 	།_ 	མངོན 	པར་བྱང 	bstod tshogs ka_.txt	     དུ ད  བཏུལ་བ་དང  །_  མངོན  པར་བྱང 
 དུ  ཡོངས་སུ 						དུ 	ཡོངས་སུ 	མྱ་ངན་ལས 	འདས་པ 	ཆེན་པོ 	-འི 	bstod tshogs ka_.txt	     དུ  ཡོངས་སུ  མྱ་ངན་ལས  འདས་པ  ཆེན་པོ  -འི 
 དུ  མཛད་ཅིང་ཞེས 						དུ 	མཛད་ཅིང་ཞེས 	བྱ་བ་ལ 	སོགས་པ 	སྨོས་ཏེ 	།_ 	bstod tshogs ka_.txt	     དུ  མཛད་ཅིང་ཞེས  བྱ་བ་ལ  སོགས་པ  སྨོས་ཏེ  །_ 
 དུ  མཛད་པ 						དུ 	མཛད་པ 	གང་ཡིན་པ་དེ་ནི 	སེམས་ཅན་གྱི 	དོན 	གཅིག 	bstod tshogs ka_.txt	     དུ  མཛད་པ  གང་ཡིན་པ་དེ་ནི  སེམས་ཅན་གྱི  དོན  གཅིག 
 དུ  མཛད་པ་སྟེ 						དུ 	མཛད་པ་སྟེ 	།_ 	དེ 	ལྟ་བུ 	-འི 	bstod tshogs ka_.txt	     དུ  མཛད་པ་སྟེ  །_  དེ  ལྟ་བུ  -འི 
 དུ ད་ཅིང 						དུ	ད་ཅིང 	ཕྱག 	བྱས་པ་ལས་སོ 	།_། 	བདག་གིས 	bstod tshogs ka_.txt	     དུ ད་ཅིང  ཕྱག  བྱས་པ་ལས་སོ  །_།  བདག་གིས 
 དུ  བསྒྱུར་ཅིང 						དུ 	བསྒྱུར་ཅིང 	ཞུས་པ 	ལགས་སོ 	།།_༄༅།_། 	སེམས 	bstod tshogs ka_.txt	     དུ  བསྒྱུར་ཅིང  ཞུས་པ  ལགས་སོ  །།_༄༅།_།  སེམས 
 དུ  །_ 						དུ 	།_ 	སཏྭ་ཨཱ 	ར་དཱ་ན་སྟ་བཾ 	།_ 	བོད 	bstod tshogs ka_.txt	     དུ  །_  སཏྭ་ཨཱ  ར་དཱ་ན་སྟ་བཾ  །_  བོད 
 དུ  །_ 						དུ 	།_ 	སེམས 	ཅན 	མགུ་བ 	-ར 	bstod tshogs ka_.txt	     དུ  །_  སེམས  ཅན  མགུ་བ  -ར 
 དུ  ང་ཡིས 						དུ 	ང་ཡིས 	སྐུ 	འདི 	ཡང་དག་བཟུང 	།_། 	bstod tshogs ka_.txt	     དུ  ང་ཡིས  སྐུ  འདི  ཡང་དག་བཟུང  །_། 
 དུ  བྱས་ནས 						དུ 	བྱས་ནས 	ང་ཡིས 	ཡོངས 	བཏང་བ 	།_། 	bstod tshogs ka_.txt	     དུ  བྱས་ནས  ང་ཡིས  ཡོངས  བཏང་བ  །_། 
 དུ ད་ཀྱི 						དུ	ད་ཀྱི 	སྟོབས་ཀྱང་བཅོམ 	།_། 	སེམས 	ཅན 	bstod tshogs ka_.txt	     དུ ད་ཀྱི  སྟོབས་ཀྱང་བཅོམ  །_།  སེམས  ཅན 
 དུ  སྙིང་རྗེ་དེ་ལ 						དུ 	སྙིང་རྗེ་དེ་ལ 	འབད་པ 	-འི་ཡིད་ཀྱིས 	བཟོད་པ 	ཡུན 	bstod tshogs ka_.txt	     དུ  སྙིང་རྗེ་དེ་ལ  འབད་པ  -འི་ཡིད་ཀྱིས  བཟོད་པ  ཡུན 
ཉིད  དུ ་མ 	སོགས 	འགྲོ་བ 	སེམས་ཅན 	རྣམས 	ཉིད 	དུ	་མ 	ང་ཡིས 	སྦྱིན་པ་བྱས 	།_། 	སེམས 	bstod tshogs ka_.txt	སོགས  འགྲོ་བ  སེམས་ཅན  རྣམས  ཉིད  དུ ་མ  ང་ཡིས  སྦྱིན་པ་བྱས  །_།  སེམས 
 དུ ་ཡང 						དུ	་ཡང 	ཉེ་བ 	-ར 	གྱུར་པ 	-ས 	bstod tshogs ka_.txt	     དུ ་ཡང  ཉེ་བ  -ར  གྱུར་པ  -ས 
 དུ  དོན 						དུ 	དོན 	འདི་བསྒྲུབས 	།_། 	གལ་ཏེ 	སེམས་ཅན 	bstod tshogs ka_.txt	     དུ  དོན  འདི་བསྒྲུབས  །_།  གལ་ཏེ  སེམས་ཅན 
 དུ  ཉེ་བ 						དུ 	ཉེ་བ 	-ར་བསྒྲུབས 	།_། 	ཇི 	སྲིད 	bstod tshogs ka_.txt	     དུ  ཉེ་བ  -ར་བསྒྲུབས  །_།  ཇི  སྲིད 
 དུ  །_ 						དུ 	།_ 	པྲ་ཛྙཱ་པཱ 	ར 	མི 	ཏ་སྟོ་ཏྲཾ 	bstod tshogs ka_.txt	     དུ  །_  པྲ་ཛྙཱ་པཱ  ར  མི  ཏ་སྟོ་ཏྲཾ 
 དུ  །_ 						དུ 	།_ 	ཤེས 	རབ་ཀྱི 	ཕ་རོལ་ཏུ 	ཕྱིན 	bstod tshogs ka_.txt	     དུ  །_  ཤེས  རབ་ཀྱི  ཕ་རོལ་ཏུ  ཕྱིན 
 དུ ད 						དུ	ད 	།_། 	ནམ 	མཁའ 	བཞིན་དུ 	bstod tshogs ka_.txt	     དུ ད  །_།  ནམ  མཁའ  བཞིན་དུ 
 དུ  དགེ་མ་ཁྱོད 						དུ 	དགེ་མ་ཁྱོད 	།_། 	སེམས 	ཅན 	ཀུན་གྱི 	bstod tshogs ka_.txt	     དུ  དགེ་མ་ཁྱོད  །_།  སེམས  ཅན  ཀུན་གྱི 
།_།  དུ ས 	།_། 	ཀུན་གྱིས 	མ་སྨད་པ 	ཁྱོད་ཀྱི 	།_། 	དུ	ས 	ཀུན 	རྗེས་སུ 	འབྲང 	ལགས་པ 	bstod tshogs ka_.txt	།_།  ཀུན་གྱིས  མ་སྨད་པ  ཁྱོད་ཀྱི  །_།  དུ ས  ཀུན  རྗེས་སུ  འབྲང  ལགས་པ 
 དུ ལ 						དུ	ལ 	བྱ 	-འི 	འགྲོ་བ་ལ 	བརྟེན་ནས 	bstod tshogs ka_.txt	     དུ ལ  བྱ  -འི  འགྲོ་བ་ལ  བརྟེན་ནས 
 དུ  །_། 						དུ 	།_། 	སྣ 	ཚོགས 	མཚན་གྱིས 	བསྔགས་པ་མཛད 	bstod tshogs ka_.txt	     དུ  །_།  སྣ  ཚོགས  མཚན་གྱིས  བསྔགས་པ་མཛད 
 དུ ་ཡང་ནི 						དུ	་ཡང་ནི 	མི 	གཤེགས་པས 	།_། 	གནས་ནི 	bstod tshogs ka_.txt	     དུ ་ཡང་ནི  མི  གཤེགས་པས  །_།  གནས་ནི 
 དུ  །_། 						དུ 	།_། 	ཐ 	སྙད 	མདུན་དུ 	མཛད་ནས་ནི 	bstod tshogs ka_.txt	     དུ  །_།  ཐ  སྙད  མདུན་དུ  མཛད་ནས་ནི 
 དུ  །_ 						དུ 	།_ 	ཨ་ཙིནྟ་སྟ་བཾ 	།_ 	བོད 	སྐད་དུ 	bstod tshogs ka_.txt	     དུ  །_  ཨ་ཙིནྟ་སྟ་བཾ  །_  བོད  སྐད་དུ 
 དུ ་གསུངས 						དུ	་གསུངས 	།_། 	ཡེ 	ཤེས 	མཉམ་མེད 	bstod tshogs ka_.txt	     དུ ་གསུངས  །_།  ཡེ  ཤེས  མཉམ་མེད 
 དུ  འབྱུང་བ་ལྟར 						དུ 	འབྱུང་བ་ལྟར 	།_། 	སྒྱུ 	མ 	སྨིག 	bstod tshogs ka_.txt	     དུ  འབྱུང་བ་ལྟར  །_།  སྒྱུ  མ  སྨིག 
 དུ ་ཡང 						དུ	་ཡང 	_།_། 	དེ་བཞིན 	སྲིད་པ 	ཀུན་དུ 	bstod tshogs ka_.txt	     དུ ་ཡང  _།_།  དེ་བཞིན  སྲིད་པ  ཀུན་དུ 
 དུ ་བཞེད 						དུ	་བཞེད 	།_། 	དེ 	བཞིན 	རྐྱེན་ལས 	bstod tshogs ka_.txt	     དུ ་བཞེད  །_།  དེ  བཞིན  རྐྱེན་ལས 
 དུ  འབྱུང 						དུ 	འབྱུང 	_།_། 	རང་བཞིན 	དངོས་པོ 	མེད 	bstod tshogs ka_.txt	     དུ  འབྱུང  _།_།  རང་བཞིན  དངོས་པོ  མེད 
 དུ ་གྲུབ 						དུ	་གྲུབ 	།_། 	ཕ 	རོལ 	ཚུ་རོལ 	bstod tshogs ka_.txt	     དུ ་གྲུབ  །_།  ཕ  རོལ  ཚུ་རོལ 
 དུ ་གསུངས 						དུ	་གསུངས 	།_། 	གང 	ཚེ་ཅི 	ལ 	bstod tshogs ka_.txt	     དུ ་གསུངས  །_།  གང  ཚེ་ཅི  ལ 
 དུ  །_། 						དུ 	།_། 	དངོས་པོ 	ཐམས་ཅད 	འབྱུང་བ་བཞིན 	།_། 	bstod tshogs ka_.txt	     དུ  །_།  དངོས་པོ  ཐམས་ཅད  འབྱུང་བ་བཞིན  །_། 
 དུ ་གཟོད་ནས 						དུ	་གཟོད་ནས 	ཞི་བ་ཉིད 	།_། 	སྐྱེས་པ 	ཉིད 	bstod tshogs ka_.txt	     དུ ་གཟོད་ནས  ཞི་བ་ཉིད  །_།  སྐྱེས་པ  ཉིད 
 དུ  །_། 						དུ 	།_། 	བྱས་པ 	ཐམས་ཅད 	དངོས 	སྟོང་གཞན 	bstod tshogs ka_.txt	     དུ  །_།  བྱས་པ  ཐམས་ཅད  དངོས  སྟོང་གཞན 
 དུ  འགྱུར་བ་ལགས 						དུ 	འགྱུར་བ་ལགས 	།_། 	ཡང་ན་དེ་ཡི 	བྱ་བ་བྱེད 	།_། 	bstod tshogs ka_.txt	     དུ  འགྱུར་བ་ལགས  །_།  ཡང་ན་དེ་ཡི  བྱ་བ་བྱེད  །_། 
མིན  དུ ་མ 	ལགས་དང 	_།_། 	གང་ཡང 	གཅིག 	མིན 	དུ	་མ 	-འང་མིན 	།_། 	གཉིས 	ཀ 	bstod tshogs ka_.txt	ལགས་དང  _།_།  གང་ཡང  གཅིག  མིན  དུ ་མ  -འང་མིན  །_།  གཉིས  ཀ 
 དུ  ཐ 						དུ 	ཐ 	མི་དད 	།_། 	བདག 	ཉིད་དང་ནི 	bstod tshogs ka_.txt	     དུ  ཐ  མི་དད  །_།  བདག  ཉིད་དང་ནི 
 དུ  །_། 						དུ 	།_། 	འཇིག 	རྟེན་གསུམ་པོ 	སྦྱིན་སྲེག་མཛད 	།_། 	bstod tshogs ka_.txt	     དུ  །_།  འཇིག  རྟེན་གསུམ་པོ  སྦྱིན་སྲེག་མཛད  །_། 
ཆོས་ཀྱི  དུ ང་ནི 	ཉིད 	མེད 	སྒྲ་བོ་ཆེའི 	།_། 	ཆོས་ཀྱི 	དུ	ང་ནི 	བུས་པ་ལགས 	།_། 	སངས 	རྒྱས 	bstod tshogs ka_.txt	ཉིད  མེད  སྒྲ་བོ་ཆེའི  །_།  ཆོས་ཀྱི  དུ ང་ནི  བུས་པ་ལགས  །_།  སངས  རྒྱས 
 དུ ད་རྩི་ཡི 						དུ	ད་རྩི་ཡི 	།_། 	ཆོས་ཀྱི 	རྫས་ནི 	གསུངས་པ་ལགས 	bstod tshogs ka_.txt	     དུ ད་རྩི་ཡི  །_།  ཆོས་ཀྱི  རྫས་ནི  གསུངས་པ་ལགས 
 དུ  །_ 						དུ 	།_ 	རུ 	ཏ 	སྟི་སྟ་བཾ 	།_ 	bstod tshogs ka_.txt	     དུ  །_  རུ  ཏ  སྟི་སྟ་བཾ  །_ 
 དུ  །_ 						དུ 	།_ 	བསྟོད་པ་ལས 	འདས་པ 	-ར 	བསྟོད་པ 	bstod tshogs ka_.txt	     དུ  །_  བསྟོད་པ་ལས  འདས་པ  -ར  བསྟོད་པ 
 དུ ་ཡང་ནི 						དུ	་ཡང་ནི 	མཆིས 	མ་ལགས 	།_། 	དངོས་པོ 	bstod tshogs ka_.txt	     དུ ་ཡང་ནི  མཆིས  མ་ལགས  །_།  དངོས་པོ 
 དུ ས 						དུ	ས 	བྱས 	མཚན་ཉིད 	མཆིས་པ 	-ར་འགྱུར 	bstod tshogs ka_.txt	     དུ ས  བྱས  མཚན་ཉིད  མཆིས་པ  -ར་འགྱུར 
 དུ ས 						དུ	ས 	བྱས་ལས་ལ 	ནུས 	མ་ལགས 	།_། 	bstod tshogs ka_.txt	     དུ ས  བྱས་ལས་ལ  ནུས  མ་ལགས  །_། 
 དུ ས་པ་རྣམས 						དུ	ས་པ་རྣམས 	།_། 	ཕྲད 	པར་ཡང་ནི 	མཆིས 	bstod tshogs ka_.txt	     དུ ས་པ་རྣམས  །_།  ཕྲད  པར་ཡང་ནི  མཆིས 
 དུ ས 						དུ	ས 	བྱས 	གྲུབ་པ 	མ 	ལགས་ན 	bstod tshogs ka_.txt	     དུ ས  བྱས  གྲུབ་པ  མ  ལགས་ན 
 དུ ས 						དུ	ས 	མ 	བྱས 	ལྟ 	ག་ལ་གྲུབ 	bstod tshogs ka_.txt	     དུ ས  མ  བྱས  ལྟ  ག་ལ་གྲུབ 
 དུ  །_། 						དུ 	།_། 	ཁྱོད 	ཉིད 	གསུངས་ན 	སེང་གེ་ཡིས 	bstod tshogs ka_.txt	     དུ  །_།  ཁྱོད  ཉིད  གསུངས་ན  སེང་གེ་ཡིས 
 དུ  འབྱུང་བ 						དུ 	འབྱུང་བ 	-ར་འགྱུར 	།_། 	དེ 	ལྟར 	bstod tshogs ka_.txt	     དུ  འབྱུང་བ  -ར་འགྱུར  །_།  དེ  ལྟར 
 དུ  །_ 						དུ 	།_ 	ནི་རུཏྟ་སྟ་བཾ 	།_ 	བོད 	སྐད་དུ 	bstod tshogs ka_.txt	     དུ  །_  ནི་རུཏྟ་སྟ་བཾ  །_  བོད  སྐད་དུ 
 དུ  །_ 						དུ 	།_ 	ཨཱརྱ་བྷཊྭཱ 	ར 	ཀ་མཉྫུ་ཤྲཱི་པ 	ར་མ་ཨརྠ 	bstod tshogs ka_.txt	     དུ  །_  ཨཱརྱ་བྷཊྭཱ  ར  ཀ་མཉྫུ་ཤྲཱི་པ  ར་མ་ཨརྠ 
 དུ  །_ 						དུ 	།_ 	འཕགས་པ 	རྗེ་བཙུན 	འཇམ་དཔལ་གྱི 	དོན་དམ་པ 	bstod tshogs ka_.txt	     དུ  །_  འཕགས་པ  རྗེ་བཙུན  འཇམ་དཔལ་གྱི  དོན་དམ་པ 
 དུ  །_། 						དུ 	།_། 	བདག་གིས 	གུས་པ 	-ས 	བླ་མ་བསྟོད 	bstod tshogs ka_.txt	     དུ  །_།  བདག་གིས  གུས་པ  -ས  བླ་མ་བསྟོད 
 དུ  ཁྱོད་ལ 						དུ 	ཁྱོད་ལ 	ཇི་ལྟར་བསྟོད 	།_། 	ཆོས 	རྣམས 	bstod tshogs ka_.txt	     དུ  ཁྱོད་ལ  ཇི་ལྟར་བསྟོད  །_།  ཆོས  རྣམས 
 དུ  །_ 						དུ 	།_ 	ཨཱརྱ་མཉྫུ་ཤྲཱི་བྷཊྚཱ 	ར 	ཀ་ཀཱ་རུ་ཎ་སྟོ་ཏྲ 	།_ 	bstod tshogs ka_.txt	     དུ  །_  ཨཱརྱ་མཉྫུ་ཤྲཱི་བྷཊྚཱ  ར  ཀ་ཀཱ་རུ་ཎ་སྟོ་ཏྲ  །_ 
 དུ  །_ 						དུ 	།_ 	རྗེ་བཙུན 	འཕགས་པ 	འཇམ་དཔལ་གྱི 	སྙིང་རྗེ་ལ 	bstod tshogs ka_.txt	     དུ  །_  རྗེ་བཙུན  འཕགས་པ  འཇམ་དཔལ་གྱི  སྙིང་རྗེ་ལ 
 དུ  ཐམས་ཅད 						དུ 	ཐམས་ཅད 	གསོལ 	གྲག་ན 	།_། 	བདག་ལ 	bstod tshogs ka_.txt	     དུ  ཐམས་ཅད  གསོལ  གྲག་ན  །_།  བདག་ལ 
 དུ  ཞེན་ན་ཡང 						དུ 	ཞེན་ན་ཡང 	།_། 	ཕོངས་པ 	-ས 	གདུངས་པ 	bstod tshogs ka_.txt	     དུ  ཞེན་ན་ཡང  །_།  ཕོངས་པ  -ས  གདུངས་པ 
 དུ  ཅི་ཕྱིར་འགྱུར 						དུ 	ཅི་ཕྱིར་འགྱུར 	།_། 	ཐུགས 	རྗེ 	-འི 	bstod tshogs ka_.txt	     དུ  ཅི་ཕྱིར་འགྱུར  །_།  ཐུགས  རྗེ  -འི 
 དུ  རྟག 						དུ 	རྟག 	རྐྱོང་ཡང 	།_། 	སྐལ 	ཉེས་པ་ཡི 	bstod tshogs ka_.txt	     དུ  རྟག  རྐྱོང་ཡང  །_།  སྐལ  ཉེས་པ་ཡི 
 དུ ་ནི 						དུ	་ནི 	མི 	སྣང 	ཉིད་དུ་འགྱུར 	།_། 	bstod tshogs ka_.txt	     དུ ་ནི  མི  སྣང  ཉིད་དུ་འགྱུར  །_། 
 དུ  ཐུགས་རྗེ 						དུ 	ཐུགས་རྗེ 	-ས 	དྲངས 	ཁྱེད་ཀྱིས 	།_། 	bstod tshogs ka_.txt	     དུ  ཐུགས་རྗེ  -ས  དྲངས  ཁྱེད་ཀྱིས  །_། 
 དུ  ཕུན་ཚོགས 						དུ 	ཕུན་ཚོགས 	རྒྱ་ཆེན 	སྦྱིན 	བྱ་ཞེས 	།_། 	bstod tshogs ka_.txt	     དུ  ཕུན་ཚོགས  རྒྱ་ཆེན  སྦྱིན  བྱ་ཞེས  །_། 
 དུ  ཕྱི་བཤོལ 						དུ 	ཕྱི་བཤོལ 	ཅི་ཕྱིར་མཛད 	།_། 	དེ 	ལྟར 	bstod tshogs ka_.txt	     དུ  ཕྱི་བཤོལ  ཅི་ཕྱིར་མཛད  །_།  དེ  ལྟར 
 དུ  བདག་པོ 						དུ 	བདག་པོ 	ཉིད 	གྱུར་ཅིག 	_། 	རྗེ་བཙུན 	bstod tshogs ka_.txt	     དུ  བདག་པོ  ཉིད  གྱུར་ཅིག  _།  རྗེ་བཙུན 
 དུ  །_ 						དུ 	།_ 	ཨཥྚ 	མ་ཧཱ་སྠཱ་ན་ཙཻ་ཏྱ་སྟོ་ཏྲ 	།_ 	བོད 	bstod tshogs ka_.txt	     དུ  །_  ཨཥྚ  མ་ཧཱ་སྠཱ་ན་ཙཻ་ཏྱ་སྟོ་ཏྲ  །_  བོད 
 དུ  །_ 						དུ 	།_ 	གནས 	ཆེན་པོ 	བརྒྱད་ཀྱི 	མཆོད་རྟེན་ལ 	bstod tshogs ka_.txt	     དུ  །_  གནས  ཆེན་པོ  བརྒྱད་ཀྱི  མཆོད་རྟེན་ལ 
 དུ  །_། 						དུ 	།_། 	ཆུ་བོ་ནཻ་རཉྫ་ན་ཞེས 	བྱ་བའི 	།_། 	འགྲམ 	bstod tshogs ka_.txt	     དུ  །_།  ཆུ་བོ་ནཻ་རཉྫ་ན་ཞེས  བྱ་བའི  །_།  འགྲམ 
 དུ  གྱུར་ལ 						དུ 	གྱུར་ལ 	ཕྱག 	འཚལ་ལོ 	།_། 	ཀ 	bstod tshogs ka_.txt	     དུ  གྱུར་ལ  ཕྱག  འཚལ་ལོ  །_།  ཀ 
མཉན  དུ ་ཡོད 	བཞི་ལ 	ཕྱག 	འཚལ་ལོ 	།_། 	མཉན 	དུ	་ཡོད 	པར 	གཞན 	སྟོབས 	ཚར 	bstod tshogs ka_.txt	བཞི་ལ  ཕྱག  འཚལ་ལོ  །_།  མཉན  དུ ་ཡོད  པར  གཞན  སྟོབས  ཚར 
 དུ  ཆོ་འཕྲུལ 						དུ 	ཆོ་འཕྲུལ 	ཆེན་པོ 	བསྟན 	།_།_ 	-ས་གསུམ 	bstod tshogs ka_.txt	     དུ  ཆོ་འཕྲུལ  ཆེན་པོ  བསྟན  །_།_  -ས་གསུམ 
 དུ  །_། 						དུ 	།_། 	ལྷ 	རྣམས 	གནས 	གཤེགས 	bstod tshogs ka_.txt	     དུ  །_།  ལྷ  རྣམས  གནས  གཤེགས 
 དུ ན 						དུ	ན 	དབྱེན་དུ 	སྔར 	གྱུར་ལས 	།_། 	bstod tshogs ka_.txt	     དུ ན  དབྱེན་དུ  སྔར  གྱུར་ལས  །_། 
 དུ ་བྱེད 						དུ	་བྱེད 	བཏང་བ་ལས 	།_། 	སླར་ཡང 	སྐུ་ཚེ 	bstod tshogs ka_.txt	     དུ ་བྱེད  བཏང་བ་ལས  །_།  སླར་ཡང  སྐུ་ཚེ 
གྲོང  དུ ་འགྲོ་བ་རྣམས 	།_། 	ཀུ 	ཤ 	-འི 	གྲོང 	དུ	་འགྲོ་བ་རྣམས 	།_། 	དགེ་བ་ལ་ནི 	སྦྱོར 	མཛད་ཅིང 	bstod tshogs ka_.txt	།_།  ཀུ  ཤ  -འི  གྲོང  དུ ་འགྲོ་བ་རྣམས  །_།  དགེ་བ་ལ་ནི  སྦྱོར  མཛད་ཅིང 
 དུ ད 						དུ	ད 	།_། 	ཞི་ལ 	རྟག་ཏུ 	སྤྱི 	bstod tshogs ka_.txt	     དུ ད  །_།  ཞི་ལ  རྟག་ཏུ  སྤྱི 
 དུ  །_ 						དུ 	།_ 	ཨཥྚ 	མ་ཧཱ་སྠཱ་ན་ཙཻ་ཏྱ་སྟོ་ཏྲ 	།_ 	བོད 	bstod tshogs ka_.txt	     དུ  །_  ཨཥྚ  མ་ཧཱ་སྠཱ་ན་ཙཻ་ཏྱ་སྟོ་ཏྲ  །_  བོད 
 དུ  །_ 						དུ 	།_ 	གནས 	ཆེན་པོ 	བརྒྱད་ཀྱི 	མཆོད་རྟེན་ལ 	bstod tshogs ka_.txt	     དུ  །_  གནས  ཆེན་པོ  བརྒྱད་ཀྱི  མཆོད་རྟེན་ལ 
 དུ  ཚོགས 						དུ 	ཚོགས 	བསགས་ཏེ 	།_། 	བྱང 	ཆུབ 	bstod tshogs ka_.txt	     དུ  ཚོགས  བསགས་ཏེ  །_།  བྱང  ཆུབ 
 དུ ད་ནི་བཏུལ 						དུ	ད་ནི་བཏུལ 	།_། 	བྱང 	ཆུབ 	ཆེན་པོ 	bstod tshogs ka_.txt	     དུ ད་ནི་བཏུལ  །_།  བྱང  ཆུབ  ཆེན་པོ 
 དུ  །_། 						དུ 	།_། 	སྒྱུ 	མ 	-འི 	ཡུམ་ལས 	bstod tshogs ka_.txt	     དུ  །_།  སྒྱུ  མ  -འི  ཡུམ་ལས 
 དུ ལ 						དུ	ལ 	མཛད 	མཆོད་རྟེན 	ཕྱག 	འཚལ་ལོ 	bstod tshogs ka_.txt	     དུ ལ  མཛད  མཆོད་རྟེན  ཕྱག  འཚལ་ལོ 
-ར  དུ ས་བྱ 	སྦྲང་རྩི 	ཕུལ་ནས་ཀྱང 	_།_། 	ཁྲོན་པ 	-ར 	དུ	ས་བྱ 	-ས 	སུམ 	ཅུ 	རྩ་གསུམ་སྐྱེས 	bstod tshogs ka_.txt	སྦྲང་རྩི  ཕུལ་ནས་ཀྱང  _།_།  ཁྲོན་པ  -ར  དུ ས་བྱ  -ས  སུམ  ཅུ  རྩ་གསུམ་སྐྱེས 
 དུ ལ་བ 						དུ	ལ་བ 	-འི 	དགོངས་པ་དང 	_།_། 	ལྷ་ལས 	bstod tshogs ka_.txt	     དུ ལ་བ  -འི  དགོངས་པ་དང  _།_།  ལྷ་ལས 
 དུ  །_ 						དུ 	།_ 	དྭཱི 	ད 	ཤ་ཀཱ 	ར 	bstod tshogs ka_.txt	     དུ  །_  དྭཱི  ད  ཤ་ཀཱ  ར 
 དུ  །_ 						དུ 	།_ 	མཛད་པ 	བཅུ་གཉིས་ཀྱི 	ཚུལ་ལ 	བསྟོད་པ 	bstod tshogs ka_.txt	     དུ  །_  མཛད་པ  བཅུ་གཉིས་ཀྱི  ཚུལ་ལ  བསྟོད་པ 
།_།  དུ ས 	ཡེ་ཤེས 	ཚོགས་གཉིས 	རྫོགས 	མཛད་ཅིང 	།_། 	དུ	ས 	འདི 	-ར 	མཛད་པ 	རྒྱ་ཆེན 	bstod tshogs ka_.txt	ཡེ་ཤེས  ཚོགས་གཉིས  རྫོགས  མཛད་ཅིང  །_།  དུ ས  འདི  -ར  མཛད་པ  རྒྱ་ཆེན 
-འི  དུ ས་མཁྱེན་ནས 	རྣམས 	འདུལ 	མཛད 	འདུལ་བ 	-འི 	དུ	ས་མཁྱེན་ནས 	།_། 	ལྷ་ལས 	བབས་ནས 	གླང་ཆེན 	bstod tshogs ka_.txt	རྣམས  འདུལ  མཛད  འདུལ་བ  -འི  དུ ས་མཁྱེན་ནས  །_།  ལྷ་ལས  བབས་ནས  གླང་ཆེན 
 དུ  བལྟམས་པ 						དུ 	བལྟམས་པ 	-འི་ཚེ 	།_། 	ཚངས་དང 	བརྒྱ་བྱིན་གྱིས 	bstod tshogs ka_.txt	     དུ  བལྟམས་པ  -འི་ཚེ  །_།  ཚངས་དང  བརྒྱ་བྱིན་གྱིས 
 དུ  ཉིད་ལ་ཉིད 						དུ 	ཉིད་ལ་ཉིད 	།_། 	རབ་ཏུ 	བྱུང་བ 	-ར 	bstod tshogs ka_.txt	     དུ  ཉིད་ལ་ཉིད  །_།  རབ་ཏུ  བྱུང་བ  -ར 
 དུ ་ལོ་དྲུག་ཏུ 						དུ	་ལོ་དྲུག་ཏུ 	།_། 	དཀའ་བ 	སྤྱད 	མཛད 	bstod tshogs ka_.txt	     དུ ་ལོ་དྲུག་ཏུ  །_།  དཀའ་བ  སྤྱད  མཛད 
 དུ  །_། 						དུ 	།_། 	སྐྱིལ་ཀྲུང 	མི 	གཡོ 	མངོན་པ 	bstod tshogs ka_.txt	     དུ  །_།  སྐྱིལ་ཀྲུང  མི  གཡོ  མངོན་པ 
 དུ  གཟིགས་ནས་ནི 						དུ 	གཟིགས་ནས་ནི 	།_། 	བཱ་རཱ་ཎ་སཱི་ལ 	སོགས 	གནས་མཆོག་ཏུ 	bstod tshogs ka_.txt	     དུ  གཟིགས་ནས་ནི  །_།  བཱ་རཱ་ཎ་སཱི་ལ  སོགས  གནས་མཆོག་ཏུ 
 དུ ལ་བྱ་རྣམས 						དུ	ལ་བྱ་རྣམས 	།_། 	ཐེག་པ་གསུམ་ལ 	འགོད 	མཛད 	bstod tshogs ka_.txt	     དུ ལ་བྱ་རྣམས  །_།  ཐེག་པ་གསུམ་ལ  འགོད  མཛད 
 དུ  བདུད 						དུ 	བདུད 	རྣམས་བཏུལ 	།_། 	ཐུབ་པ 	གཡུལ་ལས 	bstod tshogs ka_.txt	     དུ  བདུད  རྣམས་བཏུལ  །_།  ཐུབ་པ  གཡུལ་ལས 
མཉན  དུ ་ཡོད 	སྲིད་པ་གསུམ་ན 	དཔེ་མེད 	ཡོན་ཏན་གྱིས 	།_། 	མཉན 	དུ	་ཡོད 	པར 	ཆོ་འཕྲུལ 	ཆེན་པོ་བསྟན 	།_། 	bstod tshogs ka_.txt	སྲིད་པ་གསུམ་ན  དཔེ་མེད  ཡོན་ཏན་གྱིས  །_།  མཉན  དུ ་ཡོད  པར  ཆོ་འཕྲུལ  ཆེན་པོ་བསྟན  །_། 
 དུ  བསྐུལ 						དུ 	བསྐུལ 	བྱ 	-འི་ཕྱིར 	།_། 	རྩྭ 	bstod tshogs ka_.txt	     དུ  བསྐུལ  བྱ  -འི་ཕྱིར  །_།  རྩྭ 
 དུ  འཇིག་པ 						དུ 	འཇིག་པ 	མེད 	ཕྱིར་དང 	།_། 	མ 	bstod tshogs ka_.txt	     དུ  འཇིག་པ  མེད  ཕྱིར་དང  །_།  མ 
 དུ ་ནི 						དུ	་ནི 	རིང་བསྲེལ་མང 	སྤྲུལ་ནས 	།_། 	ཆ 	bstod tshogs ka_.txt	     དུ ་ནི  རིང་བསྲེལ་མང  སྤྲུལ་ནས  །_།  ཆ 
 དུ ང 						དུ	ང 	མཛད་ལ 	ཕྱག 	འཚལ་ལོ 	།_། 	bstod tshogs ka_.txt	     དུ ང  མཛད་ལ  ཕྱག  འཚལ་ལོ  །_། 
 དུ  །_ 						དུ 	།_ 	བན 	ད་ན་སྟོ་ཏྲ་ནཱ་མ 	།_ 	བོད 	bstod tshogs ka_.txt	     དུ  །_  བན  ད་ན་སྟོ་ཏྲ་ནཱ་མ  །_  བོད 
 དུ  །_ 						དུ 	།_ 	ཕྱག 	འཚལ་བ 	-འི 	བསྟོད་པ་ཞེས 	bstod tshogs ka_.txt	     དུ  །_  ཕྱག  འཚལ་བ  -འི  བསྟོད་པ་ཞེས 
 དུ ད 						དུ	ད 	སྟོབས 	ཕམ 	མཛད 	བདག 	bstod tshogs ka_.txt	     དུ ད  སྟོབས  ཕམ  མཛད  བདག 
 དུ ང་ནི 						དུ	ང་ནི 	ཉི་མ 	-འི 	རིགས་སུ་གྲགས 	།_། 	bstod tshogs ka_.txt	     དུ ང་ནི  ཉི་མ  -འི  རིགས་སུ་གྲགས  །_། 
བསོད་དང  དུ ལ་བ 	ལྡན 	མཆོག་ནི 	འབར་བ་ཡི 	།_། 	བསོད་དང 	དུ	ལ་བ 	-ར 	ཡང་དག་ལྡན 	།_། 	ཐུབ་པ 	bstod tshogs ka_.txt	ལྡན  མཆོག་ནི  འབར་བ་ཡི  །_།  བསོད་དང  དུ ལ་བ  -ར  ཡང་དག་ལྡན  །_།  ཐུབ་པ 
 དུ  ཆུད་པ 						དུ 	ཆུད་པ 	-ར་ཤོག 	_། 	ཕྱག 	འཚལ་བ 	bstod tshogs ka_.txt	     དུ  ཆུད་པ  -ར་ཤོག  _།  ཕྱག  འཚལ་བ 
 དུ  །_ 						དུ 	།_ 	ན 	རག་ཨུདྡྷ 	རི་ནཱ་མ 	།_ 	bstod tshogs ka_.txt	     དུ  །_  ན  རག་ཨུདྡྷ  རི་ནཱ་མ  །_ 
 དུ  །_ 						དུ 	།_ 	དམྱལ་བ་ནས 	འདོན་པ་ཞེས 	བྱ་བ 	།_ 	bstod tshogs ka_.txt	     དུ  །_  དམྱལ་བ་ནས  འདོན་པ་ཞེས  བྱ་བ  །_ 
 དུ  བྱིང་བ་ལ 						དུ 	བྱིང་བ་ལ 	།_། 	ཡོངས་སུ 	མཁྱེན་པ 	བསྐྱེད་ནས་ནི 	bstod tshogs ka_.txt	     དུ  བྱིང་བ་ལ  །_།  ཡོངས་སུ  མཁྱེན་པ  བསྐྱེད་ནས་ནི 
 དུ ན་དཀོར་ནི 						དུ	ན་དཀོར་ནི 	རྣམ་པ 	-ར་འཇོམས 	།_། 	བདག་གིས 	bstod tshogs ka_.txt	     དུ ན་དཀོར་ནི  རྣམ་པ  -ར་འཇོམས  །_།  བདག་གིས 
 དུ  །_ 						དུ 	།_ 	ཏྲི་རཏྣ་སྟོ་ཏྲཾ 	།_ 	བོད 	སྐད་དུ 	bstod tshogs ka_.txt	     དུ  །_  ཏྲི་རཏྣ་སྟོ་ཏྲཾ  །_  བོད  སྐད་དུ 
 དུ  །_ 						དུ 	།_ 	མི་ཤྲ 	ཀ་སྟོ་ཏྲ་ནཱ་མ 	།_ 	བོད 	bstod tshogs ka_.txt	     དུ  །_  མི་ཤྲ  ཀ་སྟོ་ཏྲ་ནཱ་མ  །_  བོད 
 དུ  །_ 						དུ 	།_ 	སྤེལ 	མར 	བསྟོད་པ་ཞེས 	བྱ་བ 	bstod tshogs ka_.txt	     དུ  །_  སྤེལ  མར  བསྟོད་པ་ཞེས  བྱ་བ 
 དུ  རྣམ་པ 						དུ 	རྣམ་པ 	-ར་གནས 	།_། 	འདོད 	ཆགས་ལ 	bstod tshogs ka_.txt	     དུ  རྣམ་པ  -ར་གནས  །_།  འདོད  ཆགས་ལ 
 དུ  །_། 						དུ 	།_། 	ཡོན་ཏན 	ཐམས་ཅད 	གནས 	གྱུར་པ 	bstod tshogs ka_.txt	     དུ  །_།  ཡོན་ཏན  ཐམས་ཅད  གནས  གྱུར་པ 
 དུ  བཅད་པ 						དུ 	བཅད་པ 	-ར 	གྱུར་པ་སྟེ 	།_། 	མཐར་ཡང 	bstod tshogs ka_.txt	     དུ  བཅད་པ  -ར  གྱུར་པ་སྟེ  །_།  མཐར་ཡང 
 དུ  བདག་ནི 						དུ 	བདག་ནི 	བསླུས་པ 	-ར་གྱུར 	།_། 	མི 	bstod tshogs ka_.txt	     དུ  བདག་ནི  བསླུས་པ  -ར་གྱུར  །_།  མི 
 དུ ན་དུ་མིན 						དུ	ན་དུ་མིན 	།_། 	འདི 	སྙེད 	བགྱི 	bstod tshogs ka_.txt	     དུ ན་དུ་མིན  །_།  འདི  སྙེད  བགྱི 
 དུ ་བདག 						དུ	་བདག 	_། 	བསོད 	ནམ 	-ས 	bstod tshogs ka_.txt	     དུ ་བདག  _།  བསོད  ནམ  -ས 
 དུ ་བྱམས 						དུ	་བྱམས 	།_། 	ཁྱོད་ནི 	མ 	འདྲིས 	bstod tshogs ka_.txt	     དུ ་བྱམས  །_།  ཁྱོད་ནི  མ  འདྲིས 
 དུ ན་ལགས 						དུ	ན་ལགས 	།_། 	སྦྱིན་པ 	-འི 	ཕ་རོལ 	bstod tshogs ka_.txt	     དུ ན་ལགས  །_།  སྦྱིན་པ  -འི  ཕ་རོལ 
སྤུ  དུ ་མ 	འགྱུར 	བ 	།_། 	བ 	སྤུ 	དུ	་མ 	ལྡང་དང་བཅས 	།_། 	ཉིད་ཀྱི 	ཤ་ཡང 	bstod tshogs ka_.txt	འགྱུར  བ  །_།  བ  སྤུ  དུ ་མ  ལྡང་དང་བཅས  །_།  ཉིད་ཀྱི  ཤ་ཡང 
 དུ  བླངས་ནས་སྲུང 						དུ 	བླངས་ནས་སྲུང 	།_། 	ངན 	འགྲོས 	བསྙེངས 	bstod tshogs ka_.txt	     དུ  བླངས་ནས་སྲུང  །_།  ངན  འགྲོས  བསྙེངས 
 དུ  །_། 						དུ 	།_། 	སྐུ 	སྲོག 	བཏང་ནས 	དགྱེས 	bstod tshogs ka_.txt	     དུ  །_།  སྐུ  སྲོག  བཏང་ནས  དགྱེས 
 དུ  ཁུར 						དུ 	ཁུར 	ཁྱེར་ཡང 	།_། 	ཐུགས་ནི 	ཀུན་དུ 	bstod tshogs ka_.txt	     དུ  ཁུར  ཁྱེར་ཡང  །_།  ཐུགས་ནི  ཀུན་དུ 
 དུ  །_། 						དུ 	།_། 	ཏིང 	འཛིན 	འབྲས་བུ 	-ར 	bstod tshogs ka_.txt	     དུ  །_།  ཏིང  འཛིན  འབྲས་བུ  -ར 
།_།  དུ ད 	ཁྱོད་ཀྱི 	ཤེས་རབ 	མཚུངས 	མིན་ཏེ 	།_། 	དུ	ད 	འགྲོ 	དུ་མ 	རྣམས་ལ་ཡང 	།_། 	bstod tshogs ka_.txt	ཁྱོད་ཀྱི  ཤེས་རབ  མཚུངས  མིན་ཏེ  །_།  དུ ད  འགྲོ  དུ་མ  རྣམས་ལ་ཡང  །_། 
བཤད  དུ ག 	བཞེས 	ཐུགས་ལ་བཞག 	_། 	ཉེས 	བཤད 	དུ	ག 	བཞིན 	ཡོངས་སུ་སྤངས 	།_། 	ལེགས 	bstod tshogs ka_.txt	བཞེས  ཐུགས་ལ་བཞག  _།  ཉེས  བཤད  དུ ག  བཞིན  ཡོངས་སུ་སྤངས  །_།  ལེགས 
 དུ  དཔའ 						དུ 	དཔའ 	སྩལ་བསྟན 	།_། 	སེམས 	ཅན 	bstod tshogs ka_.txt	     དུ  དཔའ  སྩལ་བསྟན  །_།  སེམས  ཅན 
 དུ ་ནི 						དུ	་ནི 	མི 	གནས་ཤིང 	།_། 	ཆགས 	bstod tshogs ka_.txt	     དུ ་ནི  མི  གནས་ཤིང  །_།  ཆགས 
 དུ  །_། 						དུ 	།_། 	ཉེས་པ 	ཁྱོད་ཀྱིས 	རབ་ཏུ་བཅོམ 	།_། 	bstod tshogs ka_.txt	     དུ  །_།  ཉེས་པ  ཁྱོད་ཀྱིས  རབ་ཏུ་བཅོམ  །_། 
 དུ  མི 						དུ 	མི 	སྤྱོད་དོ 	།_། 	སྦྱོར་དང 	བསམ་པ 	bstod tshogs ka_.txt	     དུ  མི  སྤྱོད་དོ  །_།  སྦྱོར་དང  བསམ་པ 
 དུ  མེད་པ 						དུ 	མེད་པ 	-འི 	ཡོན་ཏན་རྣམས 	།_། 	དཔེ་ཡི 	bstod tshogs ka_.txt	     དུ  མེད་པ  -འི  ཡོན་ཏན་རྣམས  །_།  དཔེ་ཡི 
 དུ  བསྒྲུན་ཞིང་དེ་དང་ནི 						དུ 	བསྒྲུན་ཞིང་དེ་དང་ནི 	།_། 	ཁྱོད་དང 	བསྒྲུན་ལྡོན 	ཁོ་ན 	bstod tshogs ka_.txt	     དུ  བསྒྲུན་ཞིང་དེ་དང་ནི  །_།  ཁྱོད་དང  བསྒྲུན་ལྡོན  ཁོ་ན 
 དུ ་བས 						དུ	་བས 	།_། 	སངས 	རྒྱས 	བཅོམ་ལྡན 	bstod tshogs ka_.txt	     དུ ་བས  །_།  སངས  རྒྱས  བཅོམ་ལྡན 
 དུ ད་ལས 						དུ	ད་ལས 	རྣམ་པ 	-ར་རྒྱལ 	།_། 	རྗེས་སུ 	bstod tshogs ka_.txt	     དུ ད་ལས  རྣམ་པ  -ར་རྒྱལ  །_།  རྗེས་སུ 
 དུ ད་ལས 						དུ	ད་ལས 	རྒྱལ་བ 	-ར་འགྱུར 	།_། 	ཁྱོད་ནི 	bstod tshogs ka_.txt	     དུ ད་ལས  རྒྱལ་བ  -ར་འགྱུར  །_།  ཁྱོད་ནི 
 དུ ད་ལས 						དུ	ད་ལས 	རྣམ་རྒྱལ་ཏེ 	།_། 	འགྲོ 	ཀུན 	bstod tshogs ka_.txt	     དུ ད་ལས  རྣམ་རྒྱལ་ཏེ  །_།  འགྲོ  ཀུན 
 དུ ད་ཀྱི 						དུ	ད་ཀྱི 	བྲན་དང 	མངག་གཞུག་རྣམས 	།_། 	སྡང 	bstod tshogs ka_.txt	     དུ ད་ཀྱི  བྲན་དང  མངག་གཞུག་རྣམས  །_།  སྡང 
 དུ ད 						དུ	ད 	རྣམས 	མངོན 	བཏུལ་བ 	།_། 	bstod tshogs ka_.txt	     དུ ད  རྣམས  མངོན  བཏུལ་བ  །_། 
 དུ  བྱུང་བ་ལགས 						དུ 	བྱུང་བ་ལགས 	།_། 	གང་གི 	དེ་ལྟར 	བསམ 	bstod tshogs ka_.txt	     དུ  བྱུང་བ་ལགས  །_།  གང་གི  དེ་ལྟར  བསམ 
 དུ ་ཅི་ཞིག་མཆིས 						དུ	་ཅི་ཞིག་མཆིས 	།_། 	གང་ཞིག 	འཕེལ་བ 	-འི 	bstod tshogs ka_.txt	     དུ ་ཅི་ཞིག་མཆིས  །_།  གང་ཞིག  འཕེལ་བ  -འི 
།_།  དུ ས 	།_། 	དབང་པོ 	རྣམས་ནི 	རབ་དང་བ 	།_། 	དུ	ས 	རྣམས 	རྟག་ཏུ 	མི 	ཉམས་པས 	bstod tshogs ka_.txt	།_།  དབང་པོ  རྣམས་ནི  རབ་དང་བ  །_།  དུ ས  རྣམས  རྟག་ཏུ  མི  ཉམས་པས 
 དུ ་གདའ 						དུ	་གདའ 	།_། 	ཤིན་ཏུ 	ཉུང་ངུ 	འདོད་པ་ཡིས 	bstod tshogs ka_.txt	     དུ ་གདའ  །_།  ཤིན་ཏུ  ཉུང་ངུ  འདོད་པ་ཡིས 
 དུ  བྱུང་བ 						དུ 	བྱུང་བ 	-ར 	བསྟོད་པ་ཞེས 	བྱ་བ་སྟེ 	ལེའུ 	bstod tshogs ka_.txt	     དུ  བྱུང་བ  -ར  བསྟོད་པ་ཞེས  བྱ་བ་སྟེ  ལེའུ 
 དུ ་འོང 						དུ	་འོང 	།_། 	འབར་ལ 	གནོད་པ 	མཛད 	bstod tshogs ka_.txt	     དུ ་འོང  །_།  འབར་ལ  གནོད་པ  མཛད 
 དུ ལ་ལ 	མི་མངའ 	།_། 				དུ	ལ་ལ 	རྔོམ་བརྗིད 	ཆེ་བ་ཡི 	།_། 	སྐུ 	bstod tshogs ka_.txt	མི་མངའ  །_།     དུ ལ་ལ  རྔོམ་བརྗིད  ཆེ་བ་ཡི  །_།  སྐུ 
།_།  དུ བ 	དགའ་བ 	སྐྱེད་པ 	-ར 	མཛད་པ་ལགས 	།_། 	དུ	བ 	པར་མ 	དགོངས 	ངོ་མཚར་ཏེ 	།_། 	bstod tshogs ka_.txt	དགའ་བ  སྐྱེད་པ  -ར  མཛད་པ་ལགས  །_།  དུ བ  པར་མ  དགོངས  ངོ་མཚར་ཏེ  །_། 
 དུ  །_། 						དུ 	།_། 	འཚམ་པ 	-ས 	ཁྱོད་ཀྱི 	སྐུ་དང་ནི 	bstod tshogs ka_.txt	     དུ  །_།  འཚམ་པ  -ས  ཁྱོད་ཀྱི  སྐུ་དང་ནི 
གསུམ་ལ  དུ བ་པ 	སྲུན 	སྨད་པ་ལ 	སོགས་མང 	།_། 	གསུམ་ལ 	དུ	བ་པ 	མེད 	བཟོད་ཅིང 	།_། 	ངན 	bstod tshogs ka_.txt	སྲུན  སྨད་པ་ལ  སོགས་མང  །_།  གསུམ་ལ  དུ བ་པ  མེད  བཟོད་ཅིང  །_།  ངན 
 དུ  བཞུགས་པ་གང 						དུ 	བཞུགས་པ་གང 	།_། 	དེ 	ཁྱོད 	ཐུགས་རྗེ 	bstod tshogs ka_.txt	     དུ  བཞུགས་པ་གང  །_།  དེ  ཁྱོད  ཐུགས་རྗེ 
 དུ ས 						དུ	ས 	འདས་པ 	།_། 	གླགས་ཤིག 	ཐོད་ནས 	bstod tshogs ka_.txt	     དུ ས  འདས་པ  །_།  གླགས་ཤིག  ཐོད་ནས 
 དུ ལ 						དུ	ལ 	བ 	-འི 	དོན་གྱི 	སླད་དུ་དྲངས 	bstod tshogs ka_.txt	     དུ ལ  བ  -འི  དོན་གྱི  སླད་དུ་དྲངས 
 དུ  །_། 						དུ 	།_། 	ཐུགས 	རྗེ་གཙོ་དང 	ལྡན་པ 	-ས་ན 	bstod tshogs ka_.txt	     དུ  །_།  ཐུགས  རྗེ་གཙོ་དང  ལྡན་པ  -ས་ན 
 དུ  མི 						དུ 	མི 	འདྲེ་ལ 	།_། 	ཇི 	ལྟར 	bstod tshogs ka_.txt	     དུ  མི  འདྲེ་ལ  །_།  ཇི  ལྟར 
 དུ  རབ 						དུ 	རབ 	བཟང་གི 	_། 	ཉིད་ཀྱི 	དོན་ལ 	bstod tshogs ka_.txt	     དུ  རབ  བཟང་གི  _།  ཉིད་ཀྱི  དོན་ལ 
 དུ  །_། 						དུ 	།_། 	ཁྱོད་ནི 	ལན 	བརྒྱ 	-ར 	bstod tshogs ka_.txt	     དུ  །_།  ཁྱོད་ནི  ལན  བརྒྱ  -ར 
 དུ ཏུ 						དུ	ཏུ 	།_། 	གཏོར 	མ 	བཞིན་དུ 	bstod tshogs ka_.txt	     དུ ཏུ  །_།  གཏོར  མ  བཞིན་དུ 
 དུ  མི 						དུ 	མི 	རྩི་བས 	།_། 	ཁྱོད་ཀྱི 	བཞེད་པ 	bstod tshogs ka_.txt	     དུ  མི  རྩི་བས  །_།  ཁྱོད་ཀྱི  བཞེད་པ 
 དུ ལ 						དུ	ལ 	མཆོག 	ཁ་ལོ་སྒྱུར 	།_། 	ཁྱོད་ཀྱི 	bstod tshogs ka_.txt	     དུ ལ  མཆོག  ཁ་ལོ་སྒྱུར  །_།  ཁྱོད་ཀྱི 
 དུ ་འགྱུར 						དུ	་འགྱུར 	།_། 	ཡུན 	རིང 	འཕེལ་བ 	bstod tshogs ka_.txt	     དུ ་འགྱུར  །_།  ཡུན  རིང  འཕེལ་བ 
 དུ ད་རྩི 						དུ	ད་རྩི 	འདི 	འདྲ་བའང 	།_། 	རོ་ནི 	bstod tshogs ka_.txt	     དུ ད་རྩི  འདི  འདྲ་བའང  །_།  རོ་ནི 
 དུ ད 						དུ	ད 	རྩི 	འཛག་པ 	བཞིན་དུ་གདའ 	།_། 	bstod tshogs ka_.txt	     དུ ད  རྩི  འཛག་པ  བཞིན་དུ་གདའ  །_། 
 དུ  མི 						དུ 	མི 	ཤེས་པའི 	།_། 	རབ་རིབ 	འཇོམས་པ 	bstod tshogs ka_.txt	     དུ  མི  ཤེས་པའི  །_།  རབ་རིབ  འཇོམས་པ 
 དུ གས་དང་འདྲ 						དུ	གས་དང་འདྲ 	།_། 	ང 	རྒྱལ 	རི་བོ 	bstod tshogs ka_.txt	     དུ གས་དང་འདྲ  །_།  ང  རྒྱལ  རི་བོ 
 དུ ལ 						དུ	ལ 	བྱ་དང་ནི 	རྗེས་སུ་མཐུན 	།_། 	གདུག་པ་ལ་ཡང་བདེན 	bstod tshogs ka_.txt	     དུ ལ  བྱ་དང་ནི  རྗེས་སུ་མཐུན  །_།  གདུག་པ་ལ་ཡང་བདེན 
-འི  དུ ས་སུ་ནི 	མཛད་ཅིང 	།_། 	དེ་ལས 	ལྡང་བ 	-འི 	དུ	ས་སུ་ནི 	།_། 	ཐོས 	བསམ 	རང་བཞིན་གྱིས་ཀྱང་ནི 	bstod tshogs ka_.txt	མཛད་ཅིང  །_།  དེ་ལས  ལྡང་བ  -འི  དུ ས་སུ་ནི  །_།  ཐོས  བསམ  རང་བཞིན་གྱིས་ཀྱང་ནི 
 དུ ལ 						དུ	ལ 	བ 	-འི 	ཐབས་ལ 	མཁས་པ་ཡིས 	bstod tshogs ka_.txt	     དུ ལ  བ  -འི  ཐབས་ལ  མཁས་པ་ཡིས 
 དུ ས 	།_། 	སྔོན 				དུ	ས 	ལོ་རྒྱུས 	གསུང་བ 	-འི་ཕྱིར 	།_། 	bstod tshogs ka_.txt	།_།  སྔོན     དུ ས  ལོ་རྒྱུས  གསུང་བ  -འི་ཕྱིར  །_། 
སླད  དུ ས 	མ 	ཉམས་པས 	།_། 	གང 	སླད 	དུ	ས 	མིན 	ཡུལ 	མིན་དང 	།_། 	bstod tshogs ka_.txt	མ  ཉམས་པས  །_།  གང  སླད  དུ ས  མིན  ཡུལ  མིན་དང  །_། 
 དུ ་འདྲེན 						དུ	་འདྲེན 	།_། 	སངས 	རྒྱས 	བཅོམ་ལྡན 	bstod tshogs ka_.txt	     དུ ་འདྲེན  །_།  སངས  རྒྱས  བཅོམ་ལྡན 
 དུ ན་པའོ 						དུ	ན་པའོ 	།།_།། 	བགྲོད་པ 	གཅིག་དང 	ཐབས་བདེ་དང 	bstod tshogs ka_.txt	     དུ ན་པའོ  །།_།།  བགྲོད་པ  གཅིག་དང  ཐབས་བདེ་དང 
 དུ  །_། 						དུ 	།_། 	སྡུག 	བསྔལ་མང 	ལྟར་གང 	ལགས་པ 	bstod tshogs ka_.txt	     དུ  །_།  སྡུག  བསྔལ་མང  ལྟར་གང  ལགས་པ 
 དུ  སྒྲུབ 						དུ 	སྒྲུབ 	མི་བགྱིད 	།_། 	ཞི 	གནས 	bstod tshogs ka_.txt	     དུ  སྒྲུབ  མི་བགྱིད  །_།  ཞི  གནས 
 དུ ད་ནི 						དུ	ད་ནི 	སེམས 	ཁོང་ཆུད 	མཛད་ཅིང 	།_། 	bstod tshogs ka_.txt	     དུ ད་ནི  སེམས  ཁོང་ཆུད  མཛད་ཅིང  །_། 
 དུ ས་བྱས་ལ 						དུ	ས་བྱས་ལ 	།_། 	སྨོད 	མེད 	མྱ་ངན 	bstod tshogs ka_.txt	     དུ ས་བྱས་ལ  །_།  སྨོད  མེད  མྱ་ངན 
 དུ  བདུད་ཀྱིས 						དུ 	བདུད་ཀྱིས 	མི 	རྫི་བ 	།_། 	དེར་ཡང 	bstod tshogs ka_.txt	     དུ  བདུད་ཀྱིས  མི  རྫི་བ  །_།  དེར་ཡང 
།_།  དུ ས་གསུམ 	བསྒོམས་དང 	གུས་པ 	-ར 	མཉན་པ་ཡི 	།_། 	དུ	ས་གསུམ 	ཆ 	དབྱེ 	ཁྱོད་ཀྱི་ནི 	།_། 	bstod tshogs ka_.txt	བསྒོམས་དང  གུས་པ  -ར  མཉན་པ་ཡི  །_།  དུ ས་གསུམ  ཆ  དབྱེ  ཁྱོད་ཀྱི་ནི  །_། 
 དུ  །_། 						དུ 	།_། 	སྐྱེ 	དགུ 	རྣམས 	ལ་སྨན 	bstod tshogs ka_.txt	     དུ  །_།  སྐྱེ  དགུ  རྣམས  ལ་སྨན 
 དུ ་བྱེད 						དུ	་བྱེད 	།_། 	བསྟེན་པ 	-ས 	བློ་གྲོས 	bstod tshogs ka_.txt	     དུ ་བྱེད  །_།  བསྟེན་པ  -ས  བློ་གྲོས 
 དུ  ཉེར 						དུ 	ཉེར 	མཆིས་ན 	།_། 	ཕྱི་ནས 	གདུང་བ་དང 	bstod tshogs ka_.txt	     དུ  ཉེར  མཆིས་ན  །_།  ཕྱི་ནས  གདུང་བ་དང 
 དུ  དེ་བཞིན་ཁྱོད 						དུ 	དེ་བཞིན་ཁྱོད 	།_། 	ཚུལ 	ཁྲིམས 	ཕུན 	bstod tshogs ka_.txt	     དུ  དེ་བཞིན་ཁྱོད  །_།  ཚུལ  ཁྲིམས  ཕུན 
 དུ  -ས 						དུ 	-ས 	ངེས 	བསྟན་པ་ལ 	།_། 	མཚར 	bstod tshogs ka_.txt	     དུ  -ས  ངེས  བསྟན་པ་ལ  །_།  མཚར 
།_།  དུ ད 	སྐྱོན 	ཡོན་ལ་ནི 	མི 	མཁས་པ 	།_། 	དུ	ད 	འགྲོ་དང་ནི 	གཞན 	མིན་འགྱུར 	།_། 	bstod tshogs ka_.txt	སྐྱོན  ཡོན་ལ་ནི  མི  མཁས་པ  །_།  དུ ད  འགྲོ་དང་ནི  གཞན  མིན་འགྱུར  །_། 
 དུ ་སྡུག 						དུ	་སྡུག 	_། 	ཞི 	ཕྱིར 	གཅིག་ཏུ་ཡིད་དུ་འོང 	bstod tshogs ka_.txt	     དུ ་སྡུག  _།  ཞི  ཕྱིར  གཅིག་ཏུ་ཡིད་དུ་འོང 
 དུ  །_། 						དུ 	།_། 	རྨུགས་ལ 	སོགས་པ 	ཞི་བ 	-འི་ཕྱིར 	bstod tshogs ka_.txt	     དུ  །_།  རྨུགས་ལ  སོགས་པ  ཞི་བ  -འི་ཕྱིར 
 དུ  །_། 						དུ 	།_། 	ནང་གི 	ཆོག་ཤེས 	སྤངས་པ 	-འི་ཕྱིར 	bstod tshogs ka_.txt	     དུ  །_།  ནང་གི  ཆོག་ཤེས  སྤངས་པ  -འི་ཕྱིར 
 དུ ་འགོད 						དུ	་འགོད 	།_། 	དལ 	བུས 	བགྱིད་ལ 	bstod tshogs ka_.txt	     དུ ་འགོད  །_།  དལ  བུས  བགྱིད་ལ 
སླད  དུ  །_། 	།_། 	བསྒོམ་པ 	ཁྱད་པར 	མཛད 	སླད 	དུ 	།_། 	ས 	བོན 	མེད་པ 	-ར 	bstod tshogs ka_.txt	།_།  བསྒོམ་པ  ཁྱད་པར  མཛད  སླད  དུ  །_།  ས  བོན  མེད་པ  -ར 
 དུ ལ་བ 	སྤངས་པ 	-ར་མཛད 	།_། 			དུ	ལ་བ 	རྣམས་ནི་ལམ་ལ་སྦྱོར 	།_། 	དམུ 	རྒོད 	bstod tshogs ka_.txt	སྤངས་པ  -ར་མཛད  །_།    དུ ལ་བ  རྣམས་ནི་ལམ་ལ་སྦྱོར  །_།  དམུ  རྒོད 
 དུ ལ་བ་ཡི 						དུ	ལ་བ་ཡི 	།_། 	ཁ 	ལོས 	སྒྱུར་བ 	bstod tshogs ka_.txt	     དུ ལ་བ་ཡི  །_།  ཁ  ལོས  སྒྱུར་བ 
 དུ  ཕྱིན་ནས 						དུ 	ཕྱིན་ནས 	ཁྱོད 	མཚང་འབྲུ 	།_། 	གང་ཞིག 	bstod tshogs ka_.txt	     དུ  ཕྱིན་ནས  ཁྱོད  མཚང་འབྲུ  །_།  གང་ཞིག 
-འི  དུ ས་ལ 	འོན་ཀྱང་དེ་ལ 	བཏང་སྙོམས་མིན 	།_། 	ཕན་པ 	-འི 	དུ	ས་ལ 	གཞེས་པ 	-ར་མཛད 	།_། 	ཁྱོད་ནི 	bstod tshogs ka_.txt	འོན་ཀྱང་དེ་ལ  བཏང་སྙོམས་མིན  །_།  ཕན་པ  -འི  དུ ས་ལ  གཞེས་པ  -ར་མཛད  །_།  ཁྱོད་ནི 
།_།  དུ ས 	དེ 	རྣམས 	དགེ་བ་ལ 	བཙུད་ནས 	།_། 	དུ	ས 	གཅིག 	ཡོངས་སུ 	སྨིན 	སླད་དུ 	bstod tshogs ka_.txt	དེ  རྣམས  དགེ་བ་ལ  བཙུད་ནས  །_།  དུ ས  གཅིག  ཡོངས་སུ  སྨིན  སླད་དུ 
།_།  དུ ས་ནི 					།_། 	དུ	ས་ནི 	ཀུན་དུ 	འདའ་བ 	-ར་མཛད 	།_། 	bstod tshogs ka_.txt	    །_།  དུ ས་ནི  ཀུན་དུ  འདའ་བ  -ར་མཛད  །_། 
 དུ  །_། 						དུ 	།_། 	མུན 	པར 	གྱུར་པ 	-འི 	bstod tshogs ka_.txt	     དུ  །_།  མུན  པར  གྱུར་པ  -འི 
 དུ  རྒྱུ་ནི 						དུ 	རྒྱུ་ནི 	མེད་པ་ལ 	།_། 	ཁྱོད་ཀྱིས 	བསྟན་པ 	bstod tshogs ka_.txt	     དུ  རྒྱུ་ནི  མེད་པ་ལ  །_།  ཁྱོད་ཀྱིས  བསྟན་པ 
།_།  དུ ས་ཀྱི 	ན 	ཚོད 	རིགས་དང 	ཡུལ་དང་ནི 	།_། 	དུ	ས་ཀྱི 	སྐྱོན་མེད 	ཆོས 	རྣམས་ཀྱིས 	།_། 	bstod tshogs ka_.txt	ན  ཚོད  རིགས་དང  ཡུལ་དང་ནི  །_།  དུ ས་ཀྱི  སྐྱོན་མེད  ཆོས  རྣམས་ཀྱིས  །_། 
 དུ  གཅིག་ནས་གཅིག 						དུ 	གཅིག་ནས་གཅིག 	_། 	མཆོག་ཏུ 	རྗེས་སུ 	འབྲང་བ་བྱེད 	bstod tshogs ka_.txt	     དུ  གཅིག་ནས་གཅིག  _།  མཆོག་ཏུ  རྗེས་སུ  འབྲང་བ་བྱེད 
 དུ ་གྱུར 						དུ	་གྱུར 	།_། 	སངས 	རྒྱས 	བཅོམ་ལྡན 	bstod tshogs ka_.txt	     དུ ་གྱུར  །_།  སངས  རྒྱས  བཅོམ་ལྡན 
ཚུལ  དུ  -འང 	།_། 	ཉམ 	ང 	-འི 	ཚུལ 	དུ 	-འང 	གཤེགས 	མཛད་ཅིང 	།_། 	རད 	bstod tshogs ka_.txt	།_།  ཉམ  ང  -འི  ཚུལ  དུ  -འང  གཤེགས  མཛད་ཅིང  །_།  རད 
 དུ  -འང 	རོད 	ཅན 				དུ 	-འང 	མན 	ལ་བ་མཛད 	།_། 	སླར་ཡང 	bstod tshogs ka_.txt	རོད  ཅན     དུ  -འང  མན  ལ་བ་མཛད  །_།  སླར་ཡང 
 དུ ད་རྩི་ཡིས 						དུ	ད་རྩི་ཡིས 	།_། 	གཞན 	རྣམས་ལ་ནི 	ཕན་པ་མཛད 	bstod tshogs ka_.txt	     དུ ད་རྩི་ཡིས  །_།  གཞན  རྣམས་ལ་ནི  ཕན་པ་མཛད 
 དུ ལ 						དུ	ལ 	བྱ 	རྣམས་ལ 	བྱམས 	སླད་དུ 	bstod tshogs ka_.txt	     དུ ལ  བྱ  རྣམས་ལ  བྱམས  སླད་དུ 
 དུ ་ཡང 						དུ	་ཡང 	།_། 	ཇི 	སྐད 	སྐུལ་ཡང 	bstod tshogs ka_.txt	     དུ ་ཡང  །_།  ཇི  སྐད  སྐུལ་ཡང 
 དུ ངས་དང 						དུ	ངས་དང 	།_། 	དེ 	བཞིན 	རྒྱུ 	bstod tshogs ka_.txt	     དུ ངས་དང  །_།  དེ  བཞིན  རྒྱུ 
ཁྱོད་ནི་གང་ན  དུ ག 	བདག་ནི 	ཕྱག 	འཚལ་བསྟོད 	།_། 	ཁྱོད་ནི་གང་ན 	དུ	ག 	བཅས་ཤིང 	།_། 	ཞུགས 	དང་བཅས་པ 	bstod tshogs ka_.txt	བདག་ནི  ཕྱག  འཚལ་བསྟོད  །_།  ཁྱོད་ནི་གང་ན  དུ ག  བཅས་ཤིང  །_།  ཞུགས  དང་བཅས་པ 
 དུ ད་རྩི 						དུ	ད་རྩི 	ཅན་དུ་གྱུར 	།_། 	ཤིན་ཏུ 	ཕན་ཚུན 	bstod tshogs ka_.txt	     དུ ད་རྩི  ཅན་དུ་གྱུར  །_།  ཤིན་ཏུ  ཕན་ཚུན 
མེད  དུ ས 	འཚལ་ལོ 	།_། 	ཐོག 	མ 	མེད 	དུ	ས 	གོམས་པ་ཡིས 	།_། 	མི་ཡི 	རང་བཞིན 	bstod tshogs ka_.txt	འཚལ་ལོ  །_།  ཐོག  མ  མེད  དུ ས  གོམས་པ་ཡིས  །_།  མི་ཡི  རང་བཞིན 
 དུ  འདྲེན་བྱེད་པ 						དུ 	འདྲེན་བྱེད་པ 	།_། 	སྐྱེ་བ 	གཞན་དུ 	མཛད་པ 	bstod tshogs ka_.txt	     དུ  འདྲེན་བྱེད་པ  །_།  སྐྱེ་བ  གཞན་དུ  མཛད་པ 
 དུ ད་པ་དང 						དུ	ད་པ་དང 	།_། 	སོར 	མོ 	-འི 	bstod tshogs ka_.txt	     དུ ད་པ་དང  །_།  སོར  མོ  -འི 
 དུ  །_། 						དུ 	།_། 	དམུ 	རྒོད 	རྣམས་ནི 	བདེ་བ་ཡིས 	bstod tshogs ka_.txt	     དུ  །_།  དམུ  རྒོད  རྣམས་ནི  བདེ་བ་ཡིས 
 དུ ལ 						དུ	ལ 	མཛད 	ཁྱོད་ལ 	ཕྱག 	འཚལ་ལོ 	bstod tshogs ka_.txt	     དུ ལ  མཛད  ཁྱོད་ལ  ཕྱག  འཚལ་ལོ 
 དུ  །_། 						དུ 	།_། 	བརྟན 	རྣམས་བསོད 	ཉམས 	ཉལ་བ 	bstod tshogs ka_.txt	     དུ  །_།  བརྟན  རྣམས་བསོད  ཉམས  ཉལ་བ 
ཁྱོད་ཀྱིས  དུ ས་དང 	མཆོག 	ཁྱོད་ལ 	ཕྱག་འཚལ 	།_། 	ཁྱོད་ཀྱིས 	དུ	ས་དང 	བསམ 	མཁྱེན་པས 	།_། 	རེས 	bstod tshogs ka_.txt	མཆོག  ཁྱོད་ལ  ཕྱག་འཚལ  །_།  ཁྱོད་ཀྱིས  དུ ས་དང  བསམ  མཁྱེན་པས  །_།  རེས 
 དུ  གཤེགས་ནས 						དུ 	གཤེགས་ནས 	བཤད་པ 	-འང་མཛད 	།_། 	རྒྱུ 	bstod tshogs ka_.txt	     དུ  གཤེགས་ནས  བཤད་པ  -འང་མཛད  །_།  རྒྱུ 
 དུ ་ནི 						དུ	་ནི 	ཚིག 	མི་འགྲུབ 	།_། 	དེ་ནི 	bstod tshogs ka_.txt	     དུ ་ནི  ཚིག  མི་འགྲུབ  །_།  དེ་ནི 
 དུ  །_། 						དུ 	།_། 	ཐོག 	མར 	སྦྱིན 	སོགས 	bstod tshogs ka_.txt	     དུ  །_།  ཐོག  མར  སྦྱིན  སོགས 
 དུ  །_། 						དུ 	།_། 	ཁྱོད་ཀྱིས 	གང་ཞིག 	མ 	སྩལ་བའི 	bstod tshogs ka_.txt	     དུ  །_།  ཁྱོད་ཀྱིས  གང་ཞིག  མ  སྩལ་བའི 
 དུ  །_། 						དུ 	།_། 	བརྩོན 	འགྲུས 	ལྡན་ལ 	ཐབས 	bstod tshogs ka_.txt	     དུ  །_།  བརྩོན  འགྲུས  ལྡན་ལ  ཐབས 
 དུ  །_། 						དུ 	།_། 	གདུལ 	བ 	-འི 	བསམ་པ 	bstod tshogs ka_.txt	     དུ  །_།  གདུལ  བ  -འི  བསམ་པ 
 དུ  ལྡན་པའི 						དུ 	ལྡན་པའི 	།_། 	སྤྱོད་པ 	མངའ 	ཁྱོད་ལ 	bstod tshogs ka_.txt	     དུ  ལྡན་པའི  །_།  སྤྱོད་པ  མངའ  ཁྱོད་ལ 
 དུ  གདའ་བ་ལགས 						དུ 	གདའ་བ་ལགས 	།_། 	གཞན་གྱི 	སྤྱོད་པ 	མིག་ནི་གཞན 	bstod tshogs ka_.txt	     དུ  གདའ་བ་ལགས  །_།  གཞན་གྱི  སྤྱོད་པ  མིག་ནི་གཞན 
 དུ  །_། 						དུ 	།_། 	ཁྱོད་ནི 	དེ་ལྟར 	བརྩོན་པ་ལགས 	།_། 	bstod tshogs ka_.txt	     དུ  །_།  ཁྱོད་ནི  དེ་ལྟར  བརྩོན་པ་ལགས  །_། 
 དུ  འོ་བརྒྱལ་གང 						དུ 	འོ་བརྒྱལ་གང 	།_། 	དེ་ལ 	ལན་གོ་ཅི་ཞིག་ལོན 	།_། 	bstod tshogs ka_.txt	     དུ  འོ་བརྒྱལ་གང  །_།  དེ་ལ  ལན་གོ་ཅི་ཞིག་ལོན  །_། 
 དུ ད་ཀྱི 						དུ	ད་ཀྱི 	གཡོ 	དག 	བསྟན་པ་མཛད 	།_། 	bstod tshogs ka_.txt	     དུ ད་ཀྱི  གཡོ  དག  བསྟན་པ་མཛད  །_། 
 དུ ད་ལས 						དུ	ད་ལས 	རྒྱལ 	གྱུར་པ 	།_། 	བདུད 	bstod tshogs ka_.txt	     དུ ད་ལས  རྒྱལ  གྱུར་པ  །_།  བདུད 
 དུ ན་གྱིས 						དུ	ན་གྱིས 	།_། 	དགོངས་པ 	མཛད་པ་གང 	ལགས་པ 	bstod tshogs ka_.txt	     དུ ན་གྱིས  །_།  དགོངས་པ  མཛད་པ་གང  ལགས་པ 
 དུ  ངེས་པ 						དུ 	ངེས་པ 	-ར་གསུངས 	།_། 	ཁྱོད་ཀྱིས 	མི 	bstod tshogs ka_.txt	     དུ  ངེས་པ  -ར་གསུངས  །_།  ཁྱོད་ཀྱིས  མི 
 དུ  །_། 						དུ 	།_། 	ལྟ 	བཅས 	ཁྱོད་ལ 	ཕྱག 	bstod tshogs ka_.txt	     དུ  །_།  ལྟ  བཅས  ཁྱོད་ལ  ཕྱག 
 དུ ་བསྐྲུན 						དུ	་བསྐྲུན 	།_། 	བསྐྲུན་ནས 	གདུལ་བ 	-འི 	bstod tshogs ka_.txt	     དུ ་བསྐྲུན  །_།  བསྐྲུན་ནས  གདུལ་བ  -འི 
 དུ  བཏུལ་བ 						དུ 	བཏུལ་བ 	-འི 	ཚོགས་ཀྱང་ནི 	།_། 	མཛེས 	bstod tshogs ka_.txt	     དུ  བཏུལ་བ  -འི  ཚོགས་ཀྱང་ནི  །_།  མཛེས 
 དུ ང 						དུ	ང 	ཏིལ་འབྲུ 	བཞིན 	བླགས་ནས 	།_། 	bstod tshogs ka_.txt	     དུ ང  ཏིལ་འབྲུ  བཞིན  བླགས་ནས  །_། 
 དུ ་འཁུམས 						དུ	་འཁུམས 	།_། 	དེ 	སླད 	ཆོས་སྐུ 	bstod tshogs ka_.txt	     དུ ་འཁུམས  །_།  དེ  སླད  ཆོས་སྐུ 
 དུ ད་པ 						དུ	ད་པ 	།_། 	དེ 	དག་ལ་ཡང 	ཕྱག 	bstod tshogs ka_.txt	     དུ ད་པ  །_།  དེ  དག་ལ་ཡང  ཕྱག 
 དུ  །_། 						དུ 	།_། 	གློ་བ་ལ་ནི 	གཅགས་ཤིང་མཆིས 	།_། 	ཁྱོད་ནི 	bstod tshogs ka_.txt	     དུ  །_།  གློ་བ་ལ་ནི  གཅགས་ཤིང་མཆིས  །_།  ཁྱོད་ནི 
 དུ ང་བ 						དུ	ང་བ 	རབ་ཏུ 	ཞི 	བགྱིད་ལྟར 	།_། 	bstod tshogs ka_.txt	     དུ ང་བ  རབ་ཏུ  ཞི  བགྱིད་ལྟར  །_། 
 དུ ་ནི 						དུ	་ནི 	།_། 	རྗོད་ཉུང 	མཛེས་པ 	མ་ཡིན་ཅི་ཞིག 	bstod tshogs ka_.txt	     དུ ་ནི  །_།  རྗོད་ཉུང  མཛེས་པ  མ་ཡིན་ཅི་ཞིག 
 དུ  གནས་པ 						དུ 	གནས་པ 	-ར་ཤོག 	_། 	སངས 	རྒྱས 	bstod tshogs ka_.txt	     དུ  གནས་པ  -ར་ཤོག  _།  སངས  རྒྱས 
 དུ  །_ 						དུ 	།_ 	གུ་ཎ་ཨ་པརྱནྟ་སྟོ་ཏྲ་ཊཱི་ཀཱ 	།_ 	བོད 	སྐད་དུ 	bstod tshogs ka_.txt	     དུ  །_  གུ་ཎ་ཨ་པརྱནྟ་སྟོ་ཏྲ་ཊཱི་ཀཱ  །_  བོད  སྐད་དུ 
 དུ ག་པ 						དུ	ག་པ 	-འི 	བར 	དག་ཡིན་ནོ 	།_། 	bstod tshogs ka_.txt	     དུ ག་པ  -འི  བར  དག་ཡིན་ནོ  །_། 
།_།  དུ ས 	ཐབས་ཀྱི 	ཕ་རོལ་ཏུ 	ཕྱིན་པ 	བསྟན་ཏོ 	།_། 	དུ	ས 	འགའ་འང 	བྱུང 	མ 	གྱུར་ཞེས 	bstod tshogs ka_.txt	ཐབས་ཀྱི  ཕ་རོལ་ཏུ  ཕྱིན་པ  བསྟན་ཏོ  །_།  དུ ས  འགའ་འང  བྱུང  མ  གྱུར་ཞེས 
 དུ  ཐུགས་སུ 						དུ 	ཐུགས་སུ 	ཆུད་པ 	-འི 	ཤེས་རབ་ཀྱི 	ཕ་རོལ་ཏུ 	bstod tshogs ka_.txt	     དུ  ཐུགས་སུ  ཆུད་པ  -འི  ཤེས་རབ་ཀྱི  ཕ་རོལ་ཏུ 
 དུ ན 						དུ	ན 	བསྟན་པ་ཡིན 	ནོ 	།_། 	ས 	bstod tshogs ka_.txt	     དུ ན  བསྟན་པ་ཡིན  ནོ  །_།  ས 
 དུ  མི་དགེའི་ཞེས 						དུ 	མི་དགེའི་ཞེས 	བྱ་བ 	འདི་དག་གིས་ནི 	དེ 	-འི 	bstod tshogs ka_.txt	     དུ  མི་དགེའི་ཞེས  བྱ་བ  འདི་དག་གིས་ནི  དེ  -འི 
མ  དུ ་མ 	བསྐྱེད་པ 	བསྟན་ཏོ 	།_། 	ཉི 	མ 	དུ	་མ 	-ས་ཞེས 	བྱ་བ 	འདི་དག་གིས་ནི 	ཉོན་མོངས་པ 	bstod tshogs ka_.txt	བསྐྱེད་པ  བསྟན་ཏོ  །_།  ཉི  མ  དུ ་མ  -ས་ཞེས  བྱ་བ  འདི་དག་གིས་ནི  ཉོན་མོངས་པ 
 དུ  གནས་པ 						དུ 	གནས་པ 	ཡང་དག 	པར 	བསྟན་ཏོ 	།_། 	bstod tshogs ka_.txt	     དུ  གནས་པ  ཡང་དག  པར  བསྟན་ཏོ  །_། 
 དུ  །_ 						དུ 	།_ 	གུ་ཎ་ཨ་པརྱནྟ་སྟོ་ཏྲ་བ་ཏུ་ཀཱ 	རི་ཀཱ 	།_ 	བོད 	bstod tshogs ka_.txt	     དུ  །_  གུ་ཎ་ཨ་པརྱནྟ་སྟོ་ཏྲ་བ་ཏུ་ཀཱ  རི་ཀཱ  །_  བོད 
 དུ  །_ 						དུ 	།_ 	ཡོན་ཏན 	མཐའ་ཡས་པ 	-ར 	བསྟོད་པ 	bstod tshogs ka_.txt	     དུ  །_  ཡོན་ཏན  མཐའ་ཡས་པ  -ར  བསྟོད་པ 
 དུ ན 						དུ	ན 	།_། 	ཚིགས 	བཅད་དྲུག་གིས་དྲུག 	རྣམས་སྟོན 	bstod tshogs ka_.txt	     དུ ན  །_།  ཚིགས  བཅད་དྲུག་གིས་དྲུག  རྣམས་སྟོན 
 དུ  །_ 						དུ 	།_ 	བུདྡྷ་སྱ་ནིརྦཱ་ཎ་སྟོ་ཏྲཾ 	།_ 	བོད 	སྐད་དུ 	bstod tshogs ka_.txt	     དུ  །_  བུདྡྷ་སྱ་ནིརྦཱ་ཎ་སྟོ་ཏྲཾ  །_  བོད  སྐད་དུ 
 དུ  མྱ་ངན 						དུ 	མྱ་ངན 	འདས 	གྱུར་དེ 	བསྟོད་པ 	།_། 	bstod tshogs ka_.txt	     དུ  མྱ་ངན  འདས  གྱུར་དེ  བསྟོད་པ  །_། 
 དུ  ཅི་ཕྱིར 						དུ 	ཅི་ཕྱིར 	མྱ་ངན་འདས 	།_། 	ཁྱོད 	ཞལ་ཟླ 	bstod tshogs ka_.txt	     དུ  ཅི་ཕྱིར  མྱ་ངན་འདས  །_།  ཁྱོད  ཞལ་ཟླ 
ཆུ་སྲིན  དུ ར་པ 	རྫོགས་པ 	-འི 	སངས་རྒྱས 	ཆོས་ཀྱི 	ཆུ་སྲིན 	དུ	ར་པ 	-ས་ཁྱབ 	།_། 	དགེ 	སློང 	bstod tshogs ka_.txt	རྫོགས་པ  -འི  སངས་རྒྱས  ཆོས་ཀྱི  ཆུ་སྲིན  དུ ར་པ  -ས་ཁྱབ  །_།  དགེ  སློང 
 དུ ད་རྩི 						དུ	ད་རྩི 	འབྲས་བུ 	-ས 	མཆོག 	གཡུ 	bstod tshogs ka_.txt	     དུ ད་རྩི  འབྲས་བུ  -ས  མཆོག  གཡུ 
 དུ ལ 						དུ	ལ 	བྱ 	-འི 	ཚོགས་ཀྱི་རྫིང་གི་པདྨ 	ཁ 	bstod tshogs ka_.txt	     དུ ལ  བྱ  -འི  ཚོགས་ཀྱི་རྫིང་གི་པདྨ  ཁ 
 དུ  །_ 						དུ 	།_ 	ཤཱི་བཛྲ་དྷ 	ར་སཾ་གཱི 	ཏ་བྷ 	ག་བ་ཏི་སྟོ་ཏྲ་ཊཱི་ཀཱ 	bstod tshogs ka_.txt	     དུ  །_  ཤཱི་བཛྲ་དྷ  ར་སཾ་གཱི  ཏ་བྷ  ག་བ་ཏི་སྟོ་ཏྲ་ཊཱི་ཀཱ 
 དུ  །_ 						དུ 	།_ 	བཅོམ 	ལྡན 	འདས་ལ 	བསྟོད་པ 	bstod tshogs ka_.txt	     དུ  །_  བཅོམ  ལྡན  འདས་ལ  བསྟོད་པ 
 དུ  བློ་བཟང 						དུ 	བློ་བཟང 	རྣམས་ཀྱི 	བློ་གྲོས་དང 	།_། 	ཚིག་གིས 	bstod tshogs ka_.txt	     དུ  བློ་བཟང  རྣམས་ཀྱི  བློ་གྲོས་དང  །_།  ཚིག་གིས 
 དུ  གྱུར་པ 						དུ 	གྱུར་པ 	།_ 	བརྩེ 	བ 	-འི 	bstod tshogs ka_.txt	     དུ  གྱུར་པ  །_  བརྩེ  བ  -འི 
 དུ  ཟིན་ཀྱང 						དུ 	ཟིན་ཀྱང 	གལ་ཏེ 	དེ 	-འི 	འབྲས་བུ་དང 	bstod tshogs ka_.txt	     དུ  ཟིན་ཀྱང  གལ་ཏེ  དེ  -འི  འབྲས་བུ་དང 
 དུ  གྱུར་པ 						དུ 	གྱུར་པ 	ཉིད 	བསྟན་པ 	-འི་ཕྱིར 	།_ 	bstod tshogs ka_.txt	     དུ  གྱུར་པ  ཉིད  བསྟན་པ  -འི་ཕྱིར  །_ 
 དུ  འགྱུར་བའོ 						དུ 	འགྱུར་བའོ 	།_། 	གཡོ་བ 	མེད་པ 	-ས་ནི 	bstod tshogs ka_.txt	     དུ  འགྱུར་བའོ  །_།  གཡོ་བ  མེད་པ  -ས་ནི 
 དུ ས 	མ 	གཡོ་བ་སྟེ 	།_ 			དུ	ས 	ཐམས་ཅད་དུ་གཉིས་སུ 	མེད་པ 	-འི 	ཆོས་ཉིད 	bstod tshogs ka_.txt	མ  གཡོ་བ་སྟེ  །_    དུ ས  ཐམས་ཅད་དུ་གཉིས་སུ  མེད་པ  -འི  ཆོས་ཉིད 
 དུ  རོ་གཅིག་ཅིང 						དུ 	རོ་གཅིག་ཅིང 	མཉམ་མོ 	།_། 	འདི་ནི 	མཆོག་ཀྱང་ཡིན་ལ 	bstod tshogs ka_.txt	     དུ  རོ་གཅིག་ཅིང  མཉམ་མོ  །_།  འདི་ནི  མཆོག་ཀྱང་ཡིན་ལ 
 དུ  གྱུར་པ་ཡིན་ནོ 						དུ 	གྱུར་པ་ཡིན་ནོ 	།_། 	འགྲོ 	བ 	-འི་ཞེས 	bstod tshogs ka_.txt	     དུ  གྱུར་པ་ཡིན་ནོ  །_།  འགྲོ  བ  -འི་ཞེས 
 དུ  བསྟན་པ 						དུ 	བསྟན་པ 	-འི 	ཕྱིར 	ཕན་པ 	བསྒྲུབ་པ 	bstod tshogs ka_.txt	     དུ  བསྟན་པ  -འི  ཕྱིར  ཕན་པ  བསྒྲུབ་པ 
 དུ  དཔེ་མེད་པ 						དུ 	དཔེ་མེད་པ 	ཉིད་ཀྱི 	ཕྱིར་རོ 	།_། 	མཆོག་གཙོ་བོ 	bstod tshogs ka_.txt	     དུ  དཔེ་མེད་པ  ཉིད་ཀྱི  ཕྱིར་རོ  །_།  མཆོག་གཙོ་བོ 
 དུ  གཉེར་བ 						དུ 	གཉེར་བ 	-ར 	བྱ་བའོ 	།_། 	རབ་ནི 	bstod tshogs ka_.txt	     དུ  གཉེར་བ  -ར  བྱ་བའོ  །_།  རབ་ནི 
 དུ  གྱུར་པ 						དུ 	གྱུར་པ 	-འི 	ཕྱིར་རོ་ཞེས 	ཟེར་ཏེ 	།_ 	bstod tshogs ka_.txt	     དུ  གྱུར་པ  -འི  ཕྱིར་རོ་ཞེས  ཟེར་ཏེ  །_ 
 དུ  བསྟན་ཏོ 						དུ 	བསྟན་ཏོ 	།_། 	འདི་ལས 	གཞན 	ཚིགས་སུ 	bstod tshogs ka_.txt	     དུ  བསྟན་ཏོ  །_།  འདི་ལས  གཞན  ཚིགས་སུ 
 དུ  དེ་བཞིན 						དུ 	དེ་བཞིན 	གཤེགས་པ 	-འི 	གསང་བ 	-འི 	bstod tshogs ka_.txt	     དུ  དེ་བཞིན  གཤེགས་པ  -འི  གསང་བ  -འི 
 དུ  བརྗོད་པ 						དུ 	བརྗོད་པ 	-ར 	འདོད་ན་ཡང 	བཅོམ་ལྡན 	འདས 	bstod tshogs ka_.txt	     དུ  བརྗོད་པ  -ར  འདོད་ན་ཡང  བཅོམ་ལྡན  འདས 
 དུ  སྩོལ་བ 						དུ 	སྩོལ་བ 	-འི 	ངང་ཚུལ 	ཡོད་པ 	དེ་དག་ལ 	bstod tshogs ka_.txt	     དུ  སྩོལ་བ  -འི  ངང་ཚུལ  ཡོད་པ  དེ་དག་ལ 
 དུ ་བ 						དུ	་བ 	-འི 	རྒྱུད་ལས་ནི 	།_། 	སེམས 	bstod tshogs ka_.txt	     དུ ་བ  -འི  རྒྱུད་ལས་ནི  །_།  སེམས 
ཡུལ་དང  དུ ས་དང 	།_ 	ཇི 	སྐད་དུ 	།_ 	ཡུལ་དང 	དུ	ས་དང 	བྱ་བ་ལ 	།_། 	སོགས་པ 	-ས 	bstod tshogs ka_.txt	།_  ཇི  སྐད་དུ  །_  ཡུལ་དང  དུ ས་དང  བྱ་བ་ལ  །_།  སོགས་པ  -ས 
 དུ  བརྗོད་པ 						དུ 	བརྗོད་པ 	-ར 	བཞེད་པ་ཡིན་ནོ 	།_། 	བཅོམ 	bstod tshogs ka_.txt	     དུ  བརྗོད་པ  -ར  བཞེད་པ་ཡིན་ནོ  །_།  བཅོམ 
 དུ  གསུངས་པ 						དུ 	གསུངས་པ 	-ར 	ཟད་དོ 	།_། 	ཀླན 	bstod tshogs ka_.txt	     དུ  གསུངས་པ  -ར  ཟད་དོ  །_།  ཀླན 
།_  དུ ས་ཀྱིས 	གཞོལ་བའོ 	།_། 	ཅི་དེ 	ཡུལ་དང 	།_ 	དུ	ས་ཀྱིས 	མཚམས་སོ་སོ 	-ར 	ངེས་པ་ཞིག་ཡིན་ནམ 	ཞེ་ན 	bstod tshogs ka_.txt	གཞོལ་བའོ  །_།  ཅི་དེ  ཡུལ་དང  །_  དུ ས་ཀྱིས  མཚམས་སོ་སོ  -ར  ངེས་པ་ཞིག་ཡིན་ནམ  ཞེ་ན 
ཡུལ་དང  དུ ས་མཐའ 	-འི 	དོན 	མཛད་པ 	-འི 	ཡུལ་དང 	དུ	ས་མཐའ 	ཡས་ཤིང 	མ་ལུས་པ་ཡིན་ཏེ 	།_ 	གང་ལ་དེ 	bstod tshogs ka_.txt	-འི  དོན  མཛད་པ  -འི  ཡུལ་དང  དུ ས་མཐའ  ཡས་ཤིང  མ་ལུས་པ་ཡིན་ཏེ  །_  གང་ལ་དེ 
 དུ ་ཡང་ཞེས 						དུ	་ཡང་ཞེས 	བྱ་བ 	-ར་ཡང 	ཁོང་དུ 	ཆུད་པ 	bstod tshogs ka_.txt	     དུ ་ཡང་ཞེས  བྱ་བ  -ར་ཡང  ཁོང་དུ  ཆུད་པ 
 དུ ་བ་ལས་ནི 						དུ	་བ་ལས་ནི 	བདག་ཉིད 	ཆེན་པོ 	-འི 	ཐུགས་རྗེ 	bstod tshogs ka_.txt	     དུ ་བ་ལས་ནི  བདག་ཉིད  ཆེན་པོ  -འི  ཐུགས་རྗེ 
 དུ  འགྱུར་བ་ཡིན་པས 						དུ 	འགྱུར་བ་ཡིན་པས 	།_ 	རྗེའི 	བདག་ཉིད་ཅེས་ཀྱང 	བྱ་བ་ལ 	bstod tshogs ka_.txt	     དུ  འགྱུར་བ་ཡིན་པས  །_  རྗེའི  བདག་ཉིད་ཅེས་ཀྱང  བྱ་བ་ལ 
 དུ  མི 						དུ 	མི 	རུང་བ 	-འང 	འདི 	-ར 	bstod tshogs ka_.txt	     དུ  མི  རུང་བ  -འང  འདི  -ར 
ཡུལ་དང  དུ ས 	གང་ཞིག 	རྣམ་པ 	-ར 	མི་རྟོག་ཀྱང 	ཡུལ་དང 	དུ	ས 	ཐམས་ཅད་དུ 	མེད་པ 	ཐམས་ཅད 	དུ་འགྲོ་བ 	bstod tshogs ka_.txt	གང་ཞིག  རྣམ་པ  -ར  མི་རྟོག་ཀྱང  ཡུལ་དང  དུ ས  ཐམས་ཅད་དུ  མེད་པ  ཐམས་ཅད  དུ་འགྲོ་བ 
 དུ  སྐྱེ་བ་ལ 						དུ 	སྐྱེ་བ་ལ 	སོགས་པ 	ཉེ་བ 	-ར 	སྟོན་པ 	bstod tshogs ka_.txt	     དུ  སྐྱེ་བ་ལ  སོགས་པ  ཉེ་བ  -ར  སྟོན་པ 
 དུ  སྐྱོ་བ 						དུ 	སྐྱོ་བ 	བསྐྱེད་པ 	-ས 	བཏུལ་ལོ 	།_། 	bstod tshogs ka_.txt	     དུ  སྐྱོ་བ  བསྐྱེད་པ  -ས  བཏུལ་ལོ  །_། 
 དུ  བྱུང་བ 						དུ 	བྱུང་བ 	-འི 	ཕྱིར 	བཟང་པོ་ཡིན་ནོ 	།_། 	bstod tshogs ka_.txt	     དུ  བྱུང་བ  -འི  ཕྱིར  བཟང་པོ་ཡིན་ནོ  །_། 
 དུ  གྱུར་པ 						དུ 	གྱུར་པ 	རྣམས་ལ་ནི 	ཡ་མཚན 	མི་ཆེ་སྟེ 	།_ 	bstod tshogs ka_.txt	     དུ  གྱུར་པ  རྣམས་ལ་ནི  ཡ་མཚན  མི་ཆེ་སྟེ  །_ 
 དུ  །_ 						དུ 	།_ 	གདགས་པ 	བརྡ 	རྒྱུས 	བྱུང་བ་སྟེ 	bstod tshogs ka_.txt	     དུ  །_  གདགས་པ  བརྡ  རྒྱུས  བྱུང་བ་སྟེ 
 དུ  བྱེད་པ་སྟེ 						དུ 	བྱེད་པ་སྟེ 	།_། 	སྡེབ 	སྦྱོར 	སྒྲ་ཡི 	bstod tshogs ka_.txt	     དུ  བྱེད་པ་སྟེ  །_།  སྡེབ  སྦྱོར  སྒྲ་ཡི 
 དུ  སེམས་ཅན 						དུ 	སེམས་ཅན 	རྣམས་ལ 	སྩོལ་བ 	-ས་ན 	མཆོག 	bstod tshogs ka_.txt	     དུ  སེམས་ཅན  རྣམས་ལ  སྩོལ་བ  -ས་ན  མཆོག 
 དུ  འོད་ཡིན་ནོ 						དུ 	འོད་ཡིན་ནོ 	།_། 	སྦྱིན་པ 	མཆོག་ཉིད་ཀྱིས 	གནས་ཀྱི 	bstod tshogs ka_.txt	     དུ  འོད་ཡིན་ནོ  །_།  སྦྱིན་པ  མཆོག་ཉིད་ཀྱིས  གནས་ཀྱི 
 དུ  བསྒྲུབས་པ 						དུ 	བསྒྲུབས་པ 	-ས 	ཐོབ་པ་སྟེ 	།_ 	ཡེ 	bstod tshogs ka_.txt	     དུ  བསྒྲུབས་པ  -ས  ཐོབ་པ་སྟེ  །_  ཡེ 
 དུ  མཛད་དེ 						དུ 	མཛད་དེ 	འཇིག་རྟེན་གསུམ་པ་ལའོ 	།_། 	འབྲས 	བུ 	bstod tshogs ka_.txt	     དུ  མཛད་དེ  འཇིག་རྟེན་གསུམ་པ་ལའོ  །_།  འབྲས  བུ 
 དུ ་བ་ལས་ནི 						དུ	་བ་ལས་ནི 	མཆོག་གི 	དངོས་གྲུབ 	སྩོལ་ཞེས 	འབྱུང་སྟེ 	bstod tshogs ka_.txt	     དུ ་བ་ལས་ནི  མཆོག་གི  དངོས་གྲུབ  སྩོལ་ཞེས  འབྱུང་སྟེ 
 དུ  -ས་གསུམ་ལ 						དུ 	-ས་གསུམ་ལ 	ཐོགས་པ 	མི 	མངའ་བ 	-འི 	bstod tshogs ka_.txt	     དུ  -ས་གསུམ་ལ  ཐོགས་པ  མི  མངའ་བ  -འི 
 དུ ན་ལ 						དུ	ན་ལ 	དང་བ 	-འི 	བདག་ཉིད 	འབྱུང་བ་དེ་ནི 	bstod tshogs ka_.txt	     དུ ན་ལ  དང་བ  -འི  བདག་ཉིད  འབྱུང་བ་དེ་ནི 
 དུ  །_། 						དུ 	།_། 	གང་གི 	བྱང་ཆུབ 	སེམས 	བརྟན་ཞིང 	bstod tshogs ka_.txt	     དུ  །_།  གང་གི  བྱང་ཆུབ  སེམས  བརྟན་ཞིང 
 དུ  བྱར་རུང་བ 						དུ 	བྱར་རུང་བ 	ཉིད་དུ 	སྒྲུབ་པ་དེ 	བདག་ལ་མྱུར་དུ 	སྩོལ་ཅིག་པའོ 	bstod tshogs ka_.txt	     དུ  བྱར་རུང་བ  ཉིད་དུ  སྒྲུབ་པ་དེ  བདག་ལ་མྱུར་དུ  སྩོལ་ཅིག་པའོ 
 དུ  རབ 						དུ 	རབ 	གྱུར་ཅིག 	_། 	བཅོམ 	ལྡན 	bstod tshogs ka_.txt	     དུ  རབ  གྱུར་ཅིག  _།  བཅོམ  ལྡན 
 དུ  ཐོས་པ 						དུ 	ཐོས་པ 	-འི 	སློབ་དཔོན 	ཞི་བ་འཚོ 	འཕགས་པ 	bstod tshogs ka_.txt	     དུ  ཐོས་པ  -འི  སློབ་དཔོན  ཞི་བ་འཚོ  འཕགས་པ 
 དུ  །_ 						དུ 	།_ 	ཨཥྚ 	ཏ་ཐཱ 	ག 	ཏ་སྟོ་ཏྲཿ 	bstod tshogs ka_.txt	     དུ  །_  ཨཥྚ  ཏ་ཐཱ  ག  ཏ་སྟོ་ཏྲཿ 
 དུ  །_ 						དུ 	།_ 	དེ 	བཞིན 	གཤེགས་པ 	བརྒྱད་ལ 	bstod tshogs ka_.txt	     དུ  །_  དེ  བཞིན  གཤེགས་པ  བརྒྱད་ལ 
 དུ ང་བ 						དུ	ང་བ 	ཞི 	མཛད་ཅིང 	།_། 	འགྲོ་དྲུག་མགོན་དང 	bstod tshogs ka_.txt	     དུ ང་བ  ཞི  མཛད་ཅིང  །_།  འགྲོ་དྲུག་མགོན་དང 
 དུ  གྱུར་པ་པོ 						དུ 	གྱུར་པ་པོ 	།_། 	མྱ་ངན 	མེད 	མཆོག 	bstod tshogs ka_.txt	     དུ  གྱུར་པ་པོ  །_།  མྱ་ངན  མེད  མཆོག 
-འི  དུ ག་གསུམ 	མངའ་ཞིང 	།_། 	འགྲོ 	བ 	-འི 	དུ	ག་གསུམ 	མ 	ལུས 	སེལ 	མཛད་པ 	bstod tshogs ka_.txt	མངའ་ཞིང  །_།  འགྲོ  བ  -འི  དུ ག་གསུམ  མ  ལུས  སེལ  མཛད་པ 
།_།  དུ ག་གསུམ 	-ས 	ངན་འགྲོ 	-འི 	སྡུག་བསྔལ་སེལ 	།_། 	དུ	ག་གསུམ 	ནད 	སེལ 	སངས་རྒྱས 	སྨན་གྱི་བླ 	bstod tshogs ka_.txt	-ས  ངན་འགྲོ  -འི  སྡུག་བསྔལ་སེལ  །_།  དུ ག་གསུམ  ནད  སེལ  སངས་རྒྱས  སྨན་གྱི་བླ 
།_།  དུ ག་གསུམ 	ལྟ་བུ 	-ར 	ཉོན་མོངས 	གདུང་བ་སེལ 	།_། 	དུ	ག་གསུམ 	ནད 	སེལ 	སངས་རྒྱས 	སྨན་གྱི་བླ 	bstod tshogs ka_.txt	ལྟ་བུ  -ར  ཉོན་མོངས  གདུང་བ་སེལ  །_།  དུ ག་གསུམ  ནད  སེལ  སངས་རྒྱས  སྨན་གྱི་བླ 
།_།  དུ ག་གསུམ 	ལྡན 	འཇིག་རྟེན་གསུམ་ན 	སྐྱབས 	མཛད་པ 	།_། 	དུ	ག་གསུམ 	ནད 	སེལ 	སངས་རྒྱས 	སྨན་གྱི་བླ 	bstod tshogs ka_.txt	ལྡན  འཇིག་རྟེན་གསུམ་ན  སྐྱབས  མཛད་པ  །_།  དུ ག་གསུམ  ནད  སེལ  སངས་རྒྱས  སྨན་གྱི་བླ 
།_།  དུ ག་གསུམ 	-འི 	སྤྱན་གྱིས 	འགྲོ་བ 	ཀུན་ལ་ཁྱབ 	།_། 	དུ	ག་གསུམ 	ནད 	སེལ 	སངས་རྒྱས 	སྨན་གྱི་བླ 	bstod tshogs ka_.txt	-འི  སྤྱན་གྱིས  འགྲོ་བ  ཀུན་ལ་ཁྱབ  །_།  དུ ག་གསུམ  ནད  སེལ  སངས་རྒྱས  སྨན་གྱི་བླ 
 དུ ས་ལ་སོགས 						དུ	ས་ལ་སོགས 	།_། 	འབྱུང་བ 	བཞི་པོ 	འཁྲུགས་པ 	bstod tshogs ka_.txt	     དུ ས་ལ་སོགས  །_།  འབྱུང་བ  བཞི་པོ  འཁྲུགས་པ 
།_།  དུ ག་གསུམ 	ཕྱག་གཡོན 	བདུད་རྩི 	སྨན་གྱི 	ལྷུང་བཟེད་བསྣམས 	།_། 	དུ	ག་གསུམ 	ནད 	སེལ 	སངས་རྒྱས 	སྨན་གྱི་བླ 	bstod tshogs ka_.txt	ཕྱག་གཡོན  བདུད་རྩི  སྨན་གྱི  ལྷུང་བཟེད་བསྣམས  །_།  དུ ག་གསུམ  ནད  སེལ  སངས་རྒྱས  སྨན་གྱི་བླ 
།_།  དུ ག་གསུམ 	ནོར་བུ 	ལྟ་བུ 	-ར 	གཞན་དོན་མཛད 	།_། 	དུ	ག་གསུམ 	ནད 	སེལ 	སངས་རྒྱས 	སྨན་གྱི་བླ 	bstod tshogs ka_.txt	ནོར་བུ  ལྟ་བུ  -ར  གཞན་དོན་མཛད  །_།  དུ ག་གསུམ  ནད  སེལ  སངས་རྒྱས  སྨན་གྱི་བླ 
 དུ ད་ཀྱི 						དུ	ད་ཀྱི 	དཔུང 	འཇོམས་པ 	།_། 	གསེར་གྱི 	bstod tshogs ka_.txt	     དུ ད་ཀྱི  དཔུང  འཇོམས་པ  །_།  གསེར་གྱི 