།_།  བྱ་བ ་གསུམ་པོ 	མི 	རྟག 	སྡུག་བསྔལ 	སྟོང་པ་ཞེས 	།_། 	བྱ་བ	་གསུམ་པོ 	-ས 	སེམས 	སྦྱོང་བྱེད 	།_། 	bstod tshogs ka_.txt	མི  རྟག  སྡུག་བསྔལ  སྟོང་པ་ཞེས  །_།  བྱ་བ ་གསུམ་པོ  -ས  སེམས  སྦྱོང་བྱེད  །_། 
རྟོགས  བྱ་བ  །_། 	།_། 	ཡིད་ཀྱི 	ཤེས་པ 	-ས 	རྟོགས 	བྱ་བ 	།_། 	གང་ཡང 	རུང་ལ 	ཕྱག 	འཚལ་བསྟོད 	bstod tshogs ka_.txt	།_།  ཡིད་ཀྱི  ཤེས་པ  -ས  རྟོགས  བྱ་བ  །_།  གང་ཡང  རུང་ལ  ཕྱག  འཚལ་བསྟོད 
པར  བྱ་བ  -འི 	དུ་མ 	-འི་འོད 	།_། 	འདོད 	པར 	བྱ་བ 	-འི 	ཟེ་འབྲུ་ཅན 	།_། 	པདྨ 	བྱེ་བ 	bstod tshogs ka_.txt	དུ་མ  -འི་འོད  །_།  འདོད  པར  བྱ་བ  -འི  ཟེ་འབྲུ་ཅན  །_།  པདྨ  བྱེ་བ 
བསྟོད་པ་ཞེས  བྱ་བ  །_། 	བོད 	སྐད་དུ 	།_ 	སྐུ་གསུམ་ལ 	བསྟོད་པ་ཞེས 	བྱ་བ 	།_། 	འཕགས་པ 	འཇམ་དཔལ་གཞོན 	ནུར 	གྱུར་པ་ལ 	bstod tshogs ka_.txt	བོད  སྐད་དུ  །_  སྐུ་གསུམ་ལ  བསྟོད་པ་ཞེས  བྱ་བ  །_།  འཕགས་པ  འཇམ་དཔལ་གཞོན  ནུར  གྱུར་པ་ལ 
བསྟོད་པ་ཞེས  བྱ་བ  སློབ་དཔོན 	འཛུད་པ 	-ར་ཤོག 	_། 	སྐུ་གསུམ་ལ 	བསྟོད་པ་ཞེས 	བྱ་བ 	སློབ་དཔོན 	འཕགས་པ 	ཀླུ་སྒྲུབ་ཀྱིས 	མཛད་པ 	རྫོགས་སོ 	bstod tshogs ka_.txt	འཛུད་པ  -ར་ཤོག  _།  སྐུ་གསུམ་ལ  བསྟོད་པ་ཞེས  བྱ་བ  སློབ་དཔོན  འཕགས་པ  ཀླུ་སྒྲུབ་ཀྱིས  མཛད་པ  རྫོགས་སོ 
བསྟོད་པ་ཞེས  བྱ་བ  -འི 	གཏན་ལ 	ཕབ་པའོ 	།།_།།༄༅།_ 	སྐུ་གསུམ་ལ 	བསྟོད་པ་ཞེས 	བྱ་བ 	-འི 	རྣམ་པ 	-ར 	འགྲེལ་པ 	།_༄༅༅།_། 	bstod tshogs ka_.txt	གཏན་ལ  ཕབ་པའོ  །།_།།༄༅།_  སྐུ་གསུམ་ལ  བསྟོད་པ་ཞེས  བྱ་བ  -འི  རྣམ་པ  -ར  འགྲེལ་པ  །_༄༅༅།_། 
བསྟོད་པ་ཞེས  བྱ་བ  -འི 	བོད 	སྐད་དུ 	།_ 	སྐུ་གསུམ་ལ 	བསྟོད་པ་ཞེས 	བྱ་བ 	-འི 	རྣམ་པ 	-ར 	འགྲེལ་པ 	།_ 	bstod tshogs ka_.txt	བོད  སྐད་དུ  །_  སྐུ་གསུམ་ལ  བསྟོད་པ་ཞེས  བྱ་བ  -འི  རྣམ་པ  -ར  འགྲེལ་པ  །_ 
མ་ཡིན་ཞེས  བྱ་བ ་ལ 	། 	གཅིག 	མིན 	དུ་མ 	མ་ཡིན་ཞེས 	བྱ་བ	་ལ 	སོགས་པ 	-འི 	ཚིགས་སུ 	བཅད་པ་གསུམ་གྱིས 	bstod tshogs ka_.txt	།  གཅིག  མིན  དུ་མ  མ་ཡིན་ཞེས  བྱ་བ ་ལ  སོགས་པ  -འི  ཚིགས་སུ  བཅད་པ་གསུམ་གྱིས 
 བྱ་བ ་དང 	བརྗོད་པ 	-ར 				བྱ་བ	་དང 	།_ 	དགོས་པ་དང 	།_ 	འབྲེལ་པ་དང 	bstod tshogs ka_.txt	བརྗོད་པ  -ར     བྱ་བ ་དང  །_  དགོས་པ་དང  །_  འབྲེལ་པ་དང 
-ར  བྱ་བ  -འི 	རྨོངས་པ 	དག 	དྲན་པ 	འཇུག་པ 	-ར 	བྱ་བ 	-འི 	ཕྱིར 	བརྗོད་པ 	-ར 	བྱ་བ 	bstod tshogs ka_.txt	རྨོངས་པ  དག  དྲན་པ  འཇུག་པ  -ར  བྱ་བ  -འི  ཕྱིར  བརྗོད་པ  -ར  བྱ་བ 
-ར  བྱ་བ  -འི 	དག 	ངེས་པ 	-ར 	འཇུག་པ 	-ར 	བྱ་བ 	-འི 	ཕྱིར 	དགོས་པ 	བསྟན་ཏོ 	།_། 	bstod tshogs ka_.txt	དག  ངེས་པ  -ར  འཇུག་པ  -ར  བྱ་བ  -འི  ཕྱིར  དགོས་པ  བསྟན་ཏོ  །_། 
-ར  བྱ་བ འོ 	འདི 	-ར 	སྐུ་གསུམ་ནི 	བརྗོད་པ 	-ར 	བྱ་བ	འོ 	།_། 	དེའི 	རང་གི 	ངོ་བོ 	bstod tshogs ka_.txt	འདི  -ར  སྐུ་གསུམ་ནི  བརྗོད་པ  -ར  བྱ་བ འོ  །_།  དེའི  རང་གི  ངོ་བོ 
-ར  བྱ་བ  -འི 	བཅད་པ 	དག 	རྗོད་པ་དང 	བརྗོད་པ 	-ར 	བྱ་བ 	-འི 	མཚན་ཉིད་དུ 	འབྲེལ་པའམ 	།_ 	ཚིག་དང 	bstod tshogs ka_.txt	བཅད་པ  དག  རྗོད་པ་དང  བརྗོད་པ  -ར  བྱ་བ  -འི  མཚན་ཉིད་དུ  འབྲེལ་པའམ  །_  ཚིག་དང 
-ར  བྱ་བ  -འི 	འབྲེལ་པའམ 	།_ 	སྒྲུབ་པ་དང 	བསྒྲུབ་པ 	-ར 	བྱ་བ 	-འི 	མཚན་ཉིད་དུ 	འབྲེལ་བའམ 	།_ 	བྱ་བ་དང 	bstod tshogs ka_.txt	འབྲེལ་པའམ  །_  སྒྲུབ་པ་དང  བསྒྲུབ་པ  -ར  བྱ་བ  -འི  མཚན་ཉིད་དུ  འབྲེལ་བའམ  །_  བྱ་བ་དང 
དོན་དང  བྱ་བ  མཐའ 	ལྡན་པ 	-ར 	རང་ཉིད་ཀྱིས 	སྐུ་གསུམ་གྱི 	དོན་དང 	བྱ་བ 	མཐའ 	-ར 	ཕྱིན་པ་ནི 	དགོས་པ 	-འི་ཡང 	bstod tshogs ka_.txt	ལྡན་པ  -ར  རང་ཉིད་ཀྱིས  སྐུ་གསུམ་གྱི  དོན་དང  བྱ་བ  མཐའ  -ར  ཕྱིན་པ་ནི  དགོས་པ  -འི་ཡང 
མ་ཡིན་ཞེས  བྱ་བ ་ལ 	།_ 	གཅིག 	མིན 	དུ་མ 	མ་ཡིན་ཞེས 	བྱ་བ	་ལ 	སོགས་པ་ལ 	།_ 	གཅིག་དང 	དུ་མ་ནི 	bstod tshogs ka_.txt	།_  གཅིག  མིན  དུ་མ  མ་ཡིན་ཞེས  བྱ་བ ་ལ  སོགས་པ་ལ  །_  གཅིག་དང  དུ་མ་ནི 
འཚལ་ལོ་ཞེས  བྱ་བ  -འི 	སྐུ 	གང་ཡིན་པ་དེ་ལ 	བདག 	ཕྱག 	འཚལ་ལོ་ཞེས 	བྱ་བ 	-འི 	ཐ་ཚིག་གོ 	།_། 	ཅིའི 	ཕྱིར 	bstod tshogs ka_.txt	སྐུ  གང་ཡིན་པ་དེ་ལ  བདག  ཕྱག  འཚལ་ལོ་ཞེས  བྱ་བ  -འི  ཐ་ཚིག་གོ  །_།  ཅིའི  ཕྱིར 
གནས་སྐབས་སུ  བྱ་བ  -ར 	སྐྱེས་པ་དེ་ལ 	གཅིག་དང 	དུ་མ 	-འི 	གནས་སྐབས་སུ 	བྱ་བ 	-ར 	མི 	ནུས་ཏེ 	།_ 	ནམ 	bstod tshogs ka_.txt	སྐྱེས་པ་དེ་ལ  གཅིག་དང  དུ་མ  -འི  གནས་སྐབས་སུ  བྱ་བ  -ར  མི  ནུས་ཏེ  །_  ནམ 
ཁྱད་པར་དུ  བྱ་བ  -འི 	-ར 	གཟིགས་སོ 	།_། 	གཞན་ཡང 	ཁྱད་པར་དུ 	བྱ་བ 	-འི 	ཕྱིར 	བདག་དང 	གཞན་ལ 	ཕན་པ 	bstod tshogs ka_.txt	-ར  གཟིགས་སོ  །_།  གཞན་ཡང  ཁྱད་པར་དུ  བྱ་བ  -འི  ཕྱིར  བདག་དང  གཞན་ལ  ཕན་པ 
གྱུར་པ་ཞེས  བྱ་བ  སྨོས་ཏེ 	སུམ 	ཚོགས་ཆེན 	གཞི 	-ར 	གྱུར་པ་ཞེས 	བྱ་བ 	སྨོས་ཏེ 	།_ 	བདག་དང 	གཞན་ནི 	བདག་དང 	bstod tshogs ka_.txt	སུམ  ཚོགས་ཆེན  གཞི  -ར  གྱུར་པ་ཞེས  བྱ་བ  སྨོས་ཏེ  །_  བདག་དང  གཞན་ནི  བདག་དང 
གྱུར་པ་ཞེས  བྱ་བ  -འི 	ཆེན་པོ 	-འི 	གཞི 	-ར 	གྱུར་པ་ཞེས 	བྱ་བ 	-འི 	དོན་ཏོ 	།_། 	གང་གི 	ཕྱིར 	bstod tshogs ka_.txt	ཆེན་པོ  -འི  གཞི  -ར  གྱུར་པ་ཞེས  བྱ་བ  -འི  དོན་ཏོ  །_།  གང་གི  ཕྱིར 
བར  བྱ་བ  གང་ཡང་མེད 	བྱ 	ཅི་ཡང་མེད 	།_། 	གཞལ 	བར 	བྱ་བ 	གང་ཡང་མེད 	།_། 	ཡང 	དག 	ཉིད་ལ 	bstod tshogs ka_.txt	བྱ  ཅི་ཡང་མེད  །_།  གཞལ  བར  བྱ་བ  གང་ཡང་མེད  །_།  ཡང  དག  ཉིད་ལ 
ཁྱད་པར་དུ  བྱ་བ  -འི་ཕྱིར 	མར་མེ་དང 	མཚུངས་སོ 	།_། 	གཞན་ཡང 	ཁྱད་པར་དུ 	བྱ་བ 	-འི་ཕྱིར 	།_ 	དངོས 	མིན 	དངོས་པོ 	bstod tshogs ka_.txt	མར་མེ་དང  མཚུངས་སོ  །_།  གཞན་ཡང  ཁྱད་པར་དུ  བྱ་བ  -འི་ཕྱིར  །_  དངོས  མིན  དངོས་པོ 
 བྱ་བ  སྨོས་ཏེ 	མེད 	མ་ཡིན 	།_། 	ཞེས 		བྱ་བ 	སྨོས་ཏེ 	།_ 	དངོས་པོ་ནི 	གཟུགས་སུ 	ཡོད་པའོ 	bstod tshogs ka_.txt	མེད  མ་ཡིན  །_།  ཞེས   བྱ་བ  སྨོས་ཏེ  །_  དངོས་པོ་ནི  གཟུགས་སུ  ཡོད་པའོ 
ཞེས  བྱ་བ ་སྟེ 	དངོས་པོ 	ཡོད་པ 	མ་ཡིན 	།_། 	ཞེས 	བྱ་བ	་སྟེ 	ཡོད་པ་དང 	མེད་པ་དང 	དབུས་ལས 	འདས་པ 	bstod tshogs ka_.txt	དངོས་པོ  ཡོད་པ  མ་ཡིན  །_།  ཞེས  བྱ་བ ་སྟེ  ཡོད་པ་དང  མེད་པ་དང  དབུས་ལས  འདས་པ 
ལྟར་ཞེས  བྱ་བ ་ནི 	རོ་གཅིག་པ་སྟེ 	།_ 	ནམ 	མཁའ 	ལྟར་ཞེས 	བྱ་བ	་ནི 	ནམ་མཁའ་དང 	འདྲ་བ 	-ར 	རོ་གཅིག་ཅིང 	bstod tshogs ka_.txt	རོ་གཅིག་པ་སྟེ  །_  ནམ  མཁའ  ལྟར་ཞེས  བྱ་བ ་ནི  ནམ་མཁའ་དང  འདྲ་བ  -ར  རོ་གཅིག་ཅིང 
པར་དུ  བྱ་བ  གཞན་ཡང་སོ་སོ 	-ར 	གྱུར་པའོ 	།_། 	ཁྱད 	པར་དུ 	བྱ་བ 	གཞན་ཡང་སོ་སོ 	རང་རིག 	ཅེས་བྱ་བ་སྟེ 	།_ 	སེམས 	bstod tshogs ka_.txt	-ར  གྱུར་པའོ  །_།  ཁྱད  པར་དུ  བྱ་བ  གཞན་ཡང་སོ་སོ  རང་རིག  ཅེས་བྱ་བ་སྟེ  །_  སེམས 
འཚལ་ལོ་ཞེས  བྱ་བ  -འི 	བྱིན་གྱིས 	བརླབས་པ་ལ 	ལུས་དང་ཡིད་ཀྱིས 	ཕྱག 	འཚལ་ལོ་ཞེས 	བྱ་བ 	-འི 	དོན་ཏོ 	།_། 	རང་གི 	འབྱོར་བ་ནི 	bstod tshogs ka_.txt	བྱིན་གྱིས  བརླབས་པ་ལ  ལུས་དང་ཡིད་ཀྱིས  ཕྱག  འཚལ་ལོ་ཞེས  བྱ་བ  -འི  དོན་ཏོ  །_།  རང་གི  འབྱོར་བ་ནི 
འབྲས་བུ་ཞེས  བྱ་བ ་ནི 	གྱུར་པའོ 	།_། 	ལེགས 	མཛད་བརྒྱ་ཡི 	འབྲས་བུ་ཞེས 	བྱ་བ	་ནི 	སྦྱིན་པ་ལ 	སོགས 	པ་ཕ 	རོལ་ཏུ 	bstod tshogs ka_.txt	གྱུར་པའོ  །_།  ལེགས  མཛད་བརྒྱ་ཡི  འབྲས་བུ་ཞེས  བྱ་བ ་ནི  སྦྱིན་པ་ལ  སོགས  པ་ཕ  རོལ་ཏུ 
ཞེས  བྱ་བ ་ནི 	འཕྲོ་བ 	-ར 	མཛད་པ་པོ 	།_། 	ཞེས 	བྱ་བ	་ནི 	ཤིན་ཏུ 	རྒྱ་ཆེ་བ 	-འི 	དམ་པ 	bstod tshogs ka_.txt	འཕྲོ་བ  -ར  མཛད་པ་པོ  །_།  ཞེས  བྱ་བ ་ནི  ཤིན་ཏུ  རྒྱ་ཆེ་བ  -འི  དམ་པ 
རྒྱས་ཞེས  བྱ་བ ་ནི 	འགྱུར་བ་དེ་ལ 	དེ་སྐད་ཅེས་བྱའོ 	།_། 	སངས 	རྒྱས་ཞེས 	བྱ་བ	་ནི 	ཆོས་ཀྱི་དེ 	ཁོ་ན་ཉིད་ཇི 	ལྟ་བ 	བཞིན་དུ 	bstod tshogs ka_.txt	འགྱུར་བ་དེ་ལ  དེ་སྐད་ཅེས་བྱའོ  །_།  སངས  རྒྱས་ཞེས  བྱ་བ ་ནི  ཆོས་ཀྱི་དེ  ཁོ་ན་ཉིད་ཇི  ལྟ་བ  བཞིན་དུ 
སྐུ་ཞེས  བྱ་བ ་ནི 	།_། 	ལོངས 	སྤྱོད 	རྫོགས 	སྐུ་ཞེས 	བྱ་བ	་ནི 	རྫོགས་པ 	-ར 	ལོངས་སྤྱོད་པ 	-འི 	bstod tshogs ka_.txt	།_།  ལོངས  སྤྱོད  རྫོགས  སྐུ་ཞེས  བྱ་བ ་ནི  རྫོགས་པ  -ར  ལོངས་སྤྱོད་པ  -འི 
གང་ཡིན་ཞེས  བྱ་བ  སྨོས་ཏེ 	ཆོས་ཀྱི 	རྒྱལ་སྲིད 	ཆེན་པོ་ལ 	བཞུགས་པ 	གང་ཡིན་ཞེས 	བྱ་བ 	སྨོས་ཏེ 	།_ 	ཆོས་ཀྱི 	སྲིད་ཀྱང་ཡིན 	ལ་ཆེན་པོ་ཡང 	bstod tshogs ka_.txt	ཆོས་ཀྱི  རྒྱལ་སྲིད  ཆེན་པོ་ལ  བཞུགས་པ  གང་ཡིན་ཞེས  བྱ་བ  སྨོས་ཏེ  །_  ཆོས་ཀྱི  སྲིད་ཀྱང་ཡིན  ལ་ཆེན་པོ་ཡང 
ཞེས  བྱ་བ ་ལ 	འབར 	བཞིན་དུ་གང 	སྣང་ཞིང 	།_། 	ཞེས 	བྱ་བ	་ལ 	སོགས་པ 	སྨོས་ཏེ 	།_ 	སེམས 	bstod tshogs ka_.txt	འབར  བཞིན་དུ་གང  སྣང་ཞིང  །_།  ཞེས  བྱ་བ ་ལ  སོགས་པ  སྨོས་ཏེ  །_  སེམས 
རྣམས་ཀྱིས་ཞེས  བྱ་བ ་སྟེ 	།_ 	སྣ 	ཚོགས 	ཐབས་ཚུལ 	རྣམས་ཀྱིས་ཞེས 	བྱ་བ	་སྟེ 	།_ 	སངས 	རྒྱས་དང 	།_ 	bstod tshogs ka_.txt	།_  སྣ  ཚོགས  ཐབས་ཚུལ  རྣམས་ཀྱིས་ཞེས  བྱ་བ ་སྟེ  །_  སངས  རྒྱས་དང  །_ 
སེལ་ཞེས  བྱ་བ ་སྟེ 	པར་ཅི་ཞིག་ཅེ་ན 	།_ 	སྲིད་པ་གསུམ་གྱི 	འཇིགས 	སེལ་ཞེས 	བྱ་བ	་སྟེ 	།_ 	འདོད་པ་དང 	གཟུགས་དང 	གཟུགས 	bstod tshogs ka_.txt	པར་ཅི་ཞིག་ཅེ་ན  །_  སྲིད་པ་གསུམ་གྱི  འཇིགས  སེལ་ཞེས  བྱ་བ ་སྟེ  །_  འདོད་པ་དང  གཟུགས་དང  གཟུགས 
ཁྱད་པར་དུ  བྱ་བ  -འི 	འཇིགས་པ 	སེལ་བའོ 	།_། 	གཞན་ཡང 	ཁྱད་པར་དུ 	བྱ་བ 	-འི 	ཕྱིར 	ཕྱོགས 	བཅུར 	ཆུབ 	bstod tshogs ka_.txt	འཇིགས་པ  སེལ་བའོ  །_།  གཞན་ཡང  ཁྱད་པར་དུ  བྱ་བ  -འི  ཕྱིར  ཕྱོགས  བཅུར  ཆུབ 
འཚལ་ལོ་ཞེས  བྱ་བ  -འི 	བདག 	ལུས་དང 	ངག་དང་ཡིད་ཀྱིས 	ཕྱག 	འཚལ་ལོ་ཞེས 	བྱ་བ 	-འི 	དོན་ཏོ 	།_། 	དེ 	ཉིད་ཀྱི 	bstod tshogs ka_.txt	བདག  ལུས་དང  ངག་དང་ཡིད་ཀྱིས  ཕྱག  འཚལ་ལོ་ཞེས  བྱ་བ  -འི  དོན་ཏོ  །_།  དེ  ཉིད་ཀྱི 
ཞེས  བྱ་བ  གསུངས་པ 	འདི 	-ར 	སངས་རྒྱས 	།_། 	ཞེས 	བྱ་བ 	གསུངས་པ 	-ས་སོ 	།_། 	དེ 	ལྟར 	bstod tshogs ka_.txt	འདི  -ར  སངས་རྒྱས  །_།  ཞེས  བྱ་བ  གསུངས་པ  -ས་སོ  །_།  དེ  ལྟར 
མཛད་ཅིང་ཞེས  བྱ་བ ་ལ 	སེམས་ཅན 	དོན 	གཅིག 	རྒྱུན་དུ 	མཛད་ཅིང་ཞེས 	བྱ་བ	་ལ 	སོགས་པ 	སྨོས་ཏེ 	།_ 	སེམས 	bstod tshogs ka_.txt	སེམས་ཅན  དོན  གཅིག  རྒྱུན་དུ  མཛད་ཅིང་ཞེས  བྱ་བ ་ལ  སོགས་པ  སྨོས་ཏེ  །_  སེམས 
 བྱ་བ  -འི 						བྱ་བ 	-འི 	དོན 	ཡིན་པ 	-ས་ན 	།_ 	bstod tshogs ka_.txt	     བྱ་བ  -འི  དོན  ཡིན་པ  -ས་ན  །_ 
-ས་ཞེས  བྱ་བ  -ར 	དོན 	མཛད་པ་དེ་ལ 	ཕྱག 	བྱས་པ 	-ས་ཞེས 	བྱ་བ 	-ར 	སྦྱར་རོ 	།_། 	ཡོན་ཏན་ཇི 	ལྟ་བུ་དང 	bstod tshogs ka_.txt	དོན  མཛད་པ་དེ་ལ  ཕྱག  བྱས་པ  -ས་ཞེས  བྱ་བ  -ར  སྦྱར་རོ  །_།  ཡོན་ཏན་ཇི  ལྟ་བུ་དང 
ཞེས  བྱ་བ  སྨོས་ཏེ 	ཆེན་པོ 	དཔག་མེད་ལས 	བྱུང་བའི 	།_། 	ཞེས 	བྱ་བ 	སྨོས་ཏེ 	།_ 	བསོད 	ནམ 	-ས་དང 	bstod tshogs ka_.txt	ཆེན་པོ  དཔག་མེད་ལས  བྱུང་བའི  །_།  ཞེས  བྱ་བ  སྨོས་ཏེ  །_  བསོད  ནམ  -ས་དང 
སྐུ་ཞེས  བྱ་བ  -འི 	སྐུ་དང 	།_ 	སྤྲུལ་པ 	-འི 	སྐུ་ཞེས 	བྱ་བ 	-འི 	སྐུ་གསུམ་པའོ 	།_། 	དེ 	བས་ན 	bstod tshogs ka_.txt	སྐུ་དང  །_  སྤྲུལ་པ  -འི  སྐུ་ཞེས  བྱ་བ  -འི  སྐུ་གསུམ་པའོ  །_།  དེ  བས་ན 
འདས་པ་ཞེས  བྱ་བ ་སྟེ 	།_ 	ཡིད་དང 	ཚིག་གི་ལམ་ལས 	རབ་ཏུ 	འདས་པ་ཞེས 	བྱ་བ	་སྟེ 	།_ 	དམིགས་སུ 	ཡོད་པ 	-འི་ཡིད་ཀྱི 	bstod tshogs ka_.txt	།_  ཡིད་དང  ཚིག་གི་ལམ་ལས  རབ་ཏུ  འདས་པ་ཞེས  བྱ་བ ་སྟེ  །_  དམིགས་སུ  ཡོད་པ  -འི་ཡིད་ཀྱི 
ས་བོན་ཞེས  བྱ་བ ་ནི 	།_། 	བདག་གིས 	དགེ་བ 	བྱང་ཆུབ 	ས་བོན་ཞེས 	བྱ་བ	་ནི 	བྱང་ཆུབ་པ 	-འི 	ས་བོན་ནི 	བྱང་ཆུབ་ཀྱི 	bstod tshogs ka_.txt	།_།  བདག་གིས  དགེ་བ  བྱང་ཆུབ  ས་བོན་ཞེས  བྱ་བ ་ནི  བྱང་ཆུབ་པ  -འི  ས་བོན་ནི  བྱང་ཆུབ་ཀྱི 
སེམས་ཞེས  བྱ་བ  -འི 					སེམས་ཞེས 	བྱ་བ 	-འི 	དོན་ཏོ 	།_། 	དེ 	བསྒྲུབས་ཤིང 	bstod tshogs ka_.txt	    སེམས་ཞེས  བྱ་བ  -འི  དོན་ཏོ  །_།  དེ  བསྒྲུབས་ཤིང 
 བྱ་བ  -འི 						བྱ་བ 	-འི 	དོན་ཏོ 	།_། 	བསྟོད་པ 	-འི 	bstod tshogs ka_.txt	     བྱ་བ  -འི  དོན་ཏོ  །_།  བསྟོད་པ  -འི 
བསྟོད་པ་ཞེས  བྱ་བ  -འི 	ཀླུ་སྒྲུབ་ཀྱིས 	མཛད་པ 	-འི 	སྐུ་གསུམ་ལ 	བསྟོད་པ་ཞེས 	བྱ་བ 	-འི 	འགྲེལ་པ 	རྫོགས་སོ 	།།_།། 	རྒྱ 	bstod tshogs ka_.txt	ཀླུ་སྒྲུབ་ཀྱིས  མཛད་པ  -འི  སྐུ་གསུམ་ལ  བསྟོད་པ་ཞེས  བྱ་བ  -འི  འགྲེལ་པ  རྫོགས་སོ  །།_།།  རྒྱ 
-ར  བྱ་བ  -འི 	།།_༄༅།_། 	སེམས 	ཅན 	མགུ་བ 	-ར 	བྱ་བ 	-འི 	བསྟོད་པ 	།_༄༅༅།_། 	རྒྱ 	གར 	bstod tshogs ka_.txt	།།_༄༅།_།  སེམས  ཅན  མགུ་བ  -ར  བྱ་བ  -འི  བསྟོད་པ  །_༄༅༅།_།  རྒྱ  གར 
-ར  བྱ་བ  -འི 	།_ 	སེམས 	ཅན 	མགུ་བ 	-ར 	བྱ་བ 	-འི 	བསྟོད་པ 	།_ 	འཇམ 	དཔལ 	bstod tshogs ka_.txt	།_  སེམས  ཅན  མགུ་བ  -ར  བྱ་བ  -འི  བསྟོད་པ  །_  འཇམ  དཔལ 
ཀླུང་ཞེས  བྱ་བ  -འི 	སྡེ་སྣོད་བ 	ཚྭ 	-འི 	ཆུ 	ཀླུང་ཞེས 	བྱ་བ 	-འི 	ལུང་ལས 	བཅོམ་ལྡན 	འདས་ཀྱིས 	ཉན་ཐོས 	bstod tshogs ka_.txt	སྡེ་སྣོད་བ  ཚྭ  -འི  ཆུ  ཀླུང་ཞེས  བྱ་བ  -འི  ལུང་ལས  བཅོམ་ལྡན  འདས་ཀྱིས  ཉན་ཐོས 
-ར  བྱ་བ  -འི 	། 	སེམས 	ཅན 	མགུ་བ 	-ར 	བྱ་བ 	-འི 	བསྟོད་པ 	སློབ་དཔོན 	ཀླུ་སྒྲུབ་ཀྱིས 	ཚིགས་སུ 	bstod tshogs ka_.txt	།  སེམས  ཅན  མགུ་བ  -ར  བྱ་བ  -འི  བསྟོད་པ  སློབ་དཔོན  ཀླུ་སྒྲུབ་ཀྱིས  ཚིགས་སུ 
ཡང་ན་དེ་ཡི  བྱ་བ ་བྱེད 	བྱས་པ 	ཅན་དུ 	འགྱུར་བ་ལགས 	།_། 	ཡང་ན་དེ་ཡི 	བྱ་བ	་བྱེད 	།_། 	བྱེད་པ་པོ 	-ར་ནི 	ཐལ་བ 	bstod tshogs ka_.txt	བྱས་པ  ཅན་དུ  འགྱུར་བ་ལགས  །_།  ཡང་ན་དེ་ཡི  བྱ་བ ་བྱེད  །_།  བྱེད་པ་པོ  -ར་ནི  ཐལ་བ 
 བྱ་བ ཞིན 						བྱ་བ	ཞིན 	།_། 	ཤེས 	བྱ 	ཡོད་པ 	bstod tshogs ka_.txt	     བྱ་བ ཞིན  །_།  ཤེས  བྱ  ཡོད་པ 
བསྟོད་པ་ཞེས  བྱ་བ  །_ 	རྗེ་བཙུན 	འཇམ་དཔལ་གྱི 	དོན་དམ་པ 	-འི 	བསྟོད་པ་ཞེས 	བྱ་བ 	།_ 	འཇམ 	དཔལ་གཞོན 	ནུར 	གྱུར་པ་ལ 	bstod tshogs ka_.txt	རྗེ་བཙུན  འཇམ་དཔལ་གྱི  དོན་དམ་པ  -འི  བསྟོད་པ་ཞེས  བྱ་བ  །_  འཇམ  དཔལ་གཞོན  ནུར  གྱུར་པ་ལ 
བསྟོད་པ་ཞེས  བྱ་བ  སློབ་དཔོན 	རྗེ་བཙུན 	འཇམ་དཔལ་གྱི 	དོན་དམ་པ 	-འི 	བསྟོད་པ་ཞེས 	བྱ་བ 	སློབ་དཔོན 	ཆེན་པོ 	ཀླུ་སྒྲུབ་ཀྱི 	ཞལ་སྔ་ནས 	མཛད་པ 	bstod tshogs ka_.txt	རྗེ་བཙུན  འཇམ་དཔལ་གྱི  དོན་དམ་པ  -འི  བསྟོད་པ་ཞེས  བྱ་བ  སློབ་དཔོན  ཆེན་པོ  ཀླུ་སྒྲུབ་ཀྱི  ཞལ་སྔ་ནས  མཛད་པ 
ཆུ་བོ་ནཻ་རཉྫ་ན་ཞེས  བྱ་བ འི 	ག་དྷཱ་ཡི 	བྱང་ཆུབ་ཤིང 	དྲུང་དུ 	།_། 	ཆུ་བོ་ནཻ་རཉྫ་ན་ཞེས 	བྱ་བ	འི 	།_། 	འགྲམ 	བཞུགས 	མཆོད་རྟེན 	bstod tshogs ka_.txt	ག་དྷཱ་ཡི  བྱང་ཆུབ་ཤིང  དྲུང་དུ  །_།  ཆུ་བོ་ནཻ་རཉྫ་ན་ཞེས  བྱ་བ འི  །_།  འགྲམ  བཞུགས  མཆོད་རྟེན 
-ར  བྱ་བ ་དང 	འཇིག 	རྟེན 	ཆོས་དང 	མཐུན་པ 	-ར 	བྱ་བ	་དང 	།_། 	ཁ 	ན་མ 	ཐོ 	bstod tshogs ka_.txt	འཇིག  རྟེན  ཆོས་དང  མཐུན་པ  -ར  བྱ་བ ་དང  །_།  ཁ  ན་མ  ཐོ 
-འི  བྱ་བ  སྙིང་པོ 	འཚལ་ལོ 	།_། 	འཁོར 	བ 	-འི 	བྱ་བ 	སྙིང་པོ 	མེད 	གཟིགས་ནས 	།_། 	ཁྱིམ་ནས 	bstod tshogs ka_.txt	འཚལ་ལོ  །_།  འཁོར  བ  -འི  བྱ་བ  སྙིང་པོ  མེད  གཟིགས་ནས  །_།  ཁྱིམ་ནས 
བསྟོད་པ་ཞེས  བྱ་བ  སློབ་དཔོན 	_། 	མཛད་པ 	བཅུ་གཉིས་ཀྱི 	ཚུལ་ལ 	བསྟོད་པ་ཞེས 	བྱ་བ 	སློབ་དཔོན 	ཆེན་པོ 	འཕགས་པ 	ཀླུ་སྒྲུབ་ཀྱིས 	མཛད་པ 	bstod tshogs ka_.txt	_།  མཛད་པ  བཅུ་གཉིས་ཀྱི  ཚུལ་ལ  བསྟོད་པ་ཞེས  བྱ་བ  སློབ་དཔོན  ཆེན་པོ  འཕགས་པ  ཀླུ་སྒྲུབ་ཀྱིས  མཛད་པ 
བསྟོད་པ་ཞེས  བྱ་བ  །_ 	།_ 	ཕྱག 	འཚལ་བ 	-འི 	བསྟོད་པ་ཞེས 	བྱ་བ 	།_ 	དེ 	བཞིན 	གཤེགས་པ 	ཐམས་ཅད་ལ 	bstod tshogs ka_.txt	།_  ཕྱག  འཚལ་བ  -འི  བསྟོད་པ་ཞེས  བྱ་བ  །_  དེ  བཞིན  གཤེགས་པ  ཐམས་ཅད་ལ 
འདོན་པ་ཞེས  བྱ་བ  །_ 	བོད 	སྐད་དུ 	།_ 	དམྱལ་བ་ནས 	འདོན་པ་ཞེས 	བྱ་བ 	།_ 	འཇིག 	རྟེན 	མགོན་པོ་ལ 	ཕྱག 	bstod tshogs ka_.txt	བོད  སྐད་དུ  །_  དམྱལ་བ་ནས  འདོན་པ་ཞེས  བྱ་བ  །_  འཇིག  རྟེན  མགོན་པོ་ལ  ཕྱག 
འདོན་པ་ཞེས  བྱ་བ  སློབ་དཔོན 	འཇིག་རྟེན 	མགོན་པོ་ལགས 	།_། 	དམྱལ་བ་ནས 	འདོན་པ་ཞེས 	བྱ་བ 	སློབ་དཔོན 	ཆེན་པོ 	ཀླུ་སྒྲུབ་ཀྱིས 	མཛད་པ 	རྫོགས་སོ 	bstod tshogs ka_.txt	འཇིག་རྟེན  མགོན་པོ་ལགས  །_།  དམྱལ་བ་ནས  འདོན་པ་ཞེས  བྱ་བ  སློབ་དཔོན  ཆེན་པོ  ཀླུ་སྒྲུབ་ཀྱིས  མཛད་པ  རྫོགས་སོ 
བསྟོད་པ་ཞེས  བྱ་བ  །_ 	སྐད་དུ 	།_ 	སྤེལ 	མར 	བསྟོད་པ་ཞེས 	བྱ་བ 	།_ 	ཐམས་ཅད 	མཁྱེན་པ་ལ 	ཕྱག 	འཚལ་ལོ 	bstod tshogs ka_.txt	སྐད་དུ  །_  སྤེལ  མར  བསྟོད་པ་ཞེས  བྱ་བ  །_  ཐམས་ཅད  མཁྱེན་པ་ལ  ཕྱག  འཚལ་ལོ 
སྐྱེས་པ་ཞེས  བྱ་བ ་ལས 	འདས་ལ 	བསྟོད་པ 	དད་པ་ལས 	སྤོབས་པ 	སྐྱེས་པ་ཞེས 	བྱ་བ	་ལས 	བསྟོད་པ 	གླེང 	བསླང་བ་ཞེས 	བྱ་བ་སྟེ 	bstod tshogs ka_.txt	འདས་ལ  བསྟོད་པ  དད་པ་ལས  སྤོབས་པ  སྐྱེས་པ་ཞེས  བྱ་བ ་ལས  བསྟོད་པ  གླེང  བསླང་བ་ཞེས  བྱ་བ་སྟེ 
སྐྱེད་པ་ཞེས  བྱ་བ ་ལས 	འདས་ལ 	བསྟོད་པ 	དད་པ་ལས 	སྤོབས་པ 	སྐྱེད་པ་ཞེས 	བྱ་བ	་ལས 	རྒྱུ 	-འི 	སྒོ་ནས 	བསྟོད་པ་ཞེས 	bstod tshogs ka_.txt	འདས་ལ  བསྟོད་པ  དད་པ་ལས  སྤོབས་པ  སྐྱེད་པ་ཞེས  བྱ་བ ་ལས  རྒྱུ  -འི  སྒོ་ནས  བསྟོད་པ་ཞེས 
 བྱ་བ ་སྟེ 						བྱ་བ	་སྟེ 	ལེའུ་གཉིས་པའོ 	།།_།། 	ཡོན་ཏན 	ཐམས་ཅད 	bstod tshogs ka_.txt	     བྱ་བ ་སྟེ  ལེའུ་གཉིས་པའོ  །།_།།  ཡོན་ཏན  ཐམས་ཅད 
སྐྱེས་པ་ཞེས  བྱ་བ ་ལས 	འདས་ལ 	བསྟོད་པ 	དད་པ་ལས 	སྤོབས་པ 	སྐྱེས་པ་ཞེས 	བྱ་བ	་ལས 	དཔེ་མེད 	པར 	བསྟོད་པ་ཞེས 	བྱ་བ་སྟེ 	bstod tshogs ka_.txt	འདས་ལ  བསྟོད་པ  དད་པ་ལས  སྤོབས་པ  སྐྱེས་པ་ཞེས  བྱ་བ ་ལས  དཔེ་མེད  པར  བསྟོད་པ་ཞེས  བྱ་བ་སྟེ 
-ར  བྱ་བ  -འི་རིགས 	གནས་མ་ཡིན་ཡང 	།_། 	གང་གིས 	རྒྱལ་བ 	-ར 	བྱ་བ 	-འི་རིགས 	།_། 	དེ་ཡིས 	སྲིད 	གཞན 	bstod tshogs ka_.txt	གནས་མ་ཡིན་ཡང  །_།  གང་གིས  རྒྱལ་བ  -ར  བྱ་བ  -འི་རིགས  །_།  དེ་ཡིས  སྲིད  གཞན 
-ར  བྱ་བ ་ནི 	།_། 	མང་པོ 	-འང 	གཞོལ་བ 	-ར 	བྱ་བ	་ནི 	།_། 	ཁྱད 	པར 	གནས་ལ 	bstod tshogs ka_.txt	།_།  མང་པོ  -འང  གཞོལ་བ  -ར  བྱ་བ ་ནི  །_།  ཁྱད  པར  གནས་ལ 
སྐྱེས་པ་ཞེས  བྱ་བ ་ལས 	འདས་ལ 	བསྟོད་པ 	དད་པ་ལས 	སྤོབས་པ 	སྐྱེས་པ་ཞེས 	བྱ་བ	་ལས 	རྨད་དུ 	བྱུང་བ 	-ར 	བསྟོད་པ་ཞེས 	bstod tshogs ka_.txt	འདས་ལ  བསྟོད་པ  དད་པ་ལས  སྤོབས་པ  སྐྱེས་པ་ཞེས  བྱ་བ ་ལས  རྨད་དུ  བྱུང་བ  -ར  བསྟོད་པ་ཞེས 
 བྱ་བ ་སྟེ 						བྱ་བ	་སྟེ 	ལེའུ 	བཞི་པའོ 	།།_།། 	གང་གིས 	bstod tshogs ka_.txt	     བྱ་བ ་སྟེ  ལེའུ  བཞི་པའོ  །།_།།  གང་གིས 
སྐྱེས་པ་ཞེས  བྱ་བ ་ལས 	བཅོམ་ལྡན 	འདས་ལ 	བསྟོད་པ་དང་པ་ལས 	སྤོབས་པ 	སྐྱེས་པ་ཞེས 	བྱ་བ	་ལས 	སྐུ་ལ 	བསྟོད་པ་ཞེས 	བྱ་བ་སྟེ 	ལེའུ 	bstod tshogs ka_.txt	བཅོམ་ལྡན  འདས་ལ  བསྟོད་པ་དང་པ་ལས  སྤོབས་པ  སྐྱེས་པ་ཞེས  བྱ་བ ་ལས  སྐུ་ལ  བསྟོད་པ་ཞེས  བྱ་བ་སྟེ  ལེའུ 
-ར  བྱ་བ  -འི་ཕྱིར 	-ར་མཛད 	།_། 	ཤིན་ཏུ 	གསལ་བ 	-ར 	བྱ་བ 	-འི་ཕྱིར 	།_། 	དེ 	ལྟར་གྱི་ཡང 	བཟོད་པ 	bstod tshogs ka_.txt	-ར་མཛད  །_།  ཤིན་ཏུ  གསལ་བ  -ར  བྱ་བ  -འི་ཕྱིར  །_།  དེ  ལྟར་གྱི་ཡང  བཟོད་པ 
སྐྱེས་པ་ཞེས  བྱ་བ ་ལས 	འདས་ལ 	བསྟོད་པ 	དད་པ་ལས 	སྤོབས་པ 	སྐྱེས་པ་ཞེས 	བྱ་བ	་ལས 	ཐུགས་རྗེ་ལ 	བསྟོད་པ་ཞེས 	བྱ་བ་སྟེ 	ལེའུ་དྲུག་པའོ 	bstod tshogs ka_.txt	འདས་ལ  བསྟོད་པ  དད་པ་ལས  སྤོབས་པ  སྐྱེས་པ་ཞེས  བྱ་བ ་ལས  ཐུགས་རྗེ་ལ  བསྟོད་པ་ཞེས  བྱ་བ་སྟེ  ལེའུ་དྲུག་པའོ 
-ར  བྱ་བ  །_། 	དེ 	བཞིན་ལས 	བདག 	གི 	-ར 	བྱ་བ 	།_། 	བདག 	མེད་པ་གང 	དབྱེ 	-ར 	bstod tshogs ka_.txt	དེ  བཞིན་ལས  བདག  གི  -ར  བྱ་བ  །_།  བདག  མེད་པ་གང  དབྱེ  -ར 
སྐྱེས་པ་ཞེས  བྱ་བ ་ལས 	འདས་ལ 	བསྟོད་པ 	དད་པ་ལས 	སྤོབས་པ 	སྐྱེས་པ་ཞེས 	བྱ་བ	་ལས 	གསུང་ལ 	བསྟོད་པ་ཞེས 	བྱ་བ་སྟེ 	ལེའུ་བདུན་པའོ 	bstod tshogs ka_.txt	འདས་ལ  བསྟོད་པ  དད་པ་ལས  སྤོབས་པ  སྐྱེས་པ་ཞེས  བྱ་བ ་ལས  གསུང་ལ  བསྟོད་པ་ཞེས  བྱ་བ་སྟེ  ལེའུ་བདུན་པའོ 
སྐྱེས་པ་ཞེས  བྱ་བ ་ལས 	འདས་ལ 	བསྟོད་པ 	དད་པ་ལས 	སྤོབས་པ 	སྐྱེས་པ་ཞེས 	བྱ་བ	་ལས 	བསྟན་པ་ལ 	བསྟོད་པ་ཞེས 	བྱ་བ་སྟེ 	ལེའུ 	bstod tshogs ka_.txt	འདས་ལ  བསྟོད་པ  དད་པ་ལས  སྤོབས་པ  སྐྱེས་པ་ཞེས  བྱ་བ ་ལས  བསྟན་པ་ལ  བསྟོད་པ་ཞེས  བྱ་བ་སྟེ  ལེའུ 
སྐྱེས་པ་ཞེས  བྱ་བ ་ལས 	འདས་ལ 	བསྟོད་པ 	དད་པ་ལས 	སྤོབས་པ 	སྐྱེས་པ་ཞེས 	བྱ་བ	་ལས 	སྨོན་ལམ་གྱི 	བསྟོད་པ་ཞེས 	བྱ་བ་སྟེ 	ལེའུ 	bstod tshogs ka_.txt	འདས་ལ  བསྟོད་པ  དད་པ་ལས  སྤོབས་པ  སྐྱེས་པ་ཞེས  བྱ་བ ་ལས  སྨོན་ལམ་གྱི  བསྟོད་པ་ཞེས  བྱ་བ་སྟེ  ལེའུ 
པར  བྱ་བ  ཉིད་དུ་གྱུར 	ལྷ 	རྣམས་ཀྱི 	།_། 	སྨོན 	པར 	བྱ་བ 	ཉིད་དུ་གྱུར 	།_། 	སངས 	རྒྱས 	བཅོམ་ལྡན 	bstod tshogs ka_.txt	ལྷ  རྣམས་ཀྱི  །_།  སྨོན  པར  བྱ་བ  ཉིད་དུ་གྱུར  །_།  སངས  རྒྱས  བཅོམ་ལྡན 
སྐྱེས་པ་ཞེས  བྱ་བ  ལས་ལམ་ལ 	འདས་ལ 	བསྟོད་པ 	དད་པ་ལས 	སྤོབས་པ 	སྐྱེས་པ་ཞེས 	བྱ་བ 	ལས་ལམ་ལ 	འཇུག་པ་ལ 	བསྟོད་པ་ཞེས 	བྱ་བ་སྟེ 	ལེའུ 	bstod tshogs ka_.txt	འདས་ལ  བསྟོད་པ  དད་པ་ལས  སྤོབས་པ  སྐྱེས་པ་ཞེས  བྱ་བ  ལས་ལམ་ལ  འཇུག་པ་ལ  བསྟོད་པ་ཞེས  བྱ་བ་སྟེ  ལེའུ 
སྐྱེས་པ་ཞེས  བྱ་བ ་ལས 	འདས་ལ 	བསྟོད་པ 	དད་པ་ལས 	སྤོབས་པ 	སྐྱེས་པ་ཞེས 	བྱ་བ	་ལས 	དཀའ་བ 	མཛད་པ་ལ 	བསྟོད་པ་ཞེས 	བྱ་བ་སྟེ 	bstod tshogs ka_.txt	འདས་ལ  བསྟོད་པ  དད་པ་ལས  སྤོབས་པ  སྐྱེས་པ་ཞེས  བྱ་བ ་ལས  དཀའ་བ  མཛད་པ་ལ  བསྟོད་པ་ཞེས  བྱ་བ་སྟེ 
སྐྱེས་པ་ཞེས  བྱ་བ ་ལས 	འདས་ལ 	བསྟོད་པ 	དད་པ་ལས 	སྤོབས་པ 	སྐྱེས་པ་ཞེས 	བྱ་བ	་ལས 	མཁས་པ 	-ར 	བསྟོད་པ་ཞེས 	བྱ་བ་སྟེ 	bstod tshogs ka_.txt	འདས་ལ  བསྟོད་པ  དད་པ་ལས  སྤོབས་པ  སྐྱེས་པ་ཞེས  བྱ་བ ་ལས  མཁས་པ  -ར  བསྟོད་པ་ཞེས  བྱ་བ་སྟེ 
སྐྱེས་པ་ཞེས  བྱ་བ ་ལས 	འདས་ལ 	བསྟོད་པ 	དད་པ་ལས 	སྤོབས་པ 	སྐྱེས་པ་ཞེས 	བྱ་བ	་ལས 	བུ་ལོན 	མེད་པ 	-ར 	བསྟོད་པ་ཞེས 	bstod tshogs ka_.txt	འདས་ལ  བསྟོད་པ  དད་པ་ལས  སྤོབས་པ  སྐྱེས་པ་ཞེས  བྱ་བ ་ལས  བུ་ལོན  མེད་པ  -ར  བསྟོད་པ་ཞེས 
 བྱ་བ ་སྟེ 						བྱ་བ	་སྟེ 	ལེའུ 	བཅུ་གསུམ་པའོ 	།།_།། 	སྤེལ 	bstod tshogs ka_.txt	     བྱ་བ ་སྟེ  ལེའུ  བཅུ་གསུམ་པའོ  །།_།།  སྤེལ 
 བྱ་བ  སློབ་དཔོན 	མར 	བསྟོད་པ་ཞེས 				བྱ་བ 	སློབ་དཔོན 	ཆེན་པོ 	མ་ཏི་ཙི་ཊ་དང 	།_ 	སློབ་དཔོན 	bstod tshogs ka_.txt	མར  བསྟོད་པ་ཞེས     བྱ་བ  སློབ་དཔོན  ཆེན་པོ  མ་ཏི་ཙི་ཊ་དང  །_  སློབ་དཔོན 
འཚལ་ཞེས  བྱ་བ  གླེང 	བ 	-འི 	ཡོན་ཏན 	མཐའ་མི 	འཚལ་ཞེས 	བྱ་བ 	གླེང 	བསླང་བ 	-འི 	ཚིགས་སུ 	བཅད་པ 	bstod tshogs ka_.txt	བ  -འི  ཡོན་ཏན  མཐའ་མི  འཚལ་ཞེས  བྱ་བ  གླེང  བསླང་བ  -འི  ཚིགས་སུ  བཅད་པ 
-ར  བྱ་བ ་དང 	ཤེས་པ་དང 	_།_ 	སྒྲོ་འདོགས་པ 	མེད་པ 	-ར 	བྱ་བ	་དང 	།_ 	ང 	རྒྱལ 	མེད་པ 	bstod tshogs ka_.txt	ཤེས་པ་དང  _།_  སྒྲོ་འདོགས་པ  མེད་པ  -ར  བྱ་བ ་དང  །_  ང  རྒྱལ  མེད་པ 
-ར  བྱ་བ ་དང 					-ར 	བྱ་བ	་དང 	།_ 	འདོད་པ 	-འི 	དོན 	bstod tshogs ka_.txt	    -ར  བྱ་བ ་དང  །_  འདོད་པ  -འི  དོན 
 བྱ་བ  རྣམས 	བསྒྲུབ་པ 	-ར 				བྱ་བ 	རྣམས 	བསྟན་ཏོ 	།_། 	དེ་ལ 	དང་པོ 	bstod tshogs ka_.txt	བསྒྲུབ་པ  -ར     བྱ་བ  རྣམས  བསྟན་ཏོ  །_།  དེ་ལ  དང་པོ 
བགྱིས་ཀྱང་ཞེས  བྱ་བ  འདི 	འདི 	-ས 	ཁྱོད་ལ 	བསྟོད་པ 	བགྱིས་ཀྱང་ཞེས 	བྱ་བ 	འདི 	-ས་ནི 	སྒྲོ་འདོགས་པ 	མེད་པ 	ཉིད་དོ 	bstod tshogs ka_.txt	འདི  -ས  ཁྱོད་ལ  བསྟོད་པ  བགྱིས་ཀྱང་ཞེས  བྱ་བ  འདི  -ས་ནི  སྒྲོ་འདོགས་པ  མེད་པ  ཉིད་དོ 
 བྱ་བ  འདི 	།_། 	རབ་ཏུ་ཆུང་ཡང་ཞེས 				བྱ་བ 	འདི 	-ས་ནི 	ང་རྒྱལ 	མེད་པ 	ཉིད་དོ 	bstod tshogs ka_.txt	།_།  རབ་ཏུ་ཆུང་ཡང་ཞེས     བྱ་བ  འདི  -ས་ནི  ང་རྒྱལ  མེད་པ  ཉིད་དོ 
ཞེས  བྱ་བ  འདི 	བློ་གྲོས 	རབ་ཏུ་ཆུང་ཡང 	བརྩོན་པ་ལགས 	།_ 	ཞེས 	བྱ་བ 	འདི 	-ས་ནི 	འདོད་པ 	-འི 	དོན 	bstod tshogs ka_.txt	བློ་གྲོས  རབ་ཏུ་ཆུང་ཡང  བརྩོན་པ་ལགས  །_  ཞེས  བྱ་བ  འདི  -ས་ནི  འདོད་པ  -འི  དོན 
 བྱ་བ  བསྟན་ཏོ 	བསྒྲུབ་པ 	-ར 				བྱ་བ 	བསྟན་ཏོ 	།_། 	དེ་ལ 	ངན་སོང 	གནས 	bstod tshogs ka_.txt	བསྒྲུབ་པ  -ར     བྱ་བ  བསྟན་ཏོ  །_།  དེ་ལ  ངན་སོང  གནས 
 བྱ་བ ་ལ 	ན 	-འང་ཞེས 				བྱ་བ	་ལ 	སོགས་པ 	-འི 	ཚིགས་སུ 	བཅད་པ 	bstod tshogs ka_.txt	ན  -འང་ཞེས     བྱ་བ ་ལ  སོགས་པ  -འི  ཚིགས་སུ  བཅད་པ 
དོན  བྱ་བ  -འི 	གནས་སྐབས་ཡིན་ནོ 	།_། 	སེམས 	ཅན་གྱི 	དོན 	བྱ་བ 	-འི 	གནས་སྐབས་ནི 	ཆོས་ཀྱི 	འཁོར་ལོ 	བསྐོར་བ་ལ 	bstod tshogs ka_.txt	གནས་སྐབས་ཡིན་ནོ  །_།  སེམས  ཅན་གྱི  དོན  བྱ་བ  -འི  གནས་སྐབས་ནི  ཆོས་ཀྱི  འཁོར་ལོ  བསྐོར་བ་ལ 
-འང་ཞེས  བྱ་བ  འདི 	དེ་ལ 	ངན་སོང 	གནས 	ན 	-འང་ཞེས 	བྱ་བ 	འདི 	-ས་ནི 	གཞན་གྱི 	དོན་ལ 	འགྱུར་བ 	bstod tshogs ka_.txt	དེ་ལ  ངན་སོང  གནས  ན  -འང་ཞེས  བྱ་བ  འདི  -ས་ནི  གཞན་གྱི  དོན་ལ  འགྱུར་བ 
སེམས་ཅན་ལ་ཞེས  བྱ་བ  འདི་དག་ནི 	སྡུག་བསྔལ 	རྣམས་ཀྱིས 	སྨས་པ 	-འི 	སེམས་ཅན་ལ་ཞེས 	བྱ་བ 	འདི་དག་ནི 	སྡུག་བསྔལ 	བསྐྱེད་པ 	ལ་སོ 	སོར་རྟོག་པའོ 	bstod tshogs ka_.txt	སྡུག་བསྔལ  རྣམས་ཀྱིས  སྨས་པ  -འི  སེམས་ཅན་ལ་ཞེས  བྱ་བ  འདི་དག་ནི  སྡུག་བསྔལ  བསྐྱེད་པ  ལ་སོ  སོར་རྟོག་པའོ 
-ས་ཞེས  བྱ་བ  འདི་དག་ནི 	།_། 	མ 	རིག 	ལྡོངས་པ 	-ས་ཞེས 	བྱ་བ 	འདི་དག་ནི 	ཕན 	བཏགས་པ 	ལ་སོ 	སོར་རྟོག་པའོ 	bstod tshogs ka_.txt	།_།  མ  རིག  ལྡོངས་པ  -ས་ཞེས  བྱ་བ  འདི་དག་ནི  ཕན  བཏགས་པ  ལ་སོ  སོར་རྟོག་པའོ 
-ར་ཞེས  བྱ་བ  འདི་དག་ནི 	།_། 	སྔོན 	ཆད 	འཁོར་བ 	-ར་ཞེས 	བྱ་བ 	འདི་དག་ནི 	གྲོགས 	བྱས་པ 	ལ་སོ 	སོར་རྟོག་པའོ 	bstod tshogs ka_.txt	།_།  སྔོན  ཆད  འཁོར་བ  -ར་ཞེས  བྱ་བ  འདི་དག་ནི  གྲོགས  བྱས་པ  ལ་སོ  སོར་རྟོག་པའོ 
དགོངས་ཞེས  བྱ་བ  འདི་དག་ནི 	།_། 	ལོངས 	སྤྱད 	འདས 	དགོངས་ཞེས 	བྱ་བ 	འདི་དག་ནི 	ཡང་དག 	པར 	ལོངས 	སྤྱད་པ 	bstod tshogs ka_.txt	།_།  ལོངས  སྤྱད  འདས  དགོངས་ཞེས  བྱ་བ  འདི་དག་ནི  ཡང་དག  པར  ལོངས  སྤྱད་པ 
འདས་ཞེས  བྱ་བ  འདི་དག་ནི 	སླད 	འགྲོ་བ 	མྱ་ངན 	མ 	འདས་ཞེས 	བྱ་བ 	འདི་དག་ནི 	བྱང་ཆུབ་ཀྱི 	སྨོན་ལམ་ཡིན་ནོ 	།_། 	དེའི 	bstod tshogs ka_.txt	སླད  འགྲོ་བ  མྱ་ངན  མ  འདས་ཞེས  བྱ་བ  འདི་དག་ནི  བྱང་ཆུབ་ཀྱི  སྨོན་ལམ་ཡིན་ནོ  །_།  དེའི 
དག་ཏུ་ཞེས  བྱ་བ  འདི་དག་ནི 	རེ་ཞིག 	སྨད་པ 	-འི 	གནས་སྐབས 	དག་ཏུ་ཞེས 	བྱ་བ 	འདི་དག་ནི 	རིགས 	ཡོད་པ 	ཉིད་ཡིན་ནོ 	།_། 	bstod tshogs ka_.txt	རེ་ཞིག  སྨད་པ  -འི  གནས་སྐབས  དག་ཏུ་ཞེས  བྱ་བ  འདི་དག་ནི  རིགས  ཡོད་པ  ཉིད་ཡིན་ནོ  །_། 
རག་ལས་ཞེས  བྱ་བ  འདི་དག་ནི 	གང 	སླད 	གལ་ཏེ 	རང་ལ 	རག་ལས་ཞེས 	བྱ་བ 	འདི་དག་ནི 	དགེ་བ 	-འི 	བཤེས་གཉེན་ལ 	བརྟེན་པའོ 	bstod tshogs ka_.txt	གང  སླད  གལ་ཏེ  རང་ལ  རག་ལས་ཞེས  བྱ་བ  འདི་དག་ནི  དགེ་བ  -འི  བཤེས་གཉེན་ལ  བརྟེན་པའོ 
 བྱ་བ  འདི་དག་ནི 						བྱ་བ 	འདི་དག་ནི 	སྙིང་རྗེ་ཡིན་ནོ 	།_། 	འཇིག 	རྟེན 	bstod tshogs ka_.txt	     བྱ་བ  འདི་དག་ནི  སྙིང་རྗེ་ཡིན་ནོ  །_།  འཇིག  རྟེན 
 བྱ་བ  འདི་དག་ནི 	འདི་དག 	རང 	ལ 	-འང་ཞེས 		བྱ་བ 	འདི་དག་ནི 	སྡུག་བསྔལ་གྱིས 	མི་ལྡོག་པ་ཡིན་ཏེ 	།_ 	དེ 	bstod tshogs ka_.txt	འདི་དག  རང  ལ  -འང་ཞེས   བྱ་བ  འདི་དག་ནི  སྡུག་བསྔལ་གྱིས  མི་ལྡོག་པ་ཡིན་ཏེ  །_  དེ 
གནས་སྐབས་ཞེས  བྱ་བ ་ཡང 	།།_།། 	སྦྱོར 	བ 	-འི 	གནས་སྐབས་ཞེས 	བྱ་བ	་ཡང 	ཕ་རོལ་ཏུ 	ཕྱིན་པ 	སྟོན་པ 	ཇི་སྙེད་པ་ཡིན་ནོ 	bstod tshogs ka_.txt	།།_།།  སྦྱོར  བ  -འི  གནས་སྐབས་ཞེས  བྱ་བ ་ཡང  ཕ་རོལ་ཏུ  ཕྱིན་པ  སྟོན་པ  ཇི་སྙེད་པ་ཡིན་ནོ 
ཞེས  བྱ་བ  འདི་དག་གིས་ནི 	བསམ 	ལྡན 	མཐོང་ན་ཡང 	།_། 	ཞེས 	བྱ་བ 	འདི་དག་གིས་ནི 	སྦྱིན་པ 	-འི 	ཕ་རོལ་ཏུ 	ཕྱིན་པ 	bstod tshogs ka_.txt	བསམ  ལྡན  མཐོང་ན་ཡང  །_།  ཞེས  བྱ་བ  འདི་དག་གིས་ནི  སྦྱིན་པ  -འི  ཕ་རོལ་ཏུ  ཕྱིན་པ 
སྨྲ་ཡང་ཞེས  བྱ་བ  འདི་དག་གིས་ནི 	པར 	ལྡན་པ 	-འི 	ཚིག 	སྨྲ་ཡང་ཞེས 	བྱ་བ 	འདི་དག་གིས་ནི 	ཚུལ་ཁྲིམས་ཀྱི 	ཕ་རོལ་ཏུ 	ཕྱིན་པ 	བསྟན་ཏོ 	bstod tshogs ka_.txt	པར  ལྡན་པ  -འི  ཚིག  སྨྲ་ཡང་ཞེས  བྱ་བ  འདི་དག་གིས་ནི  ཚུལ་ཁྲིམས་ཀྱི  ཕ་རོལ་ཏུ  ཕྱིན་པ  བསྟན་ཏོ 
མི་དགེའི་ལས་ཀྱང་ཞེས  བྱ་བ  འདི་དག་གིས་ནི 	གང 	སླད 	མཁས་པ 	རྣམས་ཀྱི 	མི་དགེའི་ལས་ཀྱང་ཞེས 	བྱ་བ 	འདི་དག་གིས་ནི 	མི་མཐུན་པ 	-འི 	ཕྱོགས 	སྤངས་པ 	bstod tshogs ka_.txt	གང  སླད  མཁས་པ  རྣམས་ཀྱི  མི་དགེའི་ལས་ཀྱང་ཞེས  བྱ་བ  འདི་དག་གིས་ནི  མི་མཐུན་པ  -འི  ཕྱོགས  སྤངས་པ 
 བྱ་བ  འདི་དག་གིས་ནི 						བྱ་བ 	འདི་དག་གིས་ནི 	བརྩོན་འགྲུས་ཀྱི 	ཕ་རོལ་ཏུ 	ཕྱིན་པ 	བསྟན་ཏོ 	bstod tshogs ka_.txt	     བྱ་བ  འདི་དག་གིས་ནི  བརྩོན་འགྲུས་ཀྱི  ཕ་རོལ་ཏུ  ཕྱིན་པ  བསྟན་ཏོ 
སྤངས་ཞེས  བྱ་བ  འདི་དག་གིས་ནི 	སྦྱིན 	པར 	བཞེད་པ 	མ 	སྤངས་ཞེས 	བྱ་བ 	འདི་དག་གིས་ནི 	མི་མཐུན་པ 	-འི 	ཕྱོགས 	སྤངས་པ 	bstod tshogs ka_.txt	སྦྱིན  པར  བཞེད་པ  མ  སྤངས་ཞེས  བྱ་བ  འདི་དག་གིས་ནི  མི་མཐུན་པ  -འི  ཕྱོགས  སྤངས་པ 
མཛད་ལ་ཞེས  བྱ་བ  འདི་དག་གིས་ནི 	།_། 	བདག 	བསྟོད 	མ 	མཛད་ལ་ཞེས 	བྱ་བ 	འདི་དག་གིས་ནི 	མི་མཐུན་པ 	-འི 	ཕྱོགས 	སྤངས་པ 	bstod tshogs ka_.txt	།_།  བདག  བསྟོད  མ  མཛད་ལ་ཞེས  བྱ་བ  འདི་དག་གིས་ནི  མི་མཐུན་པ  -འི  ཕྱོགས  སྤངས་པ 
-ས་ཞེས  བྱ་བ  འདི་དག་དང 	།_། 	སྲིད་དང 	ཉོན་མོངས 	སྐྱོ་བ 	-ས་ཞེས 	བྱ་བ 	འདི་དག་དང 	།_ 	ཤེས 	རབ་ལ 	སོགས 	bstod tshogs ka_.txt	།_།  སྲིད་དང  ཉོན་མོངས  སྐྱོ་བ  -ས་ཞེས  བྱ་བ  འདི་དག་དང  །_  ཤེས  རབ་ལ  སོགས 
ཡོན་ཏན་ཞེས  བྱ་བ  -འི 					ཡོན་ཏན་ཞེས 	བྱ་བ 	-འི 	ཚིགས་སུ 	བཅད་པ 	འདི་གཉིས་ཀྱིས 	བརྒལ་བ་དང 	bstod tshogs ka_.txt	    ཡོན་ཏན་ཞེས  བྱ་བ  -འི  ཚིགས་སུ  བཅད་པ  འདི་གཉིས་ཀྱིས  བརྒལ་བ་དང 
གྱུར་ཞེས  བྱ་བ  འདི་དག་གིས་ནི 	དུས 	འགའ་འང 	བྱུང 	མ 	གྱུར་ཞེས 	བྱ་བ 	འདི་དག་གིས་ནི 	ཕུན 	སུམ 	ཚོགས་པ 	རྫོགས་པ 	bstod tshogs ka_.txt	དུས  འགའ་འང  བྱུང  མ  གྱུར་ཞེས  བྱ་བ  འདི་དག་གིས་ནི  ཕུན  སུམ  ཚོགས་པ  རྫོགས་པ 
ཟླ་བ་ཞེས  བྱ་བ  འདི་དག་གིས་ནི 	།_། 	མཚན་མོ 	སྟོན་ཀ 	-འི 	ཟླ་བ་ཞེས 	བྱ་བ 	འདི་དག་གིས་ནི 	སྟོབས་ཀྱི 	ཕ་རོལ་ཏུ 	ཕྱིན་པ 	བསྟན་ཏོ 	bstod tshogs ka_.txt	།_།  མཚན་མོ  སྟོན་ཀ  -འི  ཟླ་བ་ཞེས  བྱ་བ  འདི་དག་གིས་ནི  སྟོབས་ཀྱི  ཕ་རོལ་ཏུ  ཕྱིན་པ  བསྟན་ཏོ 
ཚེ་ཞེས  བྱ་བ  འདི་དག་གིས་ནི 	སྡུག་བསྔལ 	དག་གིས 	སྨ 	-ས 	ཚེ་ཞེས 	བྱ་བ 	འདི་དག་གིས་ནི 	ཡེ་ཤེས་ཀྱི 	ཕ་རོལ་ཏུ 	ཕྱིན་པ 	བསྟན་ཏོ 	bstod tshogs ka_.txt	སྡུག་བསྔལ  དག་གིས  སྨ  -ས  ཚེ་ཞེས  བྱ་བ  འདི་དག་གིས་ནི  ཡེ་ཤེས་ཀྱི  ཕ་རོལ་ཏུ  ཕྱིན་པ  བསྟན་ཏོ 
པར  བྱ་བ  ཕུན 	སུམ 	ཚོགས་པ་དང 	།_ 	སྦྱིན 	པར 	བྱ་བ 	ཕུན 	སུམ 	ཚོགས་པའོ 	།_། 	ཕྱུག་ཅིང 	bstod tshogs ka_.txt	སུམ  ཚོགས་པ་དང  །_  སྦྱིན  པར  བྱ་བ  ཕུན  སུམ  ཚོགས་པའོ  །_།  ཕྱུག་ཅིང 
འབྱོར་པ་ཞེས  བྱ་བ  འདི་དག་གིས་ནི 					འབྱོར་པ་ཞེས 	བྱ་བ 	འདི་དག་གིས་ནི 	བསམ་པ 	ཕུན 	སུམ 	ཚོགས་པ 	bstod tshogs ka_.txt	    འབྱོར་པ་ཞེས  བྱ་བ  འདི་དག་གིས་ནི  བསམ་པ  ཕུན  སུམ  ཚོགས་པ 
མཆིས་ཞེས  བྱ་བ  འདི་དག་གིས་ནི 	སྦྱིན 	པར 	སྤྲོ 	མ 	མཆིས་ཞེས 	བྱ་བ 	འདི་དག་གིས་ནི 	སྦྱོར་བ 	ཕུན 	སུམ 	ཚོགས་པའོ 	bstod tshogs ka_.txt	སྦྱིན  པར  སྤྲོ  མ  མཆིས་ཞེས  བྱ་བ  འདི་དག་གིས་ནི  སྦྱོར་བ  ཕུན  སུམ  ཚོགས་པའོ 
ལྟ་བུ་ཞེས  བྱ་བ  འདི་དག་གིས་ནི 	སྨིན་པ 	དག་ཏུ 	བྱ 	རྣམས 	ལྟ་བུ་ཞེས 	བྱ་བ 	འདི་དག་གིས་ནི 	ལེན་པ་པོ 	ཕུན 	སུམ 	ཚོགས་པའོ 	bstod tshogs ka_.txt	སྨིན་པ  དག་ཏུ  བྱ  རྣམས  ལྟ་བུ་ཞེས  བྱ་བ  འདི་དག་གིས་ནི  ལེན་པ་པོ  ཕུན  སུམ  ཚོགས་པའོ 
བཙུན་མོ་ཞེས  བྱ་བ  འདི་དག་གིས་ནི 	།_། 	དཔལ 	འབྱོར 	འབངས་དང 	བཙུན་མོ་ཞེས 	བྱ་བ 	འདི་དག་གིས་ནི 	སྦྱིན་པ 	-ར 	བྱ་བ 	ཕུན 	bstod tshogs ka_.txt	།_།  དཔལ  འབྱོར  འབངས་དང  བཙུན་མོ་ཞེས  བྱ་བ  འདི་དག་གིས་ནི  སྦྱིན་པ  -ར  བྱ་བ  ཕུན 
སྐྱེ་ཞེས  བྱ་བ  འདི་དག་གིས་ནི 	འཇིག 	རྟེན 	འདི་ལ 	གནོད་པ 	སྐྱེ་ཞེས 	བྱ་བ 	འདི་དག་གིས་ནི 	རང་བཞིན 	ཡོངས་སུ 	དག་པ 	-འི 	bstod tshogs ka_.txt	འཇིག  རྟེན  འདི་ལ  གནོད་པ  སྐྱེ་ཞེས  བྱ་བ  འདི་དག་གིས་ནི  རང་བཞིན  ཡོངས་སུ  དག་པ  -འི 
ཟིན་ལ་ཞེས  བྱ་བ  འདི་དག་གིས་ནི 	ཇི 	ལྟར 	སྨན་པ 	གདོན་གྱིས 	ཟིན་ལ་ཞེས 	བྱ་བ 	འདི་དག་གིས་ནི 	རྣམ་པ 	-ར 	རྟོག་པ་དང 	བྲལ་བ 	bstod tshogs ka_.txt	ཇི  ལྟར  སྨན་པ  གདོན་གྱིས  ཟིན་ལ་ཞེས  བྱ་བ  འདི་དག་གིས་ནི  རྣམ་པ  -ར  རྟོག་པ་དང  བྲལ་བ 
-ས་ཞེས  བྱ་བ  འདི་དག་གིས་ནི 	ནོར 	ལྷག 	རྣམས་ལ 	གུས་པ 	-ས་ཞེས 	བྱ་བ 	འདི་དག་གིས་ནི 	ཐབས་ཀྱིས 	རྒྱས་པ 	-འི 	བརྩོན་འགྲུས་ཀྱི 	bstod tshogs ka_.txt	ནོར  ལྷག  རྣམས་ལ  གུས་པ  -ས་ཞེས  བྱ་བ  འདི་དག་གིས་ནི  ཐབས་ཀྱིས  རྒྱས་པ  -འི  བརྩོན་འགྲུས་ཀྱི 
ལུས་ཞེས  བྱ་བ  འདི་དག་གིས་ནི 	ཇི 	ལྟར 	མ་མ 	རང 	ལུས་ཞེས 	བྱ་བ 	འདི་དག་གིས་ནི 	སྐྱེ་བ 	-ས 	སྟོང་པ 	-འི 	bstod tshogs ka_.txt	ཇི  ལྟར  མ་མ  རང  ལུས་ཞེས  བྱ་བ  འདི་དག་གིས་ནི  སྐྱེ་བ  -ས  སྟོང་པ  -འི 
བློ་གྲོས་ཞེས  བྱ་བ  འདི་དག་གིས་ནི 	ཕྱིན་པ 	བསྟན་ཏོ 	།_། 	ཁྱོད་ཀྱི 	བློ་གྲོས་ཞེས 	བྱ་བ 	འདི་དག་གིས་ནི 	ཐབས 	དང་བཅས་པ 	-འི 	བརྩོན་པ 	bstod tshogs ka_.txt	ཕྱིན་པ  བསྟན་ཏོ  །_།  ཁྱོད་ཀྱི  བློ་གྲོས་ཞེས  བྱ་བ  འདི་དག་གིས་ནི  ཐབས  དང་བཅས་པ  -འི  བརྩོན་པ 
དོན་དམ་ཞེས  བྱ་བ  -འི 	ཅེས་བྱ་བ 	འདི་དག་དང་གང 	སླད 	ཤེས་རབ 	དོན་དམ་ཞེས 	བྱ་བ 	-འི 	ཚིགས་སུ 	བཅད་པ 	འདི་གཉིས་ཀྱིས་ནི 	བརྒལ་བ་དང 	bstod tshogs ka_.txt	ཅེས་བྱ་བ  འདི་དག་དང་གང  སླད  ཤེས་རབ  དོན་དམ་ཞེས  བྱ་བ  -འི  ཚིགས་སུ  བཅད་པ  འདི་གཉིས་ཀྱིས་ནི  བརྒལ་བ་དང 
 བྱ་བ  འདི་དག་གིས་ནི 						བྱ་བ 	འདི་དག་གིས་ནི 	ཉོན་མོངས་པ་ལ 	མངའ་དབང 	མཛད་པ 	བསྟན་ཏོ 	bstod tshogs ka_.txt	     བྱ་བ  འདི་དག་གིས་ནི  ཉོན་མོངས་པ་ལ  མངའ་དབང  མཛད་པ  བསྟན་ཏོ 
-ས་ཞེས  བྱ་བ  འདི་དག་གིས་ནི 	དྲན་དང 	མཁྱེན་པ 	-ས 	གཟུང་བ 	-ས་ཞེས 	བྱ་བ 	འདི་དག་གིས་ནི 	དེ 	-འི 	དགོས་པའོ 	།_། 	bstod tshogs ka_.txt	དྲན་དང  མཁྱེན་པ  -ས  གཟུང་བ  -ས་ཞེས  བྱ་བ  འདི་དག་གིས་ནི  དེ  -འི  དགོས་པའོ  །_། 
 བྱ་བ  འདི་དག་གིས་ནི 	འགྲོ་བ 	ཉོན་མོངས 	གྱུར་ཞེས 			བྱ་བ 	འདི་དག་གིས་ནི 	སྐྱེ་བ་ལ 	མངའ་དབང 	མཛད་པའོ 	།_། 	bstod tshogs ka_.txt	འགྲོ་བ  ཉོན་མོངས  གྱུར་ཞེས    བྱ་བ  འདི་དག་གིས་ནི  སྐྱེ་བ་ལ  མངའ་དབང  མཛད་པའོ  །_། 
ཞེས  བྱ་བ  དེ་དག་གིས་ནི 	ཕྲ་རྒྱས 	རྣམས 	བཅོམ་ནས 	།_། 	ཞེས 	བྱ་བ 	དེ་དག་གིས་ནི 	དེ 	-འི 	དགོས་པའོ 	།_། 	bstod tshogs ka_.txt	ཕྲ་རྒྱས  རྣམས  བཅོམ་ནས  །_།  ཞེས  བྱ་བ  དེ་དག་གིས་ནི  དེ  -འི  དགོས་པའོ  །_། 
 བྱ་བ  འདི་དག་གིས 	སྔོན་གྱི 	མི་དགེའི 	ཕྲིན་ལས་ཞེས 			བྱ་བ 	འདི་དག་གིས 	ནི་ལ 	-ས་ལ 	མངའ་དབང 	མཛད་པའོ 	bstod tshogs ka_.txt	སྔོན་གྱི  མི་དགེའི  ཕྲིན་ལས་ཞེས    བྱ་བ  འདི་དག་གིས  ནི་ལ  -ས་ལ  མངའ་དབང  མཛད་པའོ 
 བྱ་བ  འདི་དག་གིས་ནི 	།_། 	དེ 	བཞིན་དུ 	མི་དགེའི་ཞེས 		བྱ་བ 	འདི་དག་གིས་ནི 	དེ 	-འི 	དགོས་པའོ 	།_། 	bstod tshogs ka_.txt	།_།  དེ  བཞིན་དུ  མི་དགེའི་ཞེས   བྱ་བ  འདི་དག་གིས་ནི  དེ  -འི  དགོས་པའོ  །_། 
བྲལ་ཞེས  བྱ་བ  འདི་དག་གིས་ནི 	རེས་འགའ 	ཐུགས་རྗེ 	དག་དང 	མ 	བྲལ་ཞེས 	བྱ་བ 	འདི་དག་གིས་ནི 	ཐབས་ལ 	མངའ་དབང 	མཛད་པའོ 	།_། 	bstod tshogs ka_.txt	རེས་འགའ  ཐུགས་རྗེ  དག་དང  མ  བྲལ་ཞེས  བྱ་བ  འདི་དག་གིས་ནི  ཐབས་ལ  མངའ་དབང  མཛད་པའོ  །_། 
 བྱ་བ  འདི་དག་གིས་ནི 	གང 	སླད 	སྣ་ཚོགས 	ཐབས་ཀྱིས་ཞེས 		བྱ་བ 	འདི་དག་གིས་ནི 	དེ 	-འི 	དགོས་པའོ 	།_། 	bstod tshogs ka_.txt	གང  སླད  སྣ་ཚོགས  ཐབས་ཀྱིས་ཞེས   བྱ་བ  འདི་དག་གིས་ནི  དེ  -འི  དགོས་པའོ  །_། 
ཞུགས་ཞེས  བྱ་བ  འདི་དག་གིས་ནི 	ཁ་ཅིག 	བྱང་ཆུབ་གསུམ་ལ 	བློ་གྲོས་ཅི 	རིགས 	ཞུགས་ཞེས 	བྱ་བ 	འདི་དག་གིས་ནི 	སེམས་ཅན 	ཡོངས་སུ 	སྨིན་པ 	-ར 	bstod tshogs ka_.txt	ཁ་ཅིག  བྱང་ཆུབ་གསུམ་ལ  བློ་གྲོས་ཅི  རིགས  ཞུགས་ཞེས  བྱ་བ  འདི་དག་གིས་ནི  སེམས་ཅན  ཡོངས་སུ  སྨིན་པ  -ར 
 བྱ་བ ་ལ 						བྱ་བ	་ལ 	མངའ་དབང 	མཛད་པའོ 	།_། 	ངེས 	bstod tshogs ka_.txt	     བྱ་བ ་ལ  མངའ་དབང  མཛད་པའོ  །_།  ངེས 
 བྱ་བ  འདི་དག་གིས་ནི 	པར 	ཐར 	འཚལ་བ་ཞེས 			བྱ་བ 	འདི་དག་གིས་ནི 	དེ 	-འི 	དགོས་པའོ 	།_། 	bstod tshogs ka_.txt	པར  ཐར  འཚལ་བ་ཞེས    བྱ་བ  འདི་དག་གིས་ནི  དེ  -འི  དགོས་པའོ  །_། 
བཅད་དང་ཞེས  བྱ་བ  འདི་དག་གིས་ནི 	ཁྱོད་ནི 	འགྲོ་བ 	-འི 	སྐྱེ་བ 	བཅད་དང་ཞེས 	བྱ་བ 	འདི་དག་གིས་ནི 	རྒྱུ 	ཡོངས་སུ 	རྫོགས་པའོ 	།_། 	bstod tshogs ka_.txt	ཁྱོད་ནི  འགྲོ་བ  -འི  སྐྱེ་བ  བཅད་དང་ཞེས  བྱ་བ  འདི་དག་གིས་ནི  རྒྱུ  ཡོངས་སུ  རྫོགས་པའོ  །_། 
ཞེས  བྱ་བ  འདི་དག་གིས་ནི་ལམ་གྱི 	མ་རིག 	ལྡོངས 	གྱུར་ལ 	།_ 	ཞེས 	བྱ་བ 	འདི་དག་གིས་ནི་ལམ་གྱི 	ཡེ་ཤེས 	བསྐྱེད་པ 	བསྟན་ཏོ 	།_། 	bstod tshogs ka_.txt	མ་རིག  ལྡོངས  གྱུར་ལ  །_  ཞེས  བྱ་བ  འདི་དག་གིས་ནི་ལམ་གྱི  ཡེ་ཤེས  བསྐྱེད་པ  བསྟན་ཏོ  །_། 
 བྱ་བ  འདི་དག་གིས་ནི 	ཉི 	མ 	དུ་མ 	-ས་ཞེས 		བྱ་བ 	འདི་དག་གིས་ནི 	ཉོན་མོངས་པ 	སྤངས་པའོ 	།_། 	ལྷན་ཅིག 	bstod tshogs ka_.txt	ཉི  མ  དུ་མ  -ས་ཞེས   བྱ་བ  འདི་དག་གིས་ནི  ཉོན་མོངས་པ  སྤངས་པའོ  །_།  ལྷན་ཅིག 
 བྱ་བ  འདི་དག་གིས་ནི 	གནས་པ 	-ར 	འགལ་བ་ཞེས 			བྱ་བ 	འདི་དག་གིས་ནི 	ཡོན་ཏན 	བརྙེས་པ 	བསྟན་ཏོ 	།_། 	bstod tshogs ka_.txt	གནས་པ  -ར  འགལ་བ་ཞེས    བྱ་བ  འདི་དག་གིས་ནི  ཡོན་ཏན  བརྙེས་པ  བསྟན་ཏོ  །_། 
-འི་དཀྱིལ་ན་ཞེས  བྱ་བ  འདི་དག་གིས་ནི 	ལྔ་པའོ 	།།_།། 	དེ་ལ 	ནམ་མཁའ 	-འི་དཀྱིལ་ན་ཞེས 	བྱ་བ 	འདི་དག་གིས་ནི 	ཆོས་ཀྱི 	འཁོར་ལོ 	བསྐོར་བ 	ཡང་དག 	bstod tshogs ka_.txt	ལྔ་པའོ  །།_།།  དེ་ལ  ནམ་མཁའ  -འི་དཀྱིལ་ན་ཞེས  བྱ་བ  འདི་དག་གིས་ནི  ཆོས་ཀྱི  འཁོར་ལོ  བསྐོར་བ  ཡང་དག 
འདི་ཡིན་ཞེས  བྱ་བ  འདི་དག་གིས་ནི 	།_། 	སྡུག 	བསྔལ 	ཁྱབ་པ 	འདི་ཡིན་ཞེས 	བྱ་བ 	འདི་དག་གིས་ནི 	ཆོས་སྟོན་པ 	-འི 	རང་བཞིན 	བསྟན་ཏོ 	bstod tshogs ka_.txt	།_།  སྡུག  བསྔལ  ཁྱབ་པ  འདི་ཡིན་ཞེས  བྱ་བ  འདི་དག་གིས་ནི  ཆོས་སྟོན་པ  -འི  རང་བཞིན  བསྟན་ཏོ 
སྣང་བ་ཞེས  བྱ་བ  འདི་དག་གིས་ནི 	ཇི 	སྲིད 	ཉི་མ 	-འི 	སྣང་བ་ཞེས 	བྱ་བ 	འདི་དག་གིས་ནི 	ཡུན་དུ 	གནས་པ 	ཡང་དག 	པར 	bstod tshogs ka_.txt	ཇི  སྲིད  ཉི་མ  -འི  སྣང་བ་ཞེས  བྱ་བ  འདི་དག་གིས་ནི  ཡུན་དུ  གནས་པ  ཡང་དག  པར 
སྦྱིན  བྱ་བ འོ 	བསམ་པ་དང 	།_། 	སྦྱོར་བ 	ལེན་པ 	སྦྱིན 	བྱ་བ	འོ 	།_། 	དང་པོ 	ལྔ་ནི 	རེ་རེ་ཡིས 	bstod tshogs ka_.txt	བསམ་པ་དང  །_།  སྦྱོར་བ  ལེན་པ  སྦྱིན  བྱ་བ འོ  །_།  དང་པོ  ལྔ་ནི  རེ་རེ་ཡིས 
སྨིན  བྱ་བ  །_། 	སྐྱེ་དང་ལས 	།_། 	ཐབས་དང 	རབ་ཏུ 	སྨིན 	བྱ་བ 	།_། 	དབང 	མཛད 	ལྔ་ནི 	དགོས 	bstod tshogs ka_.txt	སྐྱེ་དང་ལས  །_།  ཐབས་དང  རབ་ཏུ  སྨིན  བྱ་བ  །_།  དབང  མཛད  ལྔ་ནི  དགོས 
ཞེས  བྱ་བ ་ལ 	གཡོ 	མཉམ་ཉིད 	ཆོས་མཆོག་ཅན 	།_ 	ཞེས 	བྱ་བ	་ལ 	སོགས་པ 	-འི 	བསྟོད་པ་ནི་གཙོར 	གསོལ་བ 	bstod tshogs ka_.txt	གཡོ  མཉམ་ཉིད  ཆོས་མཆོག་ཅན  །_  ཞེས  བྱ་བ ་ལ  སོགས་པ  -འི  བསྟོད་པ་ནི་གཙོར  གསོལ་བ 
-འང  བྱ་བ  -ར 	ཅན 	རྣམས་ནི 	རང་ལ 	ཕན་པ 	-འང 	བྱ་བ 	-ར 	མི 	ནུས་སོ 	།_། 	ཡོངས་སུ 	bstod tshogs ka_.txt	ཅན  རྣམས་ནི  རང་ལ  ཕན་པ  -འང  བྱ་བ  -ར  མི  ནུས་སོ  །_།  ཡོངས་སུ 
-ར  བྱ་བ  -འི་ཕྱིར 	བདག་ཉིད 	ཅན 	ཉིད 	ཤེས་པ 	-ར 	བྱ་བ 	-འི་ཕྱིར 	།_ 	མཉམ 	མེད 	མི 	bstod tshogs ka_.txt	བདག་ཉིད  ཅན  ཉིད  ཤེས་པ  -ར  བྱ་བ  -འི་ཕྱིར  །_  མཉམ  མེད  མི 
ཞེས  བྱ་བ  འདི 	གཡོ 	མཉམ་ཉིད 	ཆོས་མཆོག་ཅན 	།_། 	ཞེས 	བྱ་བ 	འདི 	གསུངས་སོ 	།_། 	བརྩེ 	བ 	bstod tshogs ka_.txt	གཡོ  མཉམ་ཉིད  ཆོས་མཆོག་ཅན  །_།  ཞེས  བྱ་བ  འདི  གསུངས་སོ  །_།  བརྩེ  བ 
 བྱ་བ  འདི 						བྱ་བ 	འདི 	གསུངས་སོ 	།_། 	ཐུགས 	རྗེ 	bstod tshogs ka_.txt	     བྱ་བ  འདི  གསུངས་སོ  །_།  ཐུགས  རྗེ 
སེལ་ཞེས  བྱ་བ ་དང 	འགྲོ 	བ 	-འི 	སྡུག་བསྔལ 	སེལ་ཞེས 	བྱ་བ	་དང 	།_ 	ཡོན་ཏན 	ཀུན 	མཉམ 	bstod tshogs ka_.txt	འགྲོ  བ  -འི  སྡུག་བསྔལ  སེལ་ཞེས  བྱ་བ ་དང  །_  ཡོན་ཏན  ཀུན  མཉམ 
 བྱ་བ  འདི 	མཐའ་མེད 	དངོས་གྲུབ་སྩོལ 	།_། 	ཞེས 		བྱ་བ 	འདི 	གསུངས་སོ 	།_། 	བརྩེ 	བ 	bstod tshogs ka_.txt	མཐའ་མེད  དངོས་གྲུབ་སྩོལ  །_།  ཞེས   བྱ་བ  འདི  གསུངས་སོ  །_།  བརྩེ  བ 
ཞེས  བྱ་བ  འདི 	གཡོ 	མཉམ་མེད 	མཆོག་རབ་ཆོས 	།_། 	ཞེས 	བྱ་བ 	འདི 	གསུངས་ཏེ 	།_ 	འདི་ནི 	བསྡུས་པ 	bstod tshogs ka_.txt	གཡོ  མཉམ་མེད  མཆོག་རབ་ཆོས  །_།  ཞེས  བྱ་བ  འདི  གསུངས་ཏེ  །_  འདི་ནི  བསྡུས་པ 
འདའ་བ་ཞེས  བྱ་བ  -འི 	རྣམ་པ 	-ར 	དག་པ 	ལས་མི 	འདའ་བ་ཞེས 	བྱ་བ 	-འི 	དོན་ཏོ 	།_། 	འདིས་ནི 	མི་འགྱུར་བ 	bstod tshogs ka_.txt	རྣམ་པ  -ར  དག་པ  ལས་མི  འདའ་བ་ཞེས  བྱ་བ  -འི  དོན་ཏོ  །_།  འདིས་ནི  མི་འགྱུར་བ 
-ར  བྱ་བ  ཡིན་པ 	ལུང 	གསལ་བ 	-ས 	ཤེས་པ 	-ར 	བྱ་བ 	ཡིན་པ 	-འི་ཕྱིར 	།_ 	དེ 	བཞིན 	bstod tshogs ka_.txt	ལུང  གསལ་བ  -ས  ཤེས་པ  -ར  བྱ་བ  ཡིན་པ  -འི་ཕྱིར  །_  དེ  བཞིན 
པར  བྱ་བ ་དང 	ལྟ 	ཞེ་ན 	།_ 	རིག 	པར 	བྱ་བ	་དང 	རིག་པ 	-ར 	བྱེད་པ 	-འི 	bstod tshogs ka_.txt	ལྟ  ཞེ་ན  །_  རིག  པར  བྱ་བ ་དང  རིག་པ  -ར  བྱེད་པ  -འི 
-འི་ཞེས  བྱ་བ ་ནི 	གྱུར་པ་ཡིན་ནོ 	།_། 	འགྲོ 	བ 	-འི་ཞེས 	བྱ་བ	་ནི 	འཇིག་རྟེན་གྱིའོ 	།_། 	སྡུག 	བསྔལ་ནི 	bstod tshogs ka_.txt	གྱུར་པ་ཡིན་ནོ  །_།  འགྲོ  བ  -འི་ཞེས  བྱ་བ ་ནི  འཇིག་རྟེན་གྱིའོ  །_།  སྡུག  བསྔལ་ནི 
འགྲོ་བ་ལ་ཞེས  བྱ་བ  -ར 	ཚིག 	རྣམ་པ 	-ར 	སྦྱར་ཏེ 	འགྲོ་བ་ལ་ཞེས 	བྱ་བ 	-ར 	སྦྱར་རོ 	།_། 	དེ 	བཞིན 	bstod tshogs ka_.txt	ཚིག  རྣམ་པ  -ར  སྦྱར་ཏེ  འགྲོ་བ་ལ་ཞེས  བྱ་བ  -ར  སྦྱར་རོ  །_།  དེ  བཞིན 
སྩོལ་བ་ཞེས  བྱ་བ  -འི 	མེད་པ 	གང་དག 	ཡིན་པ 	དེ་དག 	སྩོལ་བ་ཞེས 	བྱ་བ 	-འི 	ཐ་ཚིག་སྟེ 	།_ 	དེ 	དག་གིས 	bstod tshogs ka_.txt	མེད་པ  གང་དག  ཡིན་པ  དེ་དག  སྩོལ་བ་ཞེས  བྱ་བ  -འི  ཐ་ཚིག་སྟེ  །_  དེ  དག་གིས 
གཡོ་ཞེས  བྱ་བ ་ལ 	།_། 	དྲི 	མེད 	མི 	གཡོ་ཞེས 	བྱ་བ	་ལ 	སོགས་པ 	-འི 	ཚིག 	རྣམས་ནི 	bstod tshogs ka_.txt	།_།  དྲི  མེད  མི  གཡོ་ཞེས  བྱ་བ ་ལ  སོགས་པ  -འི  ཚིག  རྣམས་ནི 
-ར  བྱ་བ འོ 	ན་རེ 	མཆོག་ནི 	དོན་དུ 	གཉེར་བ 	-ར 	བྱ་བ	འོ 	།_། 	རབ་ནི 	ཐམས་ཅད་པ 	-ས 	bstod tshogs ka_.txt	ན་རེ  མཆོག་ནི  དོན་དུ  གཉེར་བ  -ར  བྱ་བ འོ  །_།  རབ་ནི  ཐམས་ཅད་པ  -ས 
 བྱ་བ ་ཡིན་ཏེ 						བྱ་བ	་ཡིན་ཏེ 	།_ 	ཚིགས་སུ 	བཅད་པ 	དང་པོ་དང 	bstod tshogs ka_.txt	     བྱ་བ ་ཡིན་ཏེ  །_  ཚིགས་སུ  བཅད་པ  དང་པོ་དང 
ཞེས  བྱ་བ ་ལ 	ཉིད 	ནམ་མཁའ་ལ 	མེད་དེ 	།_། 	ཞེས 	བྱ་བ	་ལ 	སོགས་པ 	འདི 	གསུངས་སོ 	།_། 	bstod tshogs ka_.txt	ཉིད  ནམ་མཁའ་ལ  མེད་དེ  །_།  ཞེས  བྱ་བ ་ལ  སོགས་པ  འདི  གསུངས་སོ  །_། 
ཡོད་པ་ཞེས  བྱ་བ ་ཡིན་ནོ 	ཁྱབ་པ་དེ 	སྒྲུབ་པ 	-འི 	ངང་ཚུལ 	ཡོད་པ་ཞེས 	བྱ་བ	་ཡིན་ནོ 	།_། 	ཅིའི 	ཕྱིར 	དེ་དག 	bstod tshogs ka_.txt	ཁྱབ་པ་དེ  སྒྲུབ་པ  -འི  ངང་ཚུལ  ཡོད་པ་ཞེས  བྱ་བ ་ཡིན་ནོ  །_།  ཅིའི  ཕྱིར  དེ་དག 
-ར  བྱ་བ ་ལ་དེ་ལ 	དེ་ནི 	དཔེ 	-ས 	མཚོན་པ 	-ར 	བྱ་བ	་ལ་དེ་ལ 	ཡོད་པ 	-འི 	ཡོན་ཏན 	བརྗོད་པ 	bstod tshogs ka_.txt	དེ་ནི  དཔེ  -ས  མཚོན་པ  -ར  བྱ་བ ་ལ་དེ་ལ  ཡོད་པ  -འི  ཡོན་ཏན  བརྗོད་པ 
དུས་དང  བྱ་བ ་ལ 	ཇི 	སྐད་དུ 	།_ 	ཡུལ་དང 	དུས་དང 	བྱ་བ	་ལ 	།_། 	སོགས་པ 	-ས 	འགལ་བ 	bstod tshogs ka_.txt	ཇི  སྐད་དུ  །_  ཡུལ་དང  དུས་དང  བྱ་བ ་ལ  །_།  སོགས་པ  -ས  འགལ་བ 
-ས  བྱ་བ  དཔེ་དང་ནི 	-འི 	དཔེ་ཡིན་ན 	།_། 	མཚོན་པ 	-ས 	བྱ་བ 	དཔེ་དང་ནི 	།_། 	འདྲ་བ 	གང་ཡིན་དེ 	དཔེ་ཡིན 	bstod tshogs ka_.txt	-འི  དཔེ་ཡིན་ན  །_།  མཚོན་པ  -ས  བྱ་བ  དཔེ་དང་ནི  །_།  འདྲ་བ  གང་ཡིན་དེ  དཔེ་ཡིན 
ཞེས  བྱ་བ ་ལ 	ཐུགས་རྗེ 	-འི 	ཤུགས་ལས་བྱུང 	།_། 	ཞེས 	བྱ་བ	་ལ 	སོགས་པ 	སྨོས་སོ 	།_། 	རྟག་ཏུ 	bstod tshogs ka_.txt	ཐུགས་རྗེ  -འི  ཤུགས་ལས་བྱུང  །_།  ཞེས  བྱ་བ ་ལ  སོགས་པ  སྨོས་སོ  །_།  རྟག་ཏུ 
གྲུབ་པ་ཞེས  བྱ་བ  -ར 	དྲི་མ 	མེད་པ་སྟེ 	།_ 	སྨོན་ལམ 	གྲུབ་པ་ཞེས 	བྱ་བ 	-ར 	སྦྱར་རོ 	།_། 	ཐུགས 	རྗེ 	bstod tshogs ka_.txt	དྲི་མ  མེད་པ་སྟེ  །_  སྨོན་ལམ  གྲུབ་པ་ཞེས  བྱ་བ  -ར  སྦྱར་རོ  །_།  ཐུགས  རྗེ 
-འི་ཞེས  བྱ་བ ་ལ 	ཞེ་ན 	།_ 	འགྲོ 	བ 	-འི་ཞེས 	བྱ་བ	་ལ 	སོགས་པ 	གསུངས་སོ 	།_། 	འགྲོ 	bstod tshogs ka_.txt	ཞེ་ན  །_  འགྲོ  བ  -འི་ཞེས  བྱ་བ ་ལ  སོགས་པ  གསུངས་སོ  །_།  འགྲོ 
རྟག་ཏུ་ཞེས  བྱ་བ ་ནི 	སྣ་ཚོགས་སུ 	སྣང་ཞིང 	མཛེས་སོ 	།_། 	རྟག་ཏུ་ཞེས 	བྱ་བ	་ནི 	ཉེ་བ 	-ར 	མཚོན་པ་སྟེ 	ཕྱོགས 	bstod tshogs ka_.txt	སྣ་ཚོགས་སུ  སྣང་ཞིང  མཛེས་སོ  །_།  རྟག་ཏུ་ཞེས  བྱ་བ ་ནི  ཉེ་བ  -ར  མཚོན་པ་སྟེ  ཕྱོགས 
ཐམས་ཅད་དུ་ཡང་ཞེས  བྱ་བ  -ར་ཡང 					ཐམས་ཅད་དུ་ཡང་ཞེས 	བྱ་བ 	-ར་ཡང 	ཁོང་དུ 	ཆུད་པ 	-ར་བྱའོ 	།_། 	bstod tshogs ka_.txt	    ཐམས་ཅད་དུ་ཡང་ཞེས  བྱ་བ  -ར་ཡང  ཁོང་དུ  ཆུད་པ  -ར་བྱའོ  །_། 
བྱུང་ཞེས  བྱ་བ  འདི་ཉིད་ནི 	འདི 	ཐུགས་རྗེ 	-འི 	ཤུགས་ལས 	བྱུང་ཞེས 	བྱ་བ 	འདི་ཉིད་ནི 	མཇུག 	སྡུད་པ་ཡིན་ཏེ 	།_ 	གང 	bstod tshogs ka_.txt	འདི  ཐུགས་རྗེ  -འི  ཤུགས་ལས  བྱུང་ཞེས  བྱ་བ  འདི་ཉིད་ནི  མཇུག  སྡུད་པ་ཡིན་ཏེ  །_  གང 
 བྱ་བ  -འི 						བྱ་བ 	-འི 	སྒྲ 	རྒྱུ 	-འི་རྣམ་གྲངས 	ཡིན་པ 	bstod tshogs ka_.txt	     བྱ་བ  -འི  སྒྲ  རྒྱུ  -འི་རྣམ་གྲངས  ཡིན་པ 
བདག་ཉིད་ཅེས་ཀྱང  བྱ་བ ་ལ 	ངང་དུ 	འགྱུར་བ་ཡིན་པས 	།_ 	རྗེའི 	བདག་ཉིད་ཅེས་ཀྱང 	བྱ་བ	་ལ 	།_ 	དེ་ནི་དེ 	འཕེན་པ 	-ར 	bstod tshogs ka_.txt	ངང་དུ  འགྱུར་བ་ཡིན་པས  །_  རྗེའི  བདག་ཉིད་ཅེས་ཀྱང  བྱ་བ ་ལ  །_  དེ་ནི་དེ  འཕེན་པ  -ར 
-ར  བྱ་བ  -ར 	ཆོས་དེ 	འགའ་ཞིག 	ཡོད་དོ་ཞེས 	བསྟན་པ 	-ར 	བྱ་བ 	-ར 	ཟད་དོ 	།_། 	འདི 	ཉིད་ལ 	bstod tshogs ka_.txt	ཆོས་དེ  འགའ་ཞིག  ཡོད་དོ་ཞེས  བསྟན་པ  -ར  བྱ་བ  -ར  ཟད་དོ  །_།  འདི  ཉིད་ལ 
འགྱུར་ཞེས  བྱ་བ ་ལ 	དེའི 	འགག 	ཉིད 	མི 	འགྱུར་ཞེས 	བྱ་བ	་ལ 	སོགས་པ 	སྨོས་སོ 	།_། 	འགག་པ་ནི 	bstod tshogs ka_.txt	དེའི  འགག  ཉིད  མི  འགྱུར་ཞེས  བྱ་བ ་ལ  སོགས་པ  སྨོས་སོ  །_།  འགག་པ་ནི 
འགྱུར་བ་ཞེས  བྱ་བ  -འི 	ཉིད་དོ 	།_། 	འགྱུར་བ་ནི 	འགྲོ་བ་སྟེ 	འགྱུར་བ་ཞེས 	བྱ་བ 	-འི 	དོན་ཏོ 	།_། 	གང་ཞིག་ཅེ་ན 	།_ 	bstod tshogs ka_.txt	ཉིད་དོ  །_།  འགྱུར་བ་ནི  འགྲོ་བ་སྟེ  འགྱུར་བ་ཞེས  བྱ་བ  -འི  དོན་ཏོ  །_།  གང་ཞིག་ཅེ་ན  །_ 
འབྱུང་ངོ་ཞེས  བྱ་བ  -འི 	ཕྱིར 	འཁོར་བ 	ཇི་སྲིད 	པར 	འབྱུང་ངོ་ཞེས 	བྱ་བ 	-འི 	དོན་ཏོ 	།_། 	དེ 	ལྟ 	bstod tshogs ka_.txt	ཕྱིར  འཁོར་བ  ཇི་སྲིད  པར  འབྱུང་ངོ་ཞེས  བྱ་བ  -འི  དོན་ཏོ  །_།  དེ  ལྟ 
རྟེན་གསུམ་ལ་ཞེས  བྱ་བ ་ནི 	ཇི 	ལྟ་བུ་ཞིག་ཅེ་ན 	།_ 	འཇིག 	རྟེན་གསུམ་ལ་ཞེས 	བྱ་བ	་ནི 	འཇིག་རྟེན་གསུམ་པོ་ལའོ 	།_། 	མཆོག་ནི 	སངས་རྒྱས་ཀྱི 	bstod tshogs ka_.txt	ཇི  ལྟ་བུ་ཞིག་ཅེ་ན  །_  འཇིག  རྟེན་གསུམ་ལ་ཞེས  བྱ་བ ་ནི  འཇིག་རྟེན་གསུམ་པོ་ལའོ  །_།  མཆོག་ནི  སངས་རྒྱས་ཀྱི 
ལྡན་ནོ་ཞེས  བྱ་བ  མི 	ཕུན 	སུམ 	ཚོགས་པ 	འདི་ཙམ་དང 	ལྡན་ནོ་ཞེས 	བྱ་བ 	མི 	དཔོགས་པ 	དེ་དག་ཏུ 	ནམ་ཡང 	རྒྱུན 	bstod tshogs ka_.txt	ཕུན  སུམ  ཚོགས་པ  འདི་ཙམ་དང  ལྡན་ནོ་ཞེས  བྱ་བ  མི  དཔོགས་པ  དེ་དག་ཏུ  ནམ་ཡང  རྒྱུན 
གཤེགས་ཀྱང་ཞེས  བྱ་བ ་ནི 	རྫོགས་པ 	།_ 	བདེ 	གནས 	གཤེགས་ཀྱང་ཞེས 	བྱ་བ	་ནི 	གནས་གང་ལ 	ལེགས་པ 	-ར 	རྫོགས་ཤིང 	bstod tshogs ka_.txt	རྫོགས་པ  །_  བདེ  གནས  གཤེགས་ཀྱང་ཞེས  བྱ་བ ་ནི  གནས་གང་ལ  ལེགས་པ  -ར  རྫོགས་ཤིང 
བཟང་ཞེས  བྱ་བ  གསུངས་སོ 	ཨེ 	མ 	-འོ 	ཆོས་ཉིད 	བཟང་ཞེས 	བྱ་བ 	གསུངས་སོ 	།_། 	དེ 	བཞིན 	གཤེགས་པ 	bstod tshogs ka_.txt	ཨེ  མ  -འོ  ཆོས་ཉིད  བཟང་ཞེས  བྱ་བ  གསུངས་སོ  །_།  དེ  བཞིན  གཤེགས་པ 
གནས་ཞེས  བྱ་བ  མི 	།_། 	ལ 	ལ་ལ 	-ས་ནི་བདེ 	གནས་ཞེས 	བྱ་བ 	མི 	འབྱུང་སྟེ 	།_ 	དེར་ནི 	སྡེབ་སྦྱོར 	bstod tshogs ka_.txt	།_།  ལ  ལ་ལ  -ས་ནི་བདེ  གནས་ཞེས  བྱ་བ  མི  འབྱུང་སྟེ  །_  དེར་ནི  སྡེབ་སྦྱོར 
སྩོལ་ཞེས  བྱ་བ ་ལ 	དེ་ནི 	གསོལ་བ 	གདབ་པ 	མཆོག 	སྩོལ་ཞེས 	བྱ་བ	་ལ 	སོགས་པ 	གསུངས་ཏེ 	།_ 	ཇི 	bstod tshogs ka_.txt	དེ་ནི  གསོལ་བ  གདབ་པ  མཆོག  སྩོལ་ཞེས  བྱ་བ ་ལ  སོགས་པ  གསུངས་ཏེ  །_  ཇི 
ཞེས  བྱ་བ  གསུངས་སོ 	མཆོག་ཉིད 	གནས་མཆོག 	ཉིད་བརྙེས 	།_། 	ཞེས 	བྱ་བ 	གསུངས་སོ 	།_། 	སྦྱིན་པ་ནི 	ཟང་ཟིང་དང 	།_ 	bstod tshogs ka_.txt	མཆོག་ཉིད  གནས་མཆོག  ཉིད་བརྙེས  །_།  ཞེས  བྱ་བ  གསུངས་སོ  །_།  སྦྱིན་པ་ནི  ཟང་ཟིང་དང  །_ 
ལྡན་པ་ཞེས  བྱ་བ  -འི 	རྒྱུས 	སངས་རྒྱས 	ཉིད 	བསྒྲུབས་པ་དང 	ལྡན་པ་ཞེས 	བྱ་བ 	-འི 	དོན་ཏོ 	།_། 	ཡང་ན 	མཆོག་གི 	bstod tshogs ka_.txt	རྒྱུས  སངས་རྒྱས  ཉིད  བསྒྲུབས་པ་དང  ལྡན་པ་ཞེས  བྱ་བ  -འི  དོན་ཏོ  །_།  ཡང་ན  མཆོག་གི 
ཅེས  བྱ་བ  -ས 	དམ་པ 	སྩོལ 	མཆོག་སྒྲུབ 	།_། 	ཅེས 	བྱ་བ 	-ས 	ཁྱད་པར་དུ 	མཛད་དེ 	འཇིག་རྟེན་གསུམ་པ་ལའོ 	།_། 	bstod tshogs ka_.txt	དམ་པ  སྩོལ  མཆོག་སྒྲུབ  །_།  ཅེས  བྱ་བ  -ས  ཁྱད་པར་དུ  མཛད་དེ  འཇིག་རྟེན་གསུམ་པ་ལའོ  །_། 
གཟིགས་པ་ཞེས  བྱ་བ  -འི 	ཐོགས་པ 	མེད་པ 	-འི 	ཡེ་ཤེས 	གཟིགས་པ་ཞེས 	བྱ་བ 	-འི 	དོན་ཏོ 	།_། 	དེ་འང 	ཅི 	bstod tshogs ka_.txt	ཐོགས་པ  མེད་པ  -འི  ཡེ་ཤེས  གཟིགས་པ་ཞེས  བྱ་བ  -འི  དོན་ཏོ  །_།  དེ་འང  ཅི 
སྒྲིབ་པ་ཞེས  བྱ་བ  གང་ཡིན་པའོ 	།_ 	ཤེས 	བྱ 	-འི 	སྒྲིབ་པ་ཞེས 	བྱ་བ 	གང་ཡིན་པའོ 	།_། 	གང 	དག་ལ 	དེ་དག 	bstod tshogs ka_.txt	།_  ཤེས  བྱ  -འི  སྒྲིབ་པ་ཞེས  བྱ་བ  གང་ཡིན་པའོ  །_།  གང  དག་ལ  དེ་དག 
ཀུན་གྱི་ཞེས  བྱ་བ ་ནི 	།_། 	མགོན་པོ་ནི 	ས་གསུམ་གྱི་རྗེའོ 	།_། 	ཀུན་གྱི་ཞེས 	བྱ་བ	་ནི 	ཕྱོགས 	བཅུ 	མཐའ་ཡས་པ 	-འི 	bstod tshogs ka_.txt	།_།  མགོན་པོ་ནི  ས་གསུམ་གྱི་རྗེའོ  །_།  ཀུན་གྱི་ཞེས  བྱ་བ ་ནི  ཕྱོགས  བཅུ  མཐའ་ཡས་པ  -འི 
ཚིག་གསུམ་ཞེས  བྱ་བ ་ནི 	ཅེས་བྱ་བ་ལ 	སོགས་པ་ལ 	།_། 	དམ 	ཚིག་གསུམ་ཞེས 	བྱ་བ	་ནི 	།_ 	དམ 	ཚིག་གསུམ་པ 	-འི 	bstod tshogs ka_.txt	ཅེས་བྱ་བ་ལ  སོགས་པ་ལ  །_།  དམ  ཚིག་གསུམ་ཞེས  བྱ་བ ་ནི  །_  དམ  ཚིག་གསུམ་པ  -འི 
པར  བྱ་བ  -འི་ཕྱིར 	དམ་ཚིག་གསུམ་ནི 	།_ 	དོན 	ཀུན་གྲུབ 	པར 	བྱ་བ 	-འི་ཕྱིར 	།_། 	བྱང 	ཆུབ 	སེམས 	bstod tshogs ka_.txt	དམ་ཚིག་གསུམ་ནི  །_  དོན  ཀུན་གྲུབ  པར  བྱ་བ  -འི་ཕྱིར  །_།  བྱང  ཆུབ  སེམས 
ཅེས  བྱ་བ  འདི་དག་ཡིན་ཏེ 	ཉིད 	ཤེས་པ 	བཙལ་བ་སྤྱད 	།_། 	ཅེས 	བྱ་བ 	འདི་དག་ཡིན་ཏེ 	།_ 	རྒྱུད 	འདི་ཉིད་ལས 	བྱར་རུང་བ 	bstod tshogs ka_.txt	ཉིད  ཤེས་པ  བཙལ་བ་སྤྱད  །_།  ཅེས  བྱ་བ  འདི་དག་ཡིན་ཏེ  །_  རྒྱུད  འདི་ཉིད་ལས  བྱར་རུང་བ 