ཡོན་ཏན  འདི ་ལ 	།_། 	ཆོས 	སྐུ་ལ 	གནས 	ཡོན་ཏན 	འདི	་ལ 	བདག་གིས 	རབ 	བསྟོད་པས 	།_། 	bstod tshogs ka_.txt	།_།  ཆོས  སྐུ་ལ  གནས  ཡོན་ཏན  འདི ་ལ  བདག་གིས  རབ  བསྟོད་པས  །_། 
།_།  འདི  ཉིད 	།_། 	སྐྱེ 	མཆེད་དྲུག་པོ 	རྣམ་དག་པ 	།_། 	འདི 	ཉིད 	དེ་ཉིད 	མཚན་ཉིད་དོ 	།_། 	སེམས 	bstod tshogs ka_.txt	།_།  སྐྱེ  མཆེད་དྲུག་པོ  རྣམ་དག་པ  །_།  འདི  ཉིད  དེ་ཉིད  མཚན་ཉིད་དོ  །_།  སེམས 
ལུས  འདི ་ཉིད་ལ 	མི 	ཤེས་པ 	དག་ལས 	།_། 	ལུས 	འདི	་ཉིད་ལ 	ཐམས་ཅད་དེ 	།_། 	རང་གི 	རྣམ་པ 	bstod tshogs ka_.txt	མི  ཤེས་པ  དག་ལས  །_།  ལུས  འདི ་ཉིད་ལ  ཐམས་ཅད་དེ  །_།  རང་གི  རྣམ་པ 
གྱུར  འདི ་ཉིད་ལ 	མ་ཡིན་ཞིང 	_།_། 	ཉོན་མོངས 	གཟེབ 	གྱུར 	འདི	་ཉིད་ལ 	།_། 	མཐོང་བ་དང་ནི 	མ 	མཐོང་ཡིན 	bstod tshogs ka_.txt	མ་ཡིན་ཞིང  _།_།  ཉོན་མོངས  གཟེབ  གྱུར  འདི ་ཉིད་ལ  །_།  མཐོང་བ་དང་ནི  མ  མཐོང་ཡིན 
ལུས  འདི  -ར 	གཡོགས་ནས 	།_། 	ཡེ 	ཤེས 	ལུས 	འདི 	-ར 	གཅིག་གནས་ཀྱང 	_།_། 	རྣལ་འབྱོར་པ་ཡིས 	ཡེ་ཤེས་ལེན 	bstod tshogs ka_.txt	གཡོགས་ནས  །_།  ཡེ  ཤེས  ལུས  འདི  -ར  གཅིག་གནས་ཀྱང  _།_།  རྣལ་འབྱོར་པ་ཡིས  ཡེ་ཤེས་ལེན 
གསུམ་པོ  འདི  -ས་ནི 	ཕན 	བྱེད 	བཟོད་པ་སྟེ 	།_། 	གསུམ་པོ 	འདི 	-ས་ནི 	ཁམས 	རྒྱས་འགྱུར 	།_། 	ཆོས 	bstod tshogs ka_.txt	ཕན  བྱེད  བཟོད་པ་སྟེ  །_།  གསུམ་པོ  འདི  -ས་ནི  ཁམས  རྒྱས་འགྱུར  །_།  ཆོས 
།_།  འདི ་ཡང 	_།_། 	རྟག་ཏུ 	ཤེས་རབ 	བསྟེན་པ་སྟེ 	།_། 	འདི	་ཡང 	བྱང་ཆུབ 	རྒྱས་བྱེད་ཡིན 	།_། 	ཐབས 	bstod tshogs ka_.txt	_།_།  རྟག་ཏུ  ཤེས་རབ  བསྟེན་པ་སྟེ  །_།  འདི ་ཡང  བྱང་ཆུབ  རྒྱས་བྱེད་ཡིན  །_།  ཐབས 
ངེས  འདི  བཟུང་ཞིང 	སོང་ཞེས་བྱ 	།_། 	སངས 	རྒྱས་ཀྱིས 	ངེས 	འདི 	བཟུང་ཞིང 	_།_། 	ཡེ་ཤེས 	རྒྱ་མཚོ 	-ར 	bstod tshogs ka_.txt	སོང་ཞེས་བྱ  །_།  སངས  རྒྱས་ཀྱིས  ངེས  འདི  བཟུང་ཞིང  _།_།  ཡེ་ཤེས  རྒྱ་མཚོ  -ར 
རང་བཞིན  འདི ་ཡི་སྐུ 	བློ་གྲོས་འདོད 	།_། 	ཡེ 	ཤེས 	རང་བཞིན 	འདི	་ཡི་སྐུ 	།_། 	དྲི 	མེད 	ནམ་མཁའ་དང 	bstod tshogs ka_.txt	བློ་གྲོས་འདོད  །_།  ཡེ  ཤེས  རང་བཞིན  འདི ་ཡི་སྐུ  །_།  དྲི  མེད  ནམ་མཁའ་དང 
།_།  འདི ར་ནི 	མེད 	མྱ་ངན 	འདས་པ 	-ར་འདོད 	།_། 	འདི	ར་ནི 	མྱ་ངན 	འདས་པ་ཉིད 	།_། 	དྲི 	bstod tshogs ka_.txt	མེད  མྱ་ངན  འདས་པ  -ར་འདོད  །_།  འདི ར་ནི  མྱ་ངན  འདས་པ་ཉིད  །_།  དྲི 
རྟེན  འདི ་ལ 	-ས 	ཕོངས་པ་ཡི 	།_། 	འཇིག 	རྟེན 	འདི	་ལ 	ཕན 	བརྩོན་ཁྱོད 	།_། 	དངོས་པོ 	bstod tshogs ka_.txt	-ས  ཕོངས་པ་ཡི  །_།  འཇིག  རྟེན  འདི ་ལ  ཕན  བརྩོན་ཁྱོད  །_།  དངོས་པོ 
གྱུར་པ  འདི ་ནི 	བརྒྱན་པ་ལས 	བསོད་ནམས་གང 	ཐོབ་པར 	།_། 	གྱུར་པ 	འདི	་ནི 	སེམས་ཅན 	མ་ལུས་པ 	འདི་དག 	_། 	bstod tshogs ka_.txt	བརྒྱན་པ་ལས  བསོད་ནམས་གང  ཐོབ་པར  །_།  གྱུར་པ  འདི ་ནི  སེམས་ཅན  མ་ལུས་པ  འདི་དག  _། 
འགྲོ་བ  འདི ་དག 	ཡེ་ཤེས 	སྤྱན 	ཉིད་ཀྱིས 	།_། 	འགྲོ་བ 	འདི	་དག 	ཞི་བ 	-ར་མཛད 	།_། 	དངོས་པོ 	bstod tshogs ka_.txt	ཡེ་ཤེས  སྤྱན  ཉིད་ཀྱིས  །_།  འགྲོ་བ  འདི ་དག  ཞི་བ  -ར་མཛད  །_།  དངོས་པོ 
འགྲོ  འདི ་དག 	།_། 	དེ 	ཕྱིར 	ཁྱོད་ཀྱིས 	འགྲོ 	འདི	་དག 	_། 	ཡོངས་སུ 	བརྟགས་པ་ལས 	བྱུང་བར 	bstod tshogs ka_.txt	།_།  དེ  ཕྱིར  ཁྱོད་ཀྱིས  འགྲོ  འདི ་དག  _།  ཡོངས་སུ  བརྟགས་པ་ལས  བྱུང་བར 
 འདི  །_། 						འདི 	།_། 	རྣམ 	པར 	ཤེས་པ 	-ར 	bstod tshogs ka_.txt	     འདི  །_།  རྣམ  པར  ཤེས་པ  -ར 
ཡང་ན  འདི  -ར་ནི་ཅི་ཞིག་བསྟོད 	བསྟོད་པ 	-ས 	བསྟོད་བགྱིའམ 	།_། 	ཡང་ན 	འདི 	-ར་ནི་ཅི་ཞིག་བསྟོད 	།_། 	ཆོས 	རྣམས 	ཐམས་ཅད 	bstod tshogs ka_.txt	བསྟོད་པ  -ས  བསྟོད་བགྱིའམ  །_།  ཡང་ན  འདི  -ར་ནི་ཅི་ཞིག་བསྟོད  །_།  ཆོས  རྣམས  ཐམས་ཅད 
།_།  འདི ར་ནི 	གཟུང་དང 	འཛིན་པ 	མི 	མངའ་བ 	།_། 	འདི	ར་ནི 	ཁྱོད 	བསྟོད 	ནུས་པ་གང 	།_། 	bstod tshogs ka_.txt	གཟུང་དང  འཛིན་པ  མི  མངའ་བ  །_།  འདི ར་ནི  ཁྱོད  བསྟོད  ནུས་པ་གང  །_། 
འགྲོ་བ  འདི ་དག 	གང་ཡིན་དེས 	།_། 	སྐུ་གསུམ 	ཐོབ་ནས 	འགྲོ་བ 	འདི	་དག 	མ 	ལུས 	བྱང་ཆུབ་ལམ་ལ 	ངེས་པ 	bstod tshogs ka_.txt	གང་ཡིན་དེས  །_།  སྐུ་གསུམ  ཐོབ་ནས  འགྲོ་བ  འདི ་དག  མ  ལུས  བྱང་ཆུབ་ལམ་ལ  ངེས་པ 
ཕྱིར  འདི  -ར་ཅི་ཞིག 	མི 	འགྱུར་རོ 	།_། 	དེའི 	ཕྱིར 	འདི 	-ར་ཅི་ཞིག 	འཆད་པ 	-ར 	འགྱུར་ཞེས 	འདི་ལ 	bstod tshogs ka_.txt	མི  འགྱུར་རོ  །_།  དེའི  ཕྱིར  འདི  -ར་ཅི་ཞིག  འཆད་པ  -ར  འགྱུར་ཞེས  འདི་ལ 
དེ་ལ  འདི  -ར 	ཇི་ལྟར 	འཇུག་པ 	-ར་འགྱུར 	།_། 	དེ་ལ 	འདི 	-ར 	སྐུ་གསུམ་ནི 	བརྗོད་པ 	-ར 	བྱ་བའོ 	bstod tshogs ka_.txt	ཇི་ལྟར  འཇུག་པ  -ར་འགྱུར  །_།  དེ་ལ  འདི  -ར  སྐུ་གསུམ་ནི  བརྗོད་པ  -ར  བྱ་བའོ 
བཅད་པ  འདི  བྱས་སོ 	བཤད་པ 	-འི 	ཕྱིར 	ཚིགས་སུ 	བཅད་པ 	འདི 	བྱས་སོ 	།_། 	དེ 	བས་ན 	དགོས་པ་དང 	bstod tshogs ka_.txt	བཤད་པ  -འི  ཕྱིར  ཚིགས་སུ  བཅད་པ  འདི  བྱས་སོ  །_།  དེ  བས་ན  དགོས་པ་དང 
།_  འདི ་ནི 	-ར 	ཤེས་པ 	-ར 	བྱ་སྟེ 	།_ 	འདི	་ནི 	རེ་ཞིག 	དོན་གྱི 	སྤྱི་ཡིན 	ནོ 	bstod tshogs ka_.txt	-ར  ཤེས་པ  -ར  བྱ་སྟེ  །_  འདི ་ནི  རེ་ཞིག  དོན་གྱི  སྤྱི་ཡིན  ནོ 
།_  འདི  ལྟར 	ཞེ་ན 	།_ 	ཉེས་པ 	མེད་དེ 	།_ 	འདི 	ལྟར 	མ་རིག་པ 	-འི 	བག་ཆགས་ཀྱི 	སྟོབས་ཀྱིས 	bstod tshogs ka_.txt	ཞེ་ན  །_  ཉེས་པ  མེད་དེ  །_  འདི  ལྟར  མ་རིག་པ  -འི  བག་ཆགས་ཀྱི  སྟོབས་ཀྱིས 
།_  འདི ་ལ 	ཟངས་ཀྱི 	དྲི་མ་དང 	བྲལ་བ 	བཞིན་ཏེ 	།_ 	འདི	་ལ 	ཡོན་ཏན་དང 	ཉེས་པ 	ལེན་ཅིང 	སྤོང་བ 	bstod tshogs ka_.txt	ཟངས་ཀྱི  དྲི་མ་དང  བྲལ་བ  བཞིན་ཏེ  །_  འདི ་ལ  ཡོན་ཏན་དང  ཉེས་པ  ལེན་ཅིང  སྤོང་བ 
།_  འདི ་ལ 	ཙམ་དུ 	ཟད་དེ 	།_ 	དེའི་ཕྱིར 	།_ 	འདི	་ལ 	བསལ 	བྱ 	ཅི་ཡང་མེད 	།_། 	bstod tshogs ka_.txt	ཙམ་དུ  ཟད་དེ  །_  དེའི་ཕྱིར  །_  འདི ་ལ  བསལ  བྱ  ཅི་ཡང་མེད  །_། 
གསུངས་པ་གང  འདི ་ལྟར 	རྣམ་པ 	-ར་གྲོལ 	།_། 	ཞེས 	གསུངས་པ་གང 	འདི	་ལྟར 	རྐྱེན་དང 	ལྡན་པ་ནི 	ཀུན་ནས 	ཉོན་མོངས 	bstod tshogs ka_.txt	རྣམ་པ  -ར་གྲོལ  །_།  ཞེས  གསུངས་པ་གང  འདི ་ལྟར  རྐྱེན་དང  ལྡན་པ་ནི  ཀུན་ནས  ཉོན་མོངས 
དེ་ནི  འདི ་སྐད་དུ 	སློབ་དཔོན 	ཀླུ་སྒྲུབ་ཀྱིས 	གསུངས་པ་ཡིན་ནོ 	།_། 	དེ་ནི 	འདི	་སྐད་དུ 	སྟོན་པ 	-ར 	འགྱུར་ཏེ 	།_ 	bstod tshogs ka_.txt	སློབ་དཔོན  ཀླུ་སྒྲུབ་ཀྱིས  གསུངས་པ་ཡིན་ནོ  །_།  དེ་ནི  འདི ་སྐད་དུ  སྟོན་པ  -ར  འགྱུར་ཏེ  །_ 
དག་ནི  འདི  -ར 	-ར 	སངས་རྒྱས 	།_། 	སྤྲུལ་པ 	དག་ནི 	འདི 	-ར 	སངས་རྒྱས 	།_། 	ཞེས 	བྱ་བ 	bstod tshogs ka_.txt	-ར  སངས་རྒྱས  །_།  སྤྲུལ་པ  དག་ནི  འདི  -ར  སངས་རྒྱས  །_།  ཞེས  བྱ་བ 
བདག་གིས  འདི  -ར་ནི 	དོན་གྱི 	ཚོགས 	སྦས་པ 	།_། 	བདག་གིས 	འདི 	-ར་ནི 	ལོ་འདབ 	རྩེ 	ཙམ 	བླངས་ནས 	bstod tshogs ka_.txt	དོན་གྱི  ཚོགས  སྦས་པ  །_།  བདག་གིས  འདི  -ར་ནི  ལོ་འདབ  རྩེ  ཙམ  བླངས་ནས 
འབྲང  འདི  -ར་ནི 	མཆོག་ཏུ 	མཁས་ཤིང 	དོན་གྱི 	རྗེས 	འབྲང 	འདི 	-ར་ནི 	ཚད་མ་ཡིན 	།_། 	སློབ་དཔོན 	ཀླུ་སྒྲུབ་ཀྱིས 	bstod tshogs ka_.txt	མཆོག་ཏུ  མཁས་ཤིང  དོན་གྱི  རྗེས  འབྲང  འདི  -ར་ནི  ཚད་མ་ཡིན  །_།  སློབ་དཔོན  ཀླུ་སྒྲུབ་ཀྱིས 
གྲུབ  འདི  བརྙེས་པ་སྟེ 	ཕན 	འདོགས 	གྱུར་པ 	-ས 	གྲུབ 	འདི 	བརྙེས་པ་སྟེ 	།_། 	སེམས 	ཅན 	ཁོ་ན 	bstod tshogs ka_.txt	ཕན  འདོགས  གྱུར་པ  -ས  གྲུབ  འདི  བརྙེས་པ་སྟེ  །_།  སེམས  ཅན  ཁོ་ན 
 འདི  ཡང་དག་བཟུང 	-འི 	དོན་དུ 	ང་ཡིས 	སྐུ 		འདི 	ཡང་དག་བཟུང 	།_། 	སེམས 	ཅན 	རྣམས་ལ་ཡིད་ཀྱིས 	bstod tshogs ka_.txt	-འི  དོན་དུ  ང་ཡིས  སྐུ   འདི  ཡང་དག་བཟུང  །_།  སེམས  ཅན  རྣམས་ལ་ཡིད་ཀྱིས 
དངོས་པོ་གང་ལ  འདི  -ར་ནི 	སྲོག་ཆགས 	མེད 	གྱུར་ན 	།_། 	དངོས་པོ་གང་ལ 	འདི 	-ར་ནི 	སྙིང་རྗེ 	བྱམས་ལས 	དམིགས་པ 	ངེས་པ 	bstod tshogs ka_.txt	སྲོག་ཆགས  མེད  གྱུར་ན  །_།  དངོས་པོ་གང་ལ  འདི  -ར་ནི  སྙིང་རྗེ  བྱམས་ལས  དམིགས་པ  ངེས་པ 
དོན  འདི ་བསྒྲུབས 	བསྲུང 	མ 	བྱས་ན་གང་གི 	དོན་དུ 	དོན 	འདི	་བསྒྲུབས 	།_། 	གལ་ཏེ 	སེམས་ཅན 	མེད་ན 	bstod tshogs ka_.txt	བསྲུང  མ  བྱས་ན་གང་གི  དོན་དུ  དོན  འདི ་བསྒྲུབས  །_།  གལ་ཏེ  སེམས་ཅན  མེད་ན 
ཕན  འདི ་བསྒྲུབས 	གནོད་པ 	མཚུངས་པ 	མེད་ལས་གང་ལ 	བརྟེན་ནས 	ཕན 	འདི	་བསྒྲུབས 	།_། 	བདེ 	བར 	གཤེགས་ཀྱི 	bstod tshogs ka_.txt	གནོད་པ  མཚུངས་པ  མེད་ལས་གང་ལ  བརྟེན་ནས  ཕན  འདི ་བསྒྲུབས  །_།  བདེ  བར  གཤེགས་ཀྱི 
 འདི  །_། 						འདི 	།_། 	གལ་ཏེ 	ང་ལ 	སེམས་ཅན 	རྣམས་ལ 	bstod tshogs ka_.txt	     འདི  །_།  གལ་ཏེ  ང་ལ  སེམས་ཅན  རྣམས་ལ 
ཕན་པ  འདི  -ར་ནི 	ང་ཡི 	བསྟན་པ 	འགྲོ་བ 	རྣམས་ལ 	ཕན་པ 	འདི 	-ར་ནི 	འབར 	གྱུར་པ 	།_། 	དེ 	bstod tshogs ka_.txt	ང་ཡི  བསྟན་པ  འགྲོ་བ  རྣམས་ལ  ཕན་པ  འདི  -ར་ནི  འབར  གྱུར་པ  །_།  དེ 
ལུས  འདི ་ལས་ནི 	།_། 	སྐྱོ་བ 	མེད་པ 	-ར 	ལུས 	འདི	་ལས་ནི 	སྙིང་པོ 	དག་ནི 	བླང་བ 	-ར་གྱིས 	bstod tshogs ka_.txt	།_།  སྐྱོ་བ  མེད་པ  -ར  ལུས  འདི ་ལས་ནི  སྙིང་པོ  དག་ནི  བླང་བ  -ར་གྱིས 
དེ  འདི  -ར 	།_། 	བསྒྲུབས་པ་ལས་ནི 	རྣམ་གྲོལ་བ 	།_། 	དེ 	འདི 	-ར 	རྨད་བྱུང 	ཆེན་པོ་ལགས 	།_། 	ཁྱོད 	bstod tshogs ka_.txt	།_།  བསྒྲུབས་པ་ལས་ནི  རྣམ་གྲོལ་བ  །_།  དེ  འདི  -ར  རྨད་བྱུང  ཆེན་པོ་ལགས  །_།  ཁྱོད 
།_།  འདི ར 	ཁྱོད 	བསྟན་མ 	བསྟན་པ 	-ར་ཡང་གདའ 	།_། 	འདི	ར 	ཁྱོད 	བསྟོད་པ 	-ར 	སུ 	bstod tshogs ka_.txt	ཁྱོད  བསྟན་མ  བསྟན་པ  -ར་ཡང་གདའ  །_།  འདི ར  ཁྱོད  བསྟོད་པ  -ར  སུ 
ངག་ལམ  འདི  འདྲ་བས 	ཀུན་རྫོབ་ཏུ 	།_། 	བདག 	ཅག 	ངག་ལམ 	འདི 	འདྲ་བས 	།_། 	ཁྱོད་ནི 	བསྟོད 	བྱར 	bstod tshogs ka_.txt	ཀུན་རྫོབ་ཏུ  །_།  བདག  ཅག  ངག་ལམ  འདི  འདྲ་བས  །_།  ཁྱོད་ནི  བསྟོད  བྱར 
ལྟར  འདི ་ན 	-ར 	རབ་ཏུ་བསྟན 	།_། 	ཇི 	ལྟར 	འདི	་ན 	སྒྲ 	བརྟེན་ནས 	།_། 	བྲག 	bstod tshogs ka_.txt	-ར  རབ་ཏུ་བསྟན  །_།  ཇི  ལྟར  འདི ་ན  སྒྲ  བརྟེན་ནས  །_།  བྲག 
།_།  འདི  དག 	བྱེད་པ་པོ 	-ར་ནི 	ཐལ་བ 	-ར་འགྱུར 	།_། 	འདི 	དག 	ཐམས་ཅད 	མིང་ཙམ་ཞེས 	།_། 	ཁྱོད་ཀྱིས 	bstod tshogs ka_.txt	བྱེད་པ་པོ  -ར་ནི  ཐལ་བ  -ར་འགྱུར  །_།  འདི  དག  ཐམས་ཅད  མིང་ཙམ་ཞེས  །_།  ཁྱོད་ཀྱིས 
།_།  འདི  ལྟར 	བྱས་པ 	-འི 	སྐྱོན 	ལགས་པར 	།_། 	འདི 	ལྟར 	སྟོན་པ 	ཁྱོད་ཀྱིས་གཟིགས 	།_། 	གང་ནས་ཀྱང་ནི 	bstod tshogs ka_.txt	བྱས་པ  -འི  སྐྱོན  ལགས་པར  །_།  འདི  ལྟར  སྟོན་པ  ཁྱོད་ཀྱིས་གཟིགས  །_།  གང་ནས་ཀྱང་ནི 
-ས  འདི ་ཡིས 	བརྗོད་པའི 	།_། 	བསོད 	ནམ 	-ས 	འདི	་ཡིས 	འཇིག་རྟེན་འདི 	།_། 	བདེ 	བར 	bstod tshogs ka_.txt	བརྗོད་པའི  །_།  བསོད  ནམ  -ས  འདི ་ཡིས  འཇིག་རྟེན་འདི  །_།  བདེ  བར 
ཕོངས་པ  འདི ་དག 	འགྲོ་བ 	མ 	ལུས་པ 	།_། 	ཕོངས་པ 	འདི	་དག 	ཀུན་ལས 	ཁྱེད 	སྐྱོབ་མཛད 	།_། 	bstod tshogs ka_.txt	འགྲོ་བ  མ  ལུས་པ  །_།  ཕོངས་པ  འདི ་དག  ཀུན་ལས  ཁྱེད  སྐྱོབ་མཛད  །_། 
རོལ་པ  འདི  མངའ་ན 	།_། 	ཁྱོད་ལ་གཞོན 	ནུ 	-འི 	རོལ་པ 	འདི 	མངའ་ན 	།_། 	གང 	འདི 	-ར 	bstod tshogs ka_.txt	།_།  ཁྱོད་ལ་གཞོན  ནུ  -འི  རོལ་པ  འདི  མངའ་ན  །_།  གང  འདི  -ར 
།_།  འདི ་ན 	མཛད 	སྡིག་ཅན 	བསམ་པ 	-ས་ཉེས 	།_། 	འདི	་ན 	སྡུག་བསྔལ 	ཅན་ནི 	གང་ཡིན་ཞེས 	།_། 	bstod tshogs ka_.txt	མཛད  སྡིག་ཅན  བསམ་པ  -ས་ཉེས  །_།  འདི ་ན  སྡུག་བསྔལ  ཅན་ནི  གང་ཡིན་ཞེས  །_། 
།_།  འདི  ལྟར 	རྟག་ཏུ 	སྤྱི 	-ས 	ཕྱག་འཚལ 	།_། 	འདི 	ལྟར 	སྤྲོས་པ 	ཀུན 	བྲལ 	དཔེ་མེད 	bstod tshogs ka_.txt	རྟག་ཏུ  སྤྱི  -ས  ཕྱག་འཚལ  །_།  འདི  ལྟར  སྤྲོས་པ  ཀུན  བྲལ  དཔེ་མེད 
དུས  འདི  -ར 	ཚོགས་གཉིས 	རྫོགས 	མཛད་ཅིང 	།_། 	དུས 	འདི 	-ར 	མཛད་པ 	རྒྱ་ཆེན 	འགྲོ་བ་ཡི 	།_། 	bstod tshogs ka_.txt	ཚོགས་གཉིས  རྫོགས  མཛད་ཅིང  །_།  དུས  འདི  -ར  མཛད་པ  རྒྱ་ཆེན  འགྲོ་བ་ཡི  །_། 
།_།  འདི ས་ནི 	འདས 	གྲོང 	གཤེགས 	ཕྱག་འཚལ 	།_། 	འདི	ས་ནི 	ལྟོ་འཕྱེ 	མི་འམ་ཅི 	།_། 	ལྷ་དང 	bstod tshogs ka_.txt	འདས  གྲོང  གཤེགས  ཕྱག་འཚལ  །_།  འདི ས་ནི  ལྟོ་འཕྱེ  མི་འམ་ཅི  །_།  ལྷ་དང 
བདག  འདི  -ར 	གཤེགས 	ཀྱེ 	བདག་ལ་སྐྱོབས 	།_། 	བདག 	འདི 	-ར 	འཁོར་འདབ 	རྣམས་ཀྱི་ཕྱིར 	།_། 	ལས་གང་ལེགས་དང 	bstod tshogs ka_.txt	གཤེགས  ཀྱེ  བདག་ལ་སྐྱོབས  །_།  བདག  འདི  -ར  འཁོར་འདབ  རྣམས་ཀྱི་ཕྱིར  །_།  ལས་གང་ལེགས་དང 
།_།  འདི ་ནི 	བགྲོད 	མིན 	མི 	རིག་པས 	།_། 	འདི	་ནི 	སེམས 	མེད་ཤིང་དང་འདྲ 	།_། 	དེ 	bstod tshogs ka_.txt	བགྲོད  མིན  མི  རིག་པས  །_།  འདི ་ནི  སེམས  མེད་ཤིང་དང་འདྲ  །_།  དེ 
རྟེན  འདི ་ན་བདེ 	ཀྱེ 	བདག་ལ་སྐྱོབས 	།_། 	འཇིག 	རྟེན 	འདི	་ན་བདེ 	མ་མཆིས 	།_། 	འཇིག 	རྟེན 	bstod tshogs ka_.txt	ཀྱེ  བདག་ལ་སྐྱོབས  །_།  འཇིག  རྟེན  འདི ་ན་བདེ  མ་མཆིས  །_།  འཇིག  རྟེན 
གསོན་པ  འདི  འདྲ་བ 	ཀྱེ 	བདག་ལ་སྐྱོབས 	།_། 	དེ་ཡི 	གསོན་པ 	འདི 	འདྲ་བ 	།_། 	མཁའ་ལ 	ཀ 	ཤི 	bstod tshogs ka_.txt	ཀྱེ  བདག་ལ་སྐྱོབས  །_།  དེ་ཡི  གསོན་པ  འདི  འདྲ་བ  །_།  མཁའ་ལ  ཀ  ཤི 
ལྕེ  འདི ་ཉིད་ཀྱིས་གོ 	དོགས 	བཅས་པ 	།_། 	བདག་གི 	ལྕེ 	འདི	་ཉིད་ཀྱིས་གོ 	།_། 	སྙིང་པོ 	ཅི་ཕྱིར 	བླང 	bstod tshogs ka_.txt	དོགས  བཅས་པ  །_།  བདག་གི  ལྕེ  འདི ་ཉིད་ཀྱིས་གོ  །_།  སྙིང་པོ  ཅི་ཕྱིར  བླང 
།_།  འདི  སྙེད 	།_། 	མི 	སློབ་པ་ཡི 	མདུན་དུ་མིན 	།_། 	འདི 	སྙེད 	བགྱི 	བ 	-འི 	མཐའ་མེད་ན 	bstod tshogs ka_.txt	།_།  མི  སློབ་པ་ཡི  མདུན་དུ་མིན  །_།  འདི  སྙེད  བགྱི  བ  -འི  མཐའ་མེད་ན 
།_།  འདི  ལྟར 					།_། 	འདི 	ལྟར 	ལགས་ཞེས་ཅི་ཞིག་སྨོས 	།_། 	ཁྱོད་ཀྱི 	ཡོན་ཏན 	bstod tshogs ka_.txt	    །_།  འདི  ལྟར  ལགས་ཞེས་ཅི་ཞིག་སྨོས  །_།  ཁྱོད་ཀྱི  ཡོན་ཏན 
འགྲོ་བ  འདི ་ནི 	པར 	རྟོག་པ་རྣམ 	སྤངས་ནས 	།_། 	འགྲོ་བ 	འདི	་ནི 	ཉམ་ཐག་ཅེས 	།_། 	ཁྱོད 	བདག་ཉིད་ཀྱིས 	bstod tshogs ka_.txt	པར  རྟོག་པ་རྣམ  སྤངས་ནས  །_།  འགྲོ་བ  འདི ་ནི  ཉམ་ཐག་ཅེས  །_།  ཁྱོད  བདག་ཉིད་ཀྱིས 
སྐུ  འདི  -ས 	དུལ་ལ 	རྔོམ་བརྗིད 	ཆེ་བ་ཡི 	།_། 	སྐུ 	འདི 	-ས 	སུ་ཞིག 	དད 	མི་མཛད 	།_། 	bstod tshogs ka_.txt	དུལ་ལ  རྔོམ་བརྗིད  ཆེ་བ་ཡི  །_།  སྐུ  འདི  -ས  སུ་ཞིག  དད  མི་མཛད  །_། 
།_།  འདི ་ནི 	ཐམས་ཅད 	ཆགས་དང 	བྲལ 	འགྱུར་ཞིང 	།_། 	འདི	་ནི 	མཐོང་བ 	-འི 	ནང་ན་མཆོག 	_། 	bstod tshogs ka_.txt	ཐམས་ཅད  ཆགས་དང  བྲལ  འགྱུར་ཞིང  །_།  འདི ་ནི  མཐོང་བ  -འི  ནང་ན་མཆོག  _། 
སྐུ  འདི ་ནི 	དེ 	བཞིན 	གཤེགས་པ 	-འི 	སྐུ 	འདི	་ནི 	།_། 	གཞན་ལ 	གང་ཞིག་ལ་ནི་རྟེན 	།_། 	bstod tshogs ka_.txt	དེ  བཞིན  གཤེགས་པ  -འི  སྐུ  འདི ་ནི  །_།  གཞན་ལ  གང་ཞིག་ལ་ནི་རྟེན  །_། 
 འདི  །_། 						འདི 	།_། 	གཞན 	གང་ཞིག་ལ་ལེགས 	གནས་འགྱུར 	།_། 	bstod tshogs ka_.txt	     འདི  །_།  གཞན  གང་ཞིག་ལ་ལེགས  གནས་འགྱུར  །_། 
འགྲོ་བ  འདི ་དག 	ངན 	སོང་གི་ནི 	སྡུག་བསྔལ་ཡང 	།_། 	འགྲོ་བ 	འདི	་དག 	ཐམས་ཅད་ནི 	།_། 	ཁྱད 	མེད 	bstod tshogs ka_.txt	ངན  སོང་གི་ནི  སྡུག་བསྔལ་ཡང  །_།  འགྲོ་བ  འདི ་དག  ཐམས་ཅད་ནི  །_།  ཁྱད  མེད 
 འདི  །_། 						འདི 	།_། 	སེམས 	ཅན 	ཡོད་ན 	མི 	bstod tshogs ka_.txt	     འདི  །_།  སེམས  ཅན  ཡོད་ན  མི 
།_།  འདི  ལྟར 	དོན 	རྗེས་སུ 	གཟིགས་པ 	-ར་མཛད 	།_། 	འདི 	ལྟར 	རེས་འགའ 	བསྟན་པ 	-ས་གང 	།_། 	bstod tshogs ka_.txt	དོན  རྗེས་སུ  གཟིགས་པ  -ར་མཛད  །_།  འདི  ལྟར  རེས་འགའ  བསྟན་པ  -ས་གང  །_། 
སྣོད  འདི  འདྲ་བ 	རིན་ཆེན 	གསུང 	རྣམས་ཀྱི 	།_། 	སྣོད 	འདི 	འདྲ་བ 	འདི 	བགྱིས་སོ 	།_། 	སྣོད་ཀྱི 	bstod tshogs ka_.txt	རིན་ཆེན  གསུང  རྣམས་ཀྱི  །_།  སྣོད  འདི  འདྲ་བ  འདི  བགྱིས་སོ  །_།  སྣོད་ཀྱི 
བདུད་རྩི  འདི  འདྲ་བའང 	-ས་ན 	།_། 	རྣ 	བར 	བདུད་རྩི 	འདི 	འདྲ་བའང 	།_། 	རོ་ནི 	ཕྲོགས་པ 	-ར 	bstod tshogs ka_.txt	-ས་ན  །_།  རྣ  བར  བདུད་རྩི  འདི  འདྲ་བའང  །_།  རོ་ནི  ཕྲོགས་པ  -ར 
གསུང  འདི ་དག་ནི 	དེ་ལས 	མཉན་ན 	སྙན་པ་ཡི 	།_། 	གསུང 	འདི	་དག་ནི 	ཟླ་བ་ལས 	།_། 	བདུད 	རྩི 	bstod tshogs ka_.txt	དེ་ལས  མཉན་ན  སྙན་པ་ཡི  །_།  གསུང  འདི ་དག་ནི  ཟླ་བ་ལས  །_།  བདུད  རྩི 
གལ་ཏེ  འདི ་ནི 	བྱིན 	མཚོན་ཆ 	འདྲ་བ་ལགས 	།_། 	གལ་ཏེ 	འདི	་ནི 	མ 	གསུངས་ན 	།_། 	བདེ 	bstod tshogs ka_.txt	བྱིན  མཚོན་ཆ  འདྲ་བ་ལགས  །_།  གལ་ཏེ  འདི ་ནི  མ  གསུངས་ན  །_།  བདེ 
གསུང  འདི  སྐྱེ་བོ 	-འི 	རབ་རིབ་རྣམ 	འཇོམས་པས 	།_། 	གསུང 	འདི 	སྐྱེ་བོ 	ཀུན་ལ་སྨན 	།_། 	ཤེས 	རབ 	bstod tshogs ka_.txt	-འི  རབ་རིབ་རྣམ  འཇོམས་པས  །_།  གསུང  འདི  སྐྱེ་བོ  ཀུན་ལ་སྨན  །_།  ཤེས  རབ 
བཞི་པོ  འདི  ཀུན་ཐོབ 	ཡོན་ཏན 	བསྔགས་པ་དང 	།_། 	ལེགས་པ 	བཞི་པོ 	འདི 	ཀུན་ཐོབ 	།_། 	སྟོང་པ 	ཉིད་ནི 	གསུང་བ་དང 	bstod tshogs ka_.txt	ཡོན་ཏན  བསྔགས་པ་དང  །_།  ལེགས་པ  བཞི་པོ  འདི  ཀུན་ཐོབ  །_།  སྟོང་པ  ཉིད་ནི  གསུང་བ་དང 
 འདི  །_། 						འདི 	།_། 	མུ 	སྟེགས 	ཐམས་ཅད 	སྐྲག 	bstod tshogs ka_.txt	     འདི  །_།  མུ  སྟེགས  ཐམས་ཅད  སྐྲག 
དེ་ལས  འདི ་ནི 	-ས་ཀྱིས་ཀྱང 	དབང 	ཐོབ་ཕྱིར 	།_། 	དེ་ལས 	འདི	་ནི 	ཁྱད 	ཆེས་འཕགས 	།_། 	ཁྱོད་ཀྱི 	bstod tshogs ka_.txt	-ས་ཀྱིས་ཀྱང  དབང  ཐོབ་ཕྱིར  །_།  དེ་ལས  འདི ་ནི  ཁྱད  ཆེས་འཕགས  །_།  ཁྱོད་ཀྱི 
 འདི ས 						འདི	ས 	།_། 	ལུང་གི 	དོན་ནི 	བསམས་པ་དང 	bstod tshogs ka_.txt	     འདི ས  །_།  ལུང་གི  དོན་ནི  བསམས་པ་དང 
ཁྱབ  འདི ་ལ 	དེ 	ལྟར 	ལེགས་པ 	-ས 	ཁྱབ 	འདི	་ལ 	།_། 	མ 	གུས་གང 	ལགས 	bstod tshogs ka_.txt	དེ  ལྟར  ལེགས་པ  -ས  ཁྱབ  འདི ་ལ  །_།  མ  གུས་གང  ལགས 
ཁྱོད་སྔོན  འདི  འདྲ་ལགས 	བསྟན་པ་ལ 	།_། 	མཚར 	མིན 	ཁྱོད་སྔོན 	འདི 	འདྲ་ལགས 	།_། 	ཚུལ 	ཁྲིམས 	དག 	bstod tshogs ka_.txt	བསྟན་པ་ལ  །_།  མཚར  མིན  ཁྱོད་སྔོན  འདི  འདྲ་ལགས  །_།  ཚུལ  ཁྲིམས  དག 
།_།  འདི  དག 	དུས་ཀྱི 	སྐྱོན་མེད 	ཆོས 	རྣམས་ཀྱིས 	།_། 	འདི 	དག 	ཀུན 	ལ་སྨན 	ཡོན་བཏགས 	།_། 	bstod tshogs ka_.txt	དུས་ཀྱི  སྐྱོན་མེད  ཆོས  རྣམས་ཀྱིས  །_།  འདི  དག  ཀུན  ལ་སྨན  ཡོན་བཏགས  །_། 
 འདི  མཆོག་ཅེས 	འདི་ནི 	སྨན་དང 				འདི 	མཆོག་ཅེས 	།_། 	ཁྱོད་ཀྱི 	ལྟོས་པ 	བསལ་ནས་ནི 	bstod tshogs ka_.txt	འདི་ནི  སྨན་དང     འདི  མཆོག་ཅེས  །_།  ཁྱོད་ཀྱི  ལྟོས་པ  བསལ་ནས་ནི 
།_།  འདི  ལྟར 	ཁྱོད་ཀྱིས 	འགྲོ་བ 	-འི 	དཔལ་ཞིང་མཛད 	།_། 	འདི 	ལྟར 	རྣམ་པ 	འདི 	འདྲ 	-འི་ཞིང 	bstod tshogs ka_.txt	ཁྱོད་ཀྱིས  འགྲོ་བ  -འི  དཔལ་ཞིང་མཛད  །_།  འདི  ལྟར  རྣམ་པ  འདི  འདྲ  -འི་ཞིང 
ཆོས་ནི  འདི ་དག་ཀྱང 	ཀུན་བདག་ལ 	ཕྱག་འཚལ 	།_། 	གལ་ཏེ 	ཆོས་ནི 	འདི	་དག་ཀྱང 	།_། 	སྤོ་བ་ཞིག་ཏུ 	བཏུབ་ན་ནི 	།_། 	bstod tshogs ka_.txt	ཀུན་བདག་ལ  ཕྱག་འཚལ  །_།  གལ་ཏེ  ཆོས་ནི  འདི ་དག་ཀྱང  །_།  སྤོ་བ་ཞིག་ཏུ  བཏུབ་ན་ནི  །_། 
།_།  འདི ་ནི 	བ 	-འི 	མགོན་པོ 	ཁྱོད་ཀྱིས་ནི 	།_། 	འདི	་ནི 	ཕན་ཚུན 	བྱེད་པ་པོ 	།_། 	མེད་པ 	bstod tshogs ka_.txt	བ  -འི  མགོན་པོ  ཁྱོད་ཀྱིས་ནི  །_།  འདི ་ནི  ཕན་ཚུན  བྱེད་པ་པོ  །_།  མེད་པ 
།_།  འདི  ལྟར 	བུ 	ལོན 	ལྷག་མ 	གཞན་ཅི་མཆསམཆིས 	།_། 	འདི 	ལྟར 	རྡོ་རྗེ 	-འི 	ཏིང་འཛིན་གྱིས 	།_། 	bstod tshogs ka_.txt	བུ  ལོན  ལྷག་མ  གཞན་ཅི་མཆསམཆིས  །_།  འདི  ལྟར  རྡོ་རྗེ  -འི  ཏིང་འཛིན་གྱིས  །_། 
ཆོས  འདི ་དག 	-ར་མཛད 	།_། 	གཟུགས་ཀྱི 	སྐུ་དང 	ཆོས 	འདི	་དག 	_། 	གཞན 	དོན 	ཁོ་ན 	bstod tshogs ka_.txt	-ར་མཛད  །_།  གཟུགས་ཀྱི  སྐུ་དང  ཆོས  འདི ་དག  _།  གཞན  དོན  ཁོ་ན 
དཀའ  འདི ་ལ 	།_། 	འཇིག 	རྟེན 	ཡིད་ཆེས 	དཀའ 	འདི	་ལ 	།_། 	ཁྱོད་ཀྱིས 	མྱ་ངན 	འདས་པ་བསྟན 	bstod tshogs ka_.txt	།_།  འཇིག  རྟེན  ཡིད་ཆེས  དཀའ  འདི ་ལ  །_།  ཁྱོད་ཀྱིས  མྱ་ངན  འདས་པ་བསྟན 
-འི་ལས  འདི  -འི 	སྐྱེས་པའི 	།_། 	དགེ 	བ 	-འི་ལས 	འདི 	-འི 	འབྲས་བུ 	འཁྲུངས་པ 	-ས་ནི 	།_། 	bstod tshogs ka_.txt	སྐྱེས་པའི  །_།  དགེ  བ  -འི་ལས  འདི  -འི  འབྲས་བུ  འཁྲུངས་པ  -ས་ནི  །_། 
བཅད་པ  འདི  -ས་ནི 	གླེང 	བསླང་བ 	-འི 	ཚིགས་སུ 	བཅད་པ 	འདི 	-ས་ནི 	བསྡུས་པ 	-འི 	དོན 	བཞི་པོ 	bstod tshogs ka_.txt	གླེང  བསླང་བ  -འི  ཚིགས་སུ  བཅད་པ  འདི  -ས་ནི  བསྡུས་པ  -འི  དོན  བཞི་པོ 
 འདི  ལྟ་སྟེ 						འདི 	ལྟ་སྟེ 	།_ 	ཡོན་ཏན 	ཡོངས་སུ 	མི 	bstod tshogs ka_.txt	     འདི  ལྟ་སྟེ  །_  ཡོན་ཏན  ཡོངས་སུ  མི 
འགྲོ  འདི  -ས 	བསྟན་ཏོ 	།_། 	གང 	སླད 	འགྲོ 	འདི 	-ས 	ཁྱོད་ལ 	བསྟོད་པ 	བགྱིས་ཀྱང་ཞེས 	བྱ་བ 	bstod tshogs ka_.txt	བསྟན་ཏོ  །_།  གང  སླད  འགྲོ  འདི  -ས  ཁྱོད་ལ  བསྟོད་པ  བགྱིས་ཀྱང་ཞེས  བྱ་བ 
 འདི  -ས་ནི 						འདི 	-ས་ནི 	སྒྲོ་འདོགས་པ 	མེད་པ 	ཉིད་དོ 	།_། 	bstod tshogs ka_.txt	     འདི  -ས་ནི  སྒྲོ་འདོགས་པ  མེད་པ  ཉིད་དོ  །_། 
 འདི  -ས་ནི 	རབ་ཏུ་ཆུང་ཡང་ཞེས 	བྱ་བ 				འདི 	-ས་ནི 	ང་རྒྱལ 	མེད་པ 	ཉིད་དོ 	།_། 	bstod tshogs ka_.txt	རབ་ཏུ་ཆུང་ཡང་ཞེས  བྱ་བ     འདི  -ས་ནི  ང་རྒྱལ  མེད་པ  ཉིད་དོ  །_། 
དོན  འདི  -ར 					དོན 	འདི 	-ར 	བདག་ནི 	བློ་གྲོས 	རབ་ཏུ་ཆུང་ཡང 	བརྩོན་པ་ལགས 	bstod tshogs ka_.txt	    དོན  འདི  -ར  བདག་ནི  བློ་གྲོས  རབ་ཏུ་ཆུང་ཡང  བརྩོན་པ་ལགས 
 འདི  -ས་ནི 	།_ 	ཞེས 	བྱ་བ 			འདི 	-ས་ནི 	འདོད་པ 	-འི 	དོན 	བསྒྲུབ་པ 	bstod tshogs ka_.txt	།_  ཞེས  བྱ་བ    འདི  -ས་ནི  འདོད་པ  -འི  དོན  བསྒྲུབ་པ 
རྐྱེན་ནི  འདི ་དག་གིས 	མི་ལྡོག་པ 	།_། 	རྒྱུ 	བཞི 	རྐྱེན་ནི 	འདི	་དག་གིས 	།_། 	བྱང 	ཆུབ 	སེམས་ནི 	bstod tshogs ka_.txt	མི་ལྡོག་པ  །_།  རྒྱུ  བཞི  རྐྱེན་ནི  འདི ་དག་གིས  །_།  བྱང  ཆུབ  སེམས་ནི 
བྱ་བ  འདི  -ས་ནི 	ངན་སོང 	གནས 	ན 	-འང་ཞེས 	བྱ་བ 	འདི 	-ས་ནི 	གཞན་གྱི 	དོན་ལ 	འགྱུར་བ 	-འི 	bstod tshogs ka_.txt	ངན་སོང  གནས  ན  -འང་ཞེས  བྱ་བ  འདི  -ས་ནི  གཞན་གྱི  དོན་ལ  འགྱུར་བ  -འི 
བྱ་བ  འདི ་དག་ནི 	རྣམས་ཀྱིས 	སྨས་པ 	-འི 	སེམས་ཅན་ལ་ཞེས 	བྱ་བ 	འདི	་དག་ནི 	སྡུག་བསྔལ 	བསྐྱེད་པ 	ལ་སོ 	སོར་རྟོག་པའོ 	bstod tshogs ka_.txt	རྣམས་ཀྱིས  སྨས་པ  -འི  སེམས་ཅན་ལ་ཞེས  བྱ་བ  འདི ་དག་ནི  སྡུག་བསྔལ  བསྐྱེད་པ  ལ་སོ  སོར་རྟོག་པའོ 
བྱ་བ  འདི ་དག་ནི 	མ 	རིག 	ལྡོངས་པ 	-ས་ཞེས 	བྱ་བ 	འདི	་དག་ནི 	ཕན 	བཏགས་པ 	ལ་སོ 	སོར་རྟོག་པའོ 	bstod tshogs ka_.txt	མ  རིག  ལྡོངས་པ  -ས་ཞེས  བྱ་བ  འདི ་དག་ནི  ཕན  བཏགས་པ  ལ་སོ  སོར་རྟོག་པའོ 
བྱ་བ  འདི ་དག་ནི 	སྔོན 	ཆད 	འཁོར་བ 	-ར་ཞེས 	བྱ་བ 	འདི	་དག་ནི 	གྲོགས 	བྱས་པ 	ལ་སོ 	སོར་རྟོག་པའོ 	bstod tshogs ka_.txt	སྔོན  ཆད  འཁོར་བ  -ར་ཞེས  བྱ་བ  འདི ་དག་ནི  གྲོགས  བྱས་པ  ལ་སོ  སོར་རྟོག་པའོ 
བྱ་བ  འདི ་དག་ནི 	ལོངས 	སྤྱད 	འདས 	དགོངས་ཞེས 	བྱ་བ 	འདི	་དག་ནི 	ཡང་དག 	པར 	ལོངས 	སྤྱད་པ 	bstod tshogs ka_.txt	ལོངས  སྤྱད  འདས  དགོངས་ཞེས  བྱ་བ  འདི ་དག་ནི  ཡང་དག  པར  ལོངས  སྤྱད་པ 
བྱ་བ  འདི ་དག་ནི 	འགྲོ་བ 	མྱ་ངན 	མ 	འདས་ཞེས 	བྱ་བ 	འདི	་དག་ནི 	བྱང་ཆུབ་ཀྱི 	སྨོན་ལམ་ཡིན་ནོ 	།_། 	དེའི 	bstod tshogs ka_.txt	འགྲོ་བ  མྱ་ངན  མ  འདས་ཞེས  བྱ་བ  འདི ་དག་ནི  བྱང་ཆུབ་ཀྱི  སྨོན་ལམ་ཡིན་ནོ  །_།  དེའི 
བྱ་བ  འདི ་དག་ནི 	སྨད་པ 	-འི 	གནས་སྐབས 	དག་ཏུ་ཞེས 	བྱ་བ 	འདི	་དག་ནི 	རིགས 	ཡོད་པ 	ཉིད་ཡིན་ནོ 	།_། 	bstod tshogs ka_.txt	སྨད་པ  -འི  གནས་སྐབས  དག་ཏུ་ཞེས  བྱ་བ  འདི ་དག་ནི  རིགས  ཡོད་པ  ཉིད་ཡིན་ནོ  །_། 
བྱ་བ  འདི ་དག་ནི 	སླད 	གལ་ཏེ 	རང་ལ 	རག་ལས་ཞེས 	བྱ་བ 	འདི	་དག་ནི 	དགེ་བ 	-འི 	བཤེས་གཉེན་ལ 	བརྟེན་པའོ 	bstod tshogs ka_.txt	སླད  གལ་ཏེ  རང་ལ  རག་ལས་ཞེས  བྱ་བ  འདི ་དག་ནི  དགེ་བ  -འི  བཤེས་གཉེན་ལ  བརྟེན་པའོ 
ཅེས་བྱ་བ  འདི ་དག་ནི 	ཉོན་མོངས 	ཆུ་བོ 	རབ 	འཁྲུག 	ཅེས་བྱ་བ 	འདི	་དག་ནི 	སྙིང་རྗེ་ཡིན་ནོ 	།_། 	འཇིག 	རྟེན 	bstod tshogs ka_.txt	ཉོན་མོངས  ཆུ་བོ  རབ  འཁྲུག  ཅེས་བྱ་བ  འདི ་དག་ནི  སྙིང་རྗེ་ཡིན་ནོ  །_།  འཇིག  རྟེན 
བྱ་བ  འདི ་དག་ནི 	འདི་དག 	རང 	ལ 	-འང་ཞེས 	བྱ་བ 	འདི	་དག་ནི 	སྡུག་བསྔལ་གྱིས 	མི་ལྡོག་པ་ཡིན་ཏེ 	།_ 	དེ 	bstod tshogs ka_.txt	འདི་དག  རང  ལ  -འང་ཞེས  བྱ་བ  འདི ་དག་ནི  སྡུག་བསྔལ་གྱིས  མི་ལྡོག་པ་ཡིན་ཏེ  །_  དེ 
།_  འདི  ལྟར 	རྣམས་ཀྱི 	ཕ་རོལ་ཏུ 	ཕྱིན་པ་ནི 	བཅུ་སྟེ 	།_ 	འདི 	ལྟར 	སྦྱིན་པ་དང 	།_ 	ཚུལ 	ཁྲིམས་དང 	bstod tshogs ka_.txt	རྣམས་ཀྱི  ཕ་རོལ་ཏུ  ཕྱིན་པ་ནི  བཅུ་སྟེ  །_  འདི  ལྟར  སྦྱིན་པ་དང  །_  ཚུལ  ཁྲིམས་དང 
བྱ་བ  འདི ་དག་གིས་ནི 	ལྡན 	མཐོང་ན་ཡང 	།_། 	ཞེས 	བྱ་བ 	འདི	་དག་གིས་ནི 	སྦྱིན་པ 	-འི 	ཕ་རོལ་ཏུ 	ཕྱིན་པ 	bstod tshogs ka_.txt	ལྡན  མཐོང་ན་ཡང  །_།  ཞེས  བྱ་བ  འདི ་དག་གིས་ནི  སྦྱིན་པ  -འི  ཕ་རོལ་ཏུ  ཕྱིན་པ 
བྱ་བ  འདི ་དག་གིས་ནི 	ལྡན་པ 	-འི 	ཚིག 	སྨྲ་ཡང་ཞེས 	བྱ་བ 	འདི	་དག་གིས་ནི 	ཚུལ་ཁྲིམས་ཀྱི 	ཕ་རོལ་ཏུ 	ཕྱིན་པ 	བསྟན་ཏོ 	bstod tshogs ka_.txt	ལྡན་པ  -འི  ཚིག  སྨྲ་ཡང་ཞེས  བྱ་བ  འདི ་དག་གིས་ནི  ཚུལ་ཁྲིམས་ཀྱི  ཕ་རོལ་ཏུ  ཕྱིན་པ  བསྟན་ཏོ 
བྱ་བ  འདི ་དག་གིས་ནི 	སླད 	མཁས་པ 	རྣམས་ཀྱི 	མི་དགེའི་ལས་ཀྱང་ཞེས 	བྱ་བ 	འདི	་དག་གིས་ནི 	མི་མཐུན་པ 	-འི 	ཕྱོགས 	སྤངས་པ 	bstod tshogs ka_.txt	སླད  མཁས་པ  རྣམས་ཀྱི  མི་དགེའི་ལས་ཀྱང་ཞེས  བྱ་བ  འདི ་དག་གིས་ནི  མི་མཐུན་པ  -འི  ཕྱོགས  སྤངས་པ 
ཅེས་བྱ་བ  འདི ་དག་གིས་ནི 	ཞི་བ 	-ར 	བགྱི 	སླད 	ཅེས་བྱ་བ 	འདི	་དག་གིས་ནི 	བརྩོན་འགྲུས་ཀྱི 	ཕ་རོལ་ཏུ 	ཕྱིན་པ 	བསྟན་ཏོ 	bstod tshogs ka_.txt	ཞི་བ  -ར  བགྱི  སླད  ཅེས་བྱ་བ  འདི ་དག་གིས་ནི  བརྩོན་འགྲུས་ཀྱི  ཕ་རོལ་ཏུ  ཕྱིན་པ  བསྟན་ཏོ 
བྱ་བ  འདི ་དག་གིས་ནི 	པར 	བཞེད་པ 	མ 	སྤངས་ཞེས 	བྱ་བ 	འདི	་དག་གིས་ནི 	མི་མཐུན་པ 	-འི 	ཕྱོགས 	སྤངས་པ 	bstod tshogs ka_.txt	པར  བཞེད་པ  མ  སྤངས་ཞེས  བྱ་བ  འདི ་དག་གིས་ནི  མི་མཐུན་པ  -འི  ཕྱོགས  སྤངས་པ 
བྱ་བ  འདི ་དག་གིས་ནི 	བདག 	བསྟོད 	མ 	མཛད་ལ་ཞེས 	བྱ་བ 	འདི	་དག་གིས་ནི 	མི་མཐུན་པ 	-འི 	ཕྱོགས 	སྤངས་པ 	bstod tshogs ka_.txt	བདག  བསྟོད  མ  མཛད་ལ་ཞེས  བྱ་བ  འདི ་དག་གིས་ནི  མི་མཐུན་པ  -འི  ཕྱོགས  སྤངས་པ 
བྱ་བ  འདི ་དག་དང 	སྲིད་དང 	ཉོན་མོངས 	སྐྱོ་བ 	-ས་ཞེས 	བྱ་བ 	འདི	་དག་དང 	།_ 	ཤེས 	རབ་ལ 	སོགས 	bstod tshogs ka_.txt	སྲིད་དང  ཉོན་མོངས  སྐྱོ་བ  -ས་ཞེས  བྱ་བ  འདི ་དག་དང  །_  ཤེས  རབ་ལ  སོགས 
བཅད་པ  འདི ་གཉིས་ཀྱིས 	ཡོན་ཏན་ཞེས 	བྱ་བ 	-འི 	ཚིགས་སུ 	བཅད་པ 	འདི	་གཉིས་ཀྱིས 	བརྒལ་བ་དང 	།_ 	ལན 	དང་བཅས་པ 	bstod tshogs ka_.txt	ཡོན་ཏན་ཞེས  བྱ་བ  -འི  ཚིགས་སུ  བཅད་པ  འདི ་གཉིས་ཀྱིས  བརྒལ་བ་དང  །_  ལན  དང་བཅས་པ 
བྱ་བ  འདི ་དག་གིས་ནི 	འགའ་འང 	བྱུང 	མ 	གྱུར་ཞེས 	བྱ་བ 	འདི	་དག་གིས་ནི 	ཕུན 	སུམ 	ཚོགས་པ 	རྫོགས་པ 	bstod tshogs ka_.txt	འགའ་འང  བྱུང  མ  གྱུར་ཞེས  བྱ་བ  འདི ་དག་གིས་ནི  ཕུན  སུམ  ཚོགས་པ  རྫོགས་པ 
བྱ་བ  འདི ་དག་གིས་ནི 	མཚན་མོ 	སྟོན་ཀ 	-འི 	ཟླ་བ་ཞེས 	བྱ་བ 	འདི	་དག་གིས་ནི 	སྟོབས་ཀྱི 	ཕ་རོལ་ཏུ 	ཕྱིན་པ 	བསྟན་ཏོ 	bstod tshogs ka_.txt	མཚན་མོ  སྟོན་ཀ  -འི  ཟླ་བ་ཞེས  བྱ་བ  འདི ་དག་གིས་ནི  སྟོབས་ཀྱི  ཕ་རོལ་ཏུ  ཕྱིན་པ  བསྟན་ཏོ 
བྱ་བ  འདི ་དག་གིས་ནི 	དག་གིས 	སྨ 	-ས 	ཚེ་ཞེས 	བྱ་བ 	འདི	་དག་གིས་ནི 	ཡེ་ཤེས་ཀྱི 	ཕ་རོལ་ཏུ 	ཕྱིན་པ 	བསྟན་ཏོ 	bstod tshogs ka_.txt	དག་གིས  སྨ  -ས  ཚེ་ཞེས  བྱ་བ  འདི ་དག་གིས་ནི  ཡེ་ཤེས་ཀྱི  ཕ་རོལ་ཏུ  ཕྱིན་པ  བསྟན་ཏོ 
བྱ་བ  འདི ་དག་གིས་ནི 	ཚོགས་པའོ 	།_། 	ཕྱུག་ཅིང 	འབྱོར་པ་ཞེས 	བྱ་བ 	འདི	་དག་གིས་ནི 	བསམ་པ 	ཕུན 	སུམ 	ཚོགས་པ 	bstod tshogs ka_.txt	ཚོགས་པའོ  །_།  ཕྱུག་ཅིང  འབྱོར་པ་ཞེས  བྱ་བ  འདི ་དག་གིས་ནི  བསམ་པ  ཕུན  སུམ  ཚོགས་པ 
བྱ་བ  འདི ་དག་གིས་ནི 	པར 	སྤྲོ 	མ 	མཆིས་ཞེས 	བྱ་བ 	འདི	་དག་གིས་ནི 	སྦྱོར་བ 	ཕུན 	སུམ 	ཚོགས་པའོ 	bstod tshogs ka_.txt	པར  སྤྲོ  མ  མཆིས་ཞེས  བྱ་བ  འདི ་དག་གིས་ནི  སྦྱོར་བ  ཕུན  སུམ  ཚོགས་པའོ 
བྱ་བ  འདི ་དག་གིས་ནི 	དག་ཏུ 	བྱ 	རྣམས 	ལྟ་བུ་ཞེས 	བྱ་བ 	འདི	་དག་གིས་ནི 	ལེན་པ་པོ 	ཕུན 	སུམ 	ཚོགས་པའོ 	bstod tshogs ka_.txt	དག་ཏུ  བྱ  རྣམས  ལྟ་བུ་ཞེས  བྱ་བ  འདི ་དག་གིས་ནི  ལེན་པ་པོ  ཕུན  སུམ  ཚོགས་པའོ 
བྱ་བ  འདི ་དག་གིས་ནི 	དཔལ 	འབྱོར 	འབངས་དང 	བཙུན་མོ་ཞེས 	བྱ་བ 	འདི	་དག་གིས་ནི 	སྦྱིན་པ 	-ར 	བྱ་བ 	ཕུན 	bstod tshogs ka_.txt	དཔལ  འབྱོར  འབངས་དང  བཙུན་མོ་ཞེས  བྱ་བ  འདི ་དག་གིས་ནི  སྦྱིན་པ  -ར  བྱ་བ  ཕུན 
རྟེན  འདི ་ལ 	ཕ་རོལ་ཏུ 	ཕྱིན་པའོ 	།_། 	འཇིག 	རྟེན 	འདི	་ལ 	གནོད་པ 	སྐྱེ་ཞེས 	བྱ་བ 	འདི་དག་གིས་ནི 	bstod tshogs ka_.txt	ཕ་རོལ་ཏུ  ཕྱིན་པའོ  །_།  འཇིག  རྟེན  འདི ་ལ  གནོད་པ  སྐྱེ་ཞེས  བྱ་བ  འདི་དག་གིས་ནི 
བྱ་བ  འདི ་དག་གིས་ནི 	ལྟར 	སྨན་པ 	གདོན་གྱིས 	ཟིན་ལ་ཞེས 	བྱ་བ 	འདི	་དག་གིས་ནི 	རྣམ་པ 	-ར 	རྟོག་པ་དང 	བྲལ་བ 	bstod tshogs ka_.txt	ལྟར  སྨན་པ  གདོན་གྱིས  ཟིན་ལ་ཞེས  བྱ་བ  འདི ་དག་གིས་ནི  རྣམ་པ  -ར  རྟོག་པ་དང  བྲལ་བ 
བྱ་བ  འདི ་དག་གིས་ནི 	ལྷག 	རྣམས་ལ 	གུས་པ 	-ས་ཞེས 	བྱ་བ 	འདི	་དག་གིས་ནི 	ཐབས་ཀྱིས 	རྒྱས་པ 	-འི 	བརྩོན་འགྲུས་ཀྱི 	bstod tshogs ka_.txt	ལྷག  རྣམས་ལ  གུས་པ  -ས་ཞེས  བྱ་བ  འདི ་དག་གིས་ནི  ཐབས་ཀྱིས  རྒྱས་པ  -འི  བརྩོན་འགྲུས་ཀྱི 
བྱ་བ  འདི ་དག་གིས་ནི 	ལྟར 	མ་མ 	རང 	ལུས་ཞེས 	བྱ་བ 	འདི	་དག་གིས་ནི 	སྐྱེ་བ 	-ས 	སྟོང་པ 	-འི 	bstod tshogs ka_.txt	ལྟར  མ་མ  རང  ལུས་ཞེས  བྱ་བ  འདི ་དག་གིས་ནི  སྐྱེ་བ  -ས  སྟོང་པ  -འི 
བྱ་བ  འདི ་དག་གིས་ནི 	བསྟན་ཏོ 	།_། 	ཁྱོད་ཀྱི 	བློ་གྲོས་ཞེས 	བྱ་བ 	འདི	་དག་གིས་ནི 	ཐབས 	དང་བཅས་པ 	-འི 	བརྩོན་པ 	bstod tshogs ka_.txt	བསྟན་ཏོ  །_།  ཁྱོད་ཀྱི  བློ་གྲོས་ཞེས  བྱ་བ  འདི ་དག་གིས་ནི  ཐབས  དང་བཅས་པ  -འི  བརྩོན་པ 
ཅེས་བྱ་བ  འདི ་དག་དང་གང 	མངའ་བ 	-ར 	མི 	བཞེད 	ཅེས་བྱ་བ 	འདི	་དག་དང་གང 	སླད 	ཤེས་རབ 	དོན་དམ་ཞེས 	བྱ་བ 	bstod tshogs ka_.txt	མངའ་བ  -ར  མི  བཞེད  ཅེས་བྱ་བ  འདི ་དག་དང་གང  སླད  ཤེས་རབ  དོན་དམ་ཞེས  བྱ་བ 
 འདི ་གཉིས་ཀྱིས་ནི 	-འི 	ཚིགས་སུ 	བཅད་པ 			འདི	་གཉིས་ཀྱིས་ནི 	བརྒལ་བ་དང 	ལན 	དང་བཅས་པ 	-ར 	bstod tshogs ka_.txt	-འི  ཚིགས་སུ  བཅད་པ    འདི ་གཉིས་ཀྱིས་ནི  བརྒལ་བ་དང  ལན  དང་བཅས་པ  -ར 
ཅེས་བྱ་བ  འདི ་དག་གིས་ནི 	ཉོན་མོངས 	བས་པ 	-ས 	བྱང་ཆུབ 	ཅེས་བྱ་བ 	འདི	་དག་གིས་ནི 	ཉོན་མོངས་པ་ལ 	མངའ་དབང 	མཛད་པ 	བསྟན་ཏོ 	bstod tshogs ka_.txt	ཉོན་མོངས  བས་པ  -ས  བྱང་ཆུབ  ཅེས་བྱ་བ  འདི ་དག་གིས་ནི  ཉོན་མོངས་པ་ལ  མངའ་དབང  མཛད་པ  བསྟན་ཏོ 
བྱ་བ  འདི ་དག་གིས་ནི 	མཁྱེན་པ 	-ས 	གཟུང་བ 	-ས་ཞེས 	བྱ་བ 	འདི	་དག་གིས་ནི 	དེ 	-འི 	དགོས་པའོ 	།_། 	bstod tshogs ka_.txt	མཁྱེན་པ  -ས  གཟུང་བ  -ས་ཞེས  བྱ་བ  འདི ་དག་གིས་ནི  དེ  -འི  དགོས་པའོ  །_། 
 འདི ་དག་གིས་ནི 	འགྲོ་བ 	ཉོན་མོངས 	གྱུར་ཞེས 	བྱ་བ 		འདི	་དག་གིས་ནི 	སྐྱེ་བ་ལ 	མངའ་དབང 	མཛད་པའོ 	།_། 	bstod tshogs ka_.txt	འགྲོ་བ  ཉོན་མོངས  གྱུར་ཞེས  བྱ་བ   འདི ་དག་གིས་ནི  སྐྱེ་བ་ལ  མངའ་དབང  མཛད་པའོ  །_། 
བྱ་བ  འདི ་དག་གིས 	།_། 	སྔོན་གྱི 	མི་དགེའི 	ཕྲིན་ལས་ཞེས 	བྱ་བ 	འདི	་དག་གིས 	ནི་ལ 	-ས་ལ 	མངའ་དབང 	མཛད་པའོ 	bstod tshogs ka_.txt	།_།  སྔོན་གྱི  མི་དགེའི  ཕྲིན་ལས་ཞེས  བྱ་བ  འདི ་དག་གིས  ནི་ལ  -ས་ལ  མངའ་དབང  མཛད་པའོ 
བྱ་བ  འདི ་དག་གིས་ནི 	།_། 	དེ 	བཞིན་དུ 	མི་དགེའི་ཞེས 	བྱ་བ 	འདི	་དག་གིས་ནི 	དེ 	-འི 	དགོས་པའོ 	།_། 	bstod tshogs ka_.txt	།_།  དེ  བཞིན་དུ  མི་དགེའི་ཞེས  བྱ་བ  འདི ་དག་གིས་ནི  དེ  -འི  དགོས་པའོ  །_། 
བྱ་བ  འདི ་དག་གིས་ནི 	ཐུགས་རྗེ 	དག་དང 	མ 	བྲལ་ཞེས 	བྱ་བ 	འདི	་དག་གིས་ནི 	ཐབས་ལ 	མངའ་དབང 	མཛད་པའོ 	།_། 	bstod tshogs ka_.txt	ཐུགས་རྗེ  དག་དང  མ  བྲལ་ཞེས  བྱ་བ  འདི ་དག་གིས་ནི  ཐབས་ལ  མངའ་དབང  མཛད་པའོ  །_། 
བྱ་བ  འདི ་དག་གིས་ནི 	གང 	སླད 	སྣ་ཚོགས 	ཐབས་ཀྱིས་ཞེས 	བྱ་བ 	འདི	་དག་གིས་ནི 	དེ 	-འི 	དགོས་པའོ 	།_། 	bstod tshogs ka_.txt	གང  སླད  སྣ་ཚོགས  ཐབས་ཀྱིས་ཞེས  བྱ་བ  འདི ་དག་གིས་ནི  དེ  -འི  དགོས་པའོ  །_། 
བྱ་བ  འདི ་དག་གིས་ནི 	བྱང་ཆུབ་གསུམ་ལ 	བློ་གྲོས་ཅི 	རིགས 	ཞུགས་ཞེས 	བྱ་བ 	འདི	་དག་གིས་ནི 	སེམས་ཅན 	ཡོངས་སུ 	སྨིན་པ 	-ར 	bstod tshogs ka_.txt	བྱང་ཆུབ་གསུམ་ལ  བློ་གྲོས་ཅི  རིགས  ཞུགས་ཞེས  བྱ་བ  འདི ་དག་གིས་ནི  སེམས་ཅན  ཡོངས་སུ  སྨིན་པ  -ར 
བྱ་བ  འདི ་དག་གིས་ནི 	ངེས 	པར 	ཐར 	འཚལ་བ་ཞེས 	བྱ་བ 	འདི	་དག་གིས་ནི 	དེ 	-འི 	དགོས་པའོ 	།_། 	bstod tshogs ka_.txt	ངེས  པར  ཐར  འཚལ་བ་ཞེས  བྱ་བ  འདི ་དག་གིས་ནི  དེ  -འི  དགོས་པའོ  །_། 
བྱ་བ  འདི ་དག་གིས་ནི 	འགྲོ་བ 	-འི 	སྐྱེ་བ 	བཅད་དང་ཞེས 	བྱ་བ 	འདི	་དག་གིས་ནི 	རྒྱུ 	ཡོངས་སུ 	རྫོགས་པའོ 	།_། 	bstod tshogs ka_.txt	འགྲོ་བ  -འི  སྐྱེ་བ  བཅད་དང་ཞེས  བྱ་བ  འདི ་དག་གིས་ནི  རྒྱུ  ཡོངས་སུ  རྫོགས་པའོ  །_། 
བྱ་བ  འདི ་དག་གིས་ནི་ལམ་གྱི 	ལྡོངས 	གྱུར་ལ 	།_ 	ཞེས 	བྱ་བ 	འདི	་དག་གིས་ནི་ལམ་གྱི 	ཡེ་ཤེས 	བསྐྱེད་པ 	བསྟན་ཏོ 	།_། 	bstod tshogs ka_.txt	ལྡོངས  གྱུར་ལ  །_  ཞེས  བྱ་བ  འདི ་དག་གིས་ནི་ལམ་གྱི  ཡེ་ཤེས  བསྐྱེད་པ  བསྟན་ཏོ  །_། 
བྱ་བ  འདི ་དག་གིས་ནི 	ཉི 	མ 	དུ་མ 	-ས་ཞེས 	བྱ་བ 	འདི	་དག་གིས་ནི 	ཉོན་མོངས་པ 	སྤངས་པའོ 	།_། 	ལྷན་ཅིག 	bstod tshogs ka_.txt	ཉི  མ  དུ་མ  -ས་ཞེས  བྱ་བ  འདི ་དག་གིས་ནི  ཉོན་མོངས་པ  སྤངས་པའོ  །_།  ལྷན་ཅིག 
 འདི ་དག་གིས་ནི 	གནས་པ 	-ར 	འགལ་བ་ཞེས 	བྱ་བ 		འདི	་དག་གིས་ནི 	ཡོན་ཏན 	བརྙེས་པ 	བསྟན་ཏོ 	།_། 	bstod tshogs ka_.txt	གནས་པ  -ར  འགལ་བ་ཞེས  བྱ་བ   འདི ་དག་གིས་ནི  ཡོན་ཏན  བརྙེས་པ  བསྟན་ཏོ  །_། 
 འདི  དག 						འདི 	དག 	རྣམས་ཀྱིས་ནི 	སྐྱོབ་པ 	-འི 	འབྲས་བུ 	bstod tshogs ka_.txt	     འདི  དག  རྣམས་ཀྱིས་ནི  སྐྱོབ་པ  -འི  འབྲས་བུ 
བྱ་བ  འདི ་དག་གིས་ནི 	།།_།། 	དེ་ལ 	ནམ་མཁའ 	-འི་དཀྱིལ་ན་ཞེས 	བྱ་བ 	འདི	་དག་གིས་ནི 	ཆོས་ཀྱི 	འཁོར་ལོ 	བསྐོར་བ 	ཡང་དག 	bstod tshogs ka_.txt	།།_།།  དེ་ལ  ནམ་མཁའ  -འི་དཀྱིལ་ན་ཞེས  བྱ་བ  འདི ་དག་གིས་ནི  ཆོས་ཀྱི  འཁོར་ལོ  བསྐོར་བ  ཡང་དག 
ཁྱབ་པ  འདི ་ཡིན་ཞེས 	བསྟན་ཏོ 	།_། 	སྡུག 	བསྔལ 	ཁྱབ་པ 	འདི	་ཡིན་ཞེས 	བྱ་བ 	འདི་དག་གིས་ནི 	ཆོས་སྟོན་པ 	-འི 	bstod tshogs ka_.txt	བསྟན་ཏོ  །_།  སྡུག  བསྔལ  ཁྱབ་པ  འདི ་ཡིན་ཞེས  བྱ་བ  འདི་དག་གིས་ནི  ཆོས་སྟོན་པ  -འི 
བྱ་བ  འདི ་དག་གིས་ནི 	སྲིད 	ཉི་མ 	-འི 	སྣང་བ་ཞེས 	བྱ་བ 	འདི	་དག་གིས་ནི 	ཡུན་དུ 	གནས་པ 	ཡང་དག 	པར 	bstod tshogs ka_.txt	སྲིད  ཉི་མ  -འི  སྣང་བ་ཞེས  བྱ་བ  འདི ་དག་གིས་ནི  ཡུན་དུ  གནས་པ  ཡང་དག  པར 
།_།  འདི ར་ནི 	དེ་ཉིད 	ས 	-ར 	གནས་པས 	།_། 	འདི	ར་ནི 	སྦྱོར་བ་རྣམ་གཉིས་བྱས 	།_། 	སྔ 	མ 	bstod tshogs ka_.txt	དེ་ཉིད  ས  -ར  གནས་པས  །_།  འདི ར་ནི  སྦྱོར་བ་རྣམ་གཉིས་བྱས  །_།  སྔ  མ 
གཟུགས་མཆོག  འདི  མ 	ཀྱི་ཧུད 	འོད 	འདྲ 	-འི 	གཟུགས་མཆོག 	འདི 	མ 	མཐོང་བ 	-ས 	སྡུག་བསྔལ་ལོ 	།_། 	bstod tshogs ka_.txt	ཀྱི་ཧུད  འོད  འདྲ  -འི  གཟུགས་མཆོག  འདི  མ  མཐོང་བ  -ས  སྡུག་བསྔལ་ལོ  །_། 
།_  འདི  ལྟར 	-འི 	བསྟོད་པ་ནི་གཙོར 	གསོལ་བ 	གདབ་པ་ཡང་ཡིན་ཏེ 	།_ 	འདི 	ལྟར 	མཇུག་ཏུ 	།_། 	ཀུན་གྱི 	དམ་ཚིག་གསུམ 	bstod tshogs ka_.txt	-འི  བསྟོད་པ་ནི་གཙོར  གསོལ་བ  གདབ་པ་ཡང་ཡིན་ཏེ  །_  འདི  ལྟར  མཇུག་ཏུ  །_།  ཀུན་གྱི  དམ་ཚིག་གསུམ 
བྱ་བ  འདི  གསུངས་སོ 	མཉམ་ཉིད 	ཆོས་མཆོག་ཅན 	།_། 	ཞེས 	བྱ་བ 	འདི 	གསུངས་སོ 	།_། 	བརྩེ 	བ 	-འི 	bstod tshogs ka_.txt	མཉམ་ཉིད  ཆོས་མཆོག་ཅན  །_།  ཞེས  བྱ་བ  འདི  གསུངས་སོ  །_།  བརྩེ  བ  -འི 
ཅེས་བྱ་བ  འདི  གསུངས་སོ 	ཐུགས 	རྗེ 	-འི 	བདག་ཉིད 	ཅེས་བྱ་བ 	འདི 	གསུངས་སོ 	།_། 	ཐུགས 	རྗེ 	-འི 	bstod tshogs ka_.txt	ཐུགས  རྗེ  -འི  བདག་ཉིད  ཅེས་བྱ་བ  འདི  གསུངས་སོ  །_།  ཐུགས  རྗེ  -འི 
བྱ་བ  འདི  གསུངས་སོ 	མཐའ་མེད 	དངོས་གྲུབ་སྩོལ 	།_། 	ཞེས 	བྱ་བ 	འདི 	གསུངས་སོ 	།_། 	བརྩེ 	བ 	-འི 	bstod tshogs ka_.txt	མཐའ་མེད  དངོས་གྲུབ་སྩོལ  །_།  ཞེས  བྱ་བ  འདི  གསུངས་སོ  །_།  བརྩེ  བ  -འི 
བྱ་བ  འདི  གསུངས་ཏེ 	མཉམ་མེད 	མཆོག་རབ་ཆོས 	།_། 	ཞེས 	བྱ་བ 	འདི 	གསུངས་ཏེ 	།_ 	འདི་ནི 	བསྡུས་པ 	-འི 	bstod tshogs ka_.txt	མཉམ་མེད  མཆོག་རབ་ཆོས  །_།  ཞེས  བྱ་བ  འདི  གསུངས་ཏེ  །_  འདི་ནི  བསྡུས་པ  -འི 
།_  འདི ས་ནི 	ཡོད་པ 	དེ་དག་ལ 	དེ་སྐད་ཅེས 	བྱ་སྟེ 	།_ 	འདི	ས་ནི 	དེ་བཞིན 	གཤེགས་པ 	རྣམས་ཀྱི 	དེ་བཞིན 	bstod tshogs ka_.txt	ཡོད་པ  དེ་དག་ལ  དེ་སྐད་ཅེས  བྱ་སྟེ  །_  འདི ས་ནི  དེ་བཞིན  གཤེགས་པ  རྣམས་ཀྱི  དེ་བཞིན 
།_  འདི ་དང 	སུ་དང་ཡང 	མཉམ་ཞིང 	མཚུངས་པ 	མེད་པའམ 	།_ 	འདི	་དང 	མཉམ་ཞིང 	འདྲ་བ 	འགའ་ཡང 	མེད་པ 	bstod tshogs ka_.txt	སུ་དང་ཡང  མཉམ་ཞིང  མཚུངས་པ  མེད་པའམ  །_  འདི ་དང  མཉམ་ཞིང  འདྲ་བ  འགའ་ཡང  མེད་པ 
 འདི ས་ནི 	-ས 	ན་མཉམ 	མེད་དོ 	།_། 		འདི	ས་ནི 	དེ་བཞིན 	ཉིད 	ཕྱིན་ཅི 	མ 	bstod tshogs ka_.txt	-ས  ན་མཉམ  མེད་དོ  །_།   འདི ས་ནི  དེ་བཞིན  ཉིད  ཕྱིན་ཅི  མ 
།_།  འདི ས་ནི 	འདའ་བ་ཞེས 	བྱ་བ 	-འི 	དོན་ཏོ 	།_། 	འདི	ས་ནི 	མི་འགྱུར་བ 	-ས 	ཡོངས་སུ 	གྲུབ་པ 	bstod tshogs ka_.txt	འདའ་བ་ཞེས  བྱ་བ  -འི  དོན་ཏོ  །_།  འདི ས་ནི  མི་འགྱུར་བ  -ས  ཡོངས་སུ  གྲུབ་པ 
རང་བཞིན  འདི  -ས 	ལས་མི་འདའོ 	།_། 	དེའི 	ཕྱིར 	རང་བཞིན 	འདི 	-ས 	ཆོས 	ཐམས་ཅད 	སྟོང་ཉིད་དུ 	རོ་གཅིག་ཅིང 	bstod tshogs ka_.txt	ལས་མི་འདའོ  །_།  དེའི  ཕྱིར  རང་བཞིན  འདི  -ས  ཆོས  ཐམས་ཅད  སྟོང་ཉིད་དུ  རོ་གཅིག་ཅིང 
 འདི ་ནི 	མཉམ་མོ 	།_། 				འདི	་ནི 	མཆོག་ཀྱང་ཡིན་ལ 	ཆོས་ཀྱང 	ཡིན་པ 	-ས 	bstod tshogs ka_.txt	མཉམ་མོ  །_།     འདི ་ནི  མཆོག་ཀྱང་ཡིན་ལ  ཆོས་ཀྱང  ཡིན་པ  -ས 
།_།  འདི ་ནི 	དངོས་གྲུབ་སྩོལ 	།_། 	ཞེས 	འདོན་ཏོ 	།_། 	འདི	་ནི 	གཞན 	བསྒྲིམ 	མི 	དགོས་པ 	bstod tshogs ka_.txt	དངོས་གྲུབ་སྩོལ  །_།  ཞེས  འདོན་ཏོ  །_།  འདི ་ནི  གཞན  བསྒྲིམ  མི  དགོས་པ 
།_  འདི ར 	གྱུར་པ 	-འི 	ཕྱིར་རོ་ཞེས 	ཟེར་ཏེ 	།_ 	འདི	ར 	ཚིག་གི 	མདོ་ནི 	དེ་ལྟ 	བུ 	bstod tshogs ka_.txt	གྱུར་པ  -འི  ཕྱིར་རོ་ཞེས  ཟེར་ཏེ  །_  འདི ར  ཚིག་གི  མདོ་ནི  དེ་ལྟ  བུ 
ཐ་མ  འདི ་གཉིས 	།_ 	ཚིགས་སུ 	བཅད་པ 	དང་པོ་དང 	ཐ་མ 	འདི	་གཉིས 	ཁོ་ན 	-ར 	མངོན་པ 	-ར 	bstod tshogs ka_.txt	།_  ཚིགས་སུ  བཅད་པ  དང་པོ་དང  ཐ་མ  འདི ་གཉིས  ཁོ་ན  -ར  མངོན་པ  -ར 
།_།  འདི ་ལས 	ཐམས་ཅད 	རྫོགས་པ 	ཉིད་དུ 	བསྟན་ཏོ 	།_། 	འདི	་ལས 	གཞན 	ཚིགས་སུ 	བཅད་པ་གསུམ་ནི 	ཀླན་ཀ 	bstod tshogs ka_.txt	ཐམས་ཅད  རྫོགས་པ  ཉིད་དུ  བསྟན་ཏོ  །_།  འདི ་ལས  གཞན  ཚིགས་སུ  བཅད་པ་གསུམ་ནི  ཀླན་ཀ 
ངན་པ་ནི  འདི ་ཡིན་ཏེ 	ཆེད་ཡིན་ནོ 	།_། 	དེ་ལ 	ཀླན་ཀ 	ངན་པ་ནི 	འདི	་ཡིན་ཏེ 	།_ 	ཇི 	ལྟར 	ན་མཉམ་པ 	bstod tshogs ka_.txt	ཆེད་ཡིན་ནོ  །_།  དེ་ལ  ཀླན་ཀ  ངན་པ་ནི  འདི ་ཡིན་ཏེ  །_  ཇི  ལྟར  ན་མཉམ་པ 
།_  འདི  ལྟར 	ཆོས 	རྣམས 	མཉམ་པ 	མེད་པ་ཡིན 	།_ 	འདི 	ལྟར 	འདི་དག་དང 	མཉམ་པ 	ནམ་མཁའ 	རང་བཞིན་གྱིས 	bstod tshogs ka_.txt	ཆོས  རྣམས  མཉམ་པ  མེད་པ་ཡིན  །_  འདི  ལྟར  འདི་དག་དང  མཉམ་པ  ནམ་མཁའ  རང་བཞིན་གྱིས 
དེ་ཉིད་ཀྱིས  འདི ་དག་གི 	ཚད 	མེད་པ 	ཡོད་པ 	-ས 	དེ་ཉིད་ཀྱིས 	འདི	་དག་གི 	དཔེ 	-ར 	བྱས་ཏེ 	།_ 	bstod tshogs ka_.txt	ཚད  མེད་པ  ཡོད་པ  -ས  དེ་ཉིད་ཀྱིས  འདི ་དག་གི  དཔེ  -ར  བྱས་ཏེ  །_ 
།_།  འདི ་ཡང 	ཡེ 	ཤེས 	རྣམ་གྲོལ 	ཡེ་ཤེས་གཟིགས 	།_། 	འདི	་ཡང 	དེ་ཙམ 	ཁོ་ན 	-ར་བཤད 	།_། 	bstod tshogs ka_.txt	ཡེ  ཤེས  རྣམ་གྲོལ  ཡེ་ཤེས་གཟིགས  །_།  འདི ་ཡང  དེ་ཙམ  ཁོ་ན  -ར་བཤད  །_། 
སོགས་པ  འདི  གསུངས་སོ 	མེད་དེ 	།_། 	ཞེས 	བྱ་བ་ལ 	སོགས་པ 	འདི 	གསུངས་སོ 	།_། 	ནམ 	མཁའ་ནི 	ནམ་མཁའ་སྟེ་དེ 	bstod tshogs ka_.txt	མེད་དེ  །_།  ཞེས  བྱ་བ་ལ  སོགས་པ  འདི  གསུངས་སོ  །_།  ནམ  མཁའ་ནི  ནམ་མཁའ་སྟེ་དེ 
།_  འདི ་ནི 	མཚུངས་པ 	མ་ཡིན་ཞིང 	འདྲ་བ 	མ་ཡིན་ཏེ 	།_ 	འདི	་ནི 	མཉམ་པ 	-འི 	དཔེ 	ཉིད 	bstod tshogs ka_.txt	མཚུངས་པ  མ་ཡིན་ཞིང  འདྲ་བ  མ་ཡིན་ཏེ  །_  འདི ་ནི  མཉམ་པ  -འི  དཔེ  ཉིད 
།_  འདི  ལྟར 	ནམ་མཁའ 	མཚུངས་པ 	མ་ཡིན 	ཞེ་ན 	།_ 	འདི 	ལྟར 	སངས་རྒྱས 	བཅོམ་ལྡན 	འདས 	རྣམས་ནི 	bstod tshogs ka_.txt	ནམ་མཁའ  མཚུངས་པ  མ་ཡིན  ཞེ་ན  །_  འདི  ལྟར  སངས་རྒྱས  བཅོམ་ལྡན  འདས  རྣམས་ནི 
།_  འདི  ལྟར 	དེ་དག 	དེ་ལྟ 	བུ་ཡིན 	ཞེ་ན 	།_ 	འདི 	ལྟར 	དེ་དག་ནི 	དངོས་གྲུབ 	མཉམ་དང 	མཐའ་མེད་པ 	bstod tshogs ka_.txt	དེ་དག  དེ་ལྟ  བུ་ཡིན  ཞེ་ན  །_  འདི  ལྟར  དེ་དག་ནི  དངོས་གྲུབ  མཉམ་དང  མཐའ་མེད་པ 
།_།  འདི ་ནི 	།_། 	ཞེས 	བཤད་པ 	ལྟ་བུའོ 	།_། 	འདི	་ནི 	བཅོམ་ལྡན 	འདས 	རྣམས 	ཡོན་ཏན 	bstod tshogs ka_.txt	།_།  ཞེས  བཤད་པ  ལྟ་བུའོ  །_།  འདི ་ནི  བཅོམ་ལྡན  འདས  རྣམས  ཡོན་ཏན 
འདྲ་བ  འདི  མན་ཆད 	-འང་མེད 	།_། 	ཅེས 	ནམ་མཁའ་དང 	འདྲ་བ 	འདི 	མན་ཆད 	དེ་སྐད་དུ 	གསུངས་པ 	-ར 	ཟད་དོ 	bstod tshogs ka_.txt	-འང་མེད  །_།  ཅེས  ནམ་མཁའ་དང  འདྲ་བ  འདི  མན་ཆད  དེ་སྐད་དུ  གསུངས་པ  -ར  ཟད་དོ 
ཕྱིར  འདི ་ནི 	སྐབས་མེད་དོ 	།_། 	དེ 	ཉིད་ཀྱི 	ཕྱིར 	འདི	་ནི 	བདེ་བ 	འགོག་པ 	-ས་ན 	སྙིང་རྗེ་ཞེས་བྱའོ 	bstod tshogs ka_.txt	སྐབས་མེད་དོ  །_།  དེ  ཉིད་ཀྱི  ཕྱིར  འདི ་ནི  བདེ་བ  འགོག་པ  -ས་ན  སྙིང་རྗེ་ཞེས་བྱའོ 
 འདི ར 						འདི	ར 	།_ 	རྟག་ཏུ 	དྲི་མེད 	ཐུགས་རྗེ 	bstod tshogs ka_.txt	     འདི ར  །_  རྟག་ཏུ  དྲི་མེད  ཐུགས་རྗེ 
ཚིག  འདི  ཐུགས་རྗེ 	རྣམ་སྣང་ཞེས 	འབྱུང་ངོ 	།_། 	དེར་ནི 	ཚིག 	འདི 	ཐུགས་རྗེ 	-འི 	ཤུགས་ལས 	བྱུང་ཞེས 	བྱ་བ 	bstod tshogs ka_.txt	རྣམ་སྣང་ཞེས  འབྱུང་ངོ  །_།  དེར་ནི  ཚིག  འདི  ཐུགས་རྗེ  -འི  ཤུགས་ལས  བྱུང་ཞེས  བྱ་བ 
 འདི ་ཉིད་ནི 						འདི	་ཉིད་ནི 	མཇུག 	སྡུད་པ་ཡིན་ཏེ 	།_ 	གང 	bstod tshogs ka_.txt	     འདི ་ཉིད་ནི  མཇུག  སྡུད་པ་ཡིན་ཏེ  །_  གང 
།_།  འདི ར 	ཆེ་བ 	ཡོད་པ 	དེ་དག་ལ 	དེ་སྐད་ཅེས་བྱའོ 	།_། 	འདི	ར 	བསྡུས་པ 	-འི 	དོན་གྱི་དེ 	ཁོ་ན་ཉིད་ནི 	bstod tshogs ka_.txt	ཆེ་བ  ཡོད་པ  དེ་དག་ལ  དེ་སྐད་ཅེས་བྱའོ  །_།  འདི ར  བསྡུས་པ  -འི  དོན་གྱི་དེ  ཁོ་ན་ཉིད་ནི 
 འདི ་ཡིན་ཏེ 						འདི	་ཡིན་ཏེ 	།_ 	བྱང 	ཆུབ 	སེམས་དཔའ 	bstod tshogs ka_.txt	     འདི ་ཡིན་ཏེ  །_  བྱང  ཆུབ  སེམས་དཔའ 
-འང  འདི  -ར 	མི 	བརྗོད་དུ 	མི 	རུང་བ 	-འང 	འདི 	-ར 	འདི་སྐད་ཅེས 	གང་ཞིག 	རྣམ་པ 	-ར 	bstod tshogs ka_.txt	མི  བརྗོད་དུ  མི  རུང་བ  -འང  འདི  -ར  འདི་སྐད་ཅེས  གང་ཞིག  རྣམ་པ  -ར 
།_།  འདི  ཉིད་ལ 	-ར 	བྱ་བ 	-ར 	ཟད་དོ 	།_། 	འདི 	ཉིད་ལ 	གླན 	ཀ 	ངན་པ 	ཇི་ལྟར་ན 	bstod tshogs ka_.txt	-ར  བྱ་བ  -ར  ཟད་དོ  །_།  འདི  ཉིད་ལ  གླན  ཀ  ངན་པ  ཇི་ལྟར་ན 
 འདི  སྨོན་ལམ 						འདི 	སྨོན་ལམ 	གྲུབ་པ 	མི 	འགག 	ཆོས་ཉིད 	bstod tshogs ka_.txt	     འདི  སྨོན་ལམ  གྲུབ་པ  མི  འགག  ཆོས་ཉིད 
།_  འདི  ལྟར 	-འི 	ཐུགས་རྗེ 	རྟག 	རྣམ་སྣང་བ་ཡིན་ཏེ 	།_ 	འདི 	ལྟར 	སྐྱོབ་པ 	རྣམས 	ཡོངས་སུ 	མྱ་ངན་ལས 	bstod tshogs ka_.txt	-འི  ཐུགས་རྗེ  རྟག  རྣམ་སྣང་བ་ཡིན་ཏེ  །_  འདི  ལྟར  སྐྱོབ་པ  རྣམས  ཡོངས་སུ  མྱ་ངན་ལས 
འདས་ན  འདི  ཐམས་ཅད་ཀྱང 					འདས་ན 	འདི 	ཐམས་ཅད་ཀྱང 	རྗེས་སུ 	འགྲོ་བ 	མེད་པ 	-ར 	bstod tshogs ka_.txt	    འདས་ན  འདི  ཐམས་ཅད་ཀྱང  རྗེས་སུ  འགྲོ་བ  མེད་པ  -ར 
།_  འདི  ལྟར་དེ་ནི 	ཅིའི 	ཕྱིར 	མི 	འགག་ཅེ་ན 	།_ 	འདི 	ལྟར་དེ་ནི 	མི་གཡོ་བ་སྟེ 	།_ 	བཅོམ 	ལྡན 	bstod tshogs ka_.txt	ཅིའི  ཕྱིར  མི  འགག་ཅེ་ན  །_  འདི  ལྟར་དེ་ནི  མི་གཡོ་བ་སྟེ  །_  བཅོམ  ལྡན 
མེད་ཅིང  འདི ་ཙམ་ཞེས 	ཡོན་ཏན་གྱི 	ཚོགས 	ཡོངས་སུ 	དཔག་ཏུ 	མེད་ཅིང 	འདི	་ཙམ་ཞེས 	ཡོངས་སུ 	ཆད་པ 	མེད་པ 	ཡོད་པ 	bstod tshogs ka_.txt	ཡོན་ཏན་གྱི  ཚོགས  ཡོངས་སུ  དཔག་ཏུ  མེད་ཅིང  འདི ་ཙམ་ཞེས  ཡོངས་སུ  ཆད་པ  མེད་པ  ཡོད་པ 
ཕན་ཚུན  འདི ་དག་ནི 	དཔག་ཏུ 	མེད་པ 	དེ་དག 	ཁོ་ན 	ཕན་ཚུན 	འདི	་དག་ནི 	ཡོན་ཏན 	ཕུན 	སུམ 	ཚོགས་པ 	bstod tshogs ka_.txt	དཔག་ཏུ  མེད་པ  དེ་དག  ཁོ་ན  ཕན་ཚུན  འདི ་དག་ནི  ཡོན་ཏན  ཕུན  སུམ  ཚོགས་པ 
 འདི ་ཙམ་དང 						འདི	་ཙམ་དང 	ལྡན་ནོ་ཞེས 	བྱ་བ 	མི 	དཔོགས་པ 	bstod tshogs ka_.txt	     འདི ་ཙམ་དང  ལྡན་ནོ་ཞེས  བྱ་བ  མི  དཔོགས་པ 
།_།  འདི ར་ཡང 	-ར 	སྟོན་པ 	-འི 	གནས་སྐབས་སོ 	།_། 	འདི	ར་ཡང 	རང་གི 	དོན 	ཉིད་ཀྱི 	རྐྱེན་ཡིན་ནོ 	bstod tshogs ka_.txt	-ར  སྟོན་པ  -འི  གནས་སྐབས་སོ  །_།  འདི ར་ཡང  རང་གི  དོན  ཉིད་ཀྱི  རྐྱེན་ཡིན་ནོ 
 འདི ་ལ 	།_། 	དེ 	ཉིད་བདེ 	གནས་ཡིན་ཏེ 		འདི	་ལ 	གཞན་ལ 	ཕན་པ 	མཛད་པ 	-འི 	bstod tshogs ka_.txt	།_།  དེ  ཉིད་བདེ  གནས་ཡིན་ཏེ   འདི ་ལ  གཞན་ལ  ཕན་པ  མཛད་པ  -འི 
 འདི  ལྟར 	སྤྱོད་པ 	ཡོད་པ 	-ས་སོ 	།_། 		འདི 	ལྟར 	མྱ་ངན་ལས 	འདས་པ 	ཉེ་བ 	-ར 	bstod tshogs ka_.txt	སྤྱོད་པ  ཡོད་པ  -ས་སོ  །_།   འདི  ལྟར  མྱ་ངན་ལས  འདས་པ  ཉེ་བ  -ར 
།_།  འདི ་ནི 	སྐྱོ་བ 	བསྐྱེད་པ 	-ས 	བཏུལ་ལོ 	།_། 	འདི	་ནི 	འདི་ལྟར 	མྱ་ངན་ལས 	འདས་པ 	རྣམས་ཀྱང 	bstod tshogs ka_.txt	སྐྱོ་བ  བསྐྱེད་པ  -ས  བཏུལ་ལོ  །_།  འདི ་ནི  འདི་ལྟར  མྱ་ངན་ལས  འདས་པ  རྣམས་ཀྱང 
།_།  འདི ་ཡང 	སྩོལ་བ 	-ས་ན 	མཆོག 	སྩོལ་ལོ 	།_། 	འདི	་ཡང 	གསོལ་བ 	གདབ་པ 	-འི 	རྒྱུ་ཡིན་ཏེ 	bstod tshogs ka_.txt	སྩོལ་བ  -ས་ན  མཆོག  སྩོལ་ལོ  །_།  འདི ་ཡང  གསོལ་བ  གདབ་པ  -འི  རྒྱུ་ཡིན་ཏེ 
།_  འདི  ལྟར 	ཅི 	-འི 	ཕྱིར 	ཞེ་ན 	།_ 	འདི 	ལྟར 	དེ་དག་ནི 	སྒྲིབ་པ 	མི 	མངའ་བའོ 	bstod tshogs ka_.txt	ཅི  -འི  ཕྱིར  ཞེ་ན  །_  འདི  ལྟར  དེ་དག་ནི  སྒྲིབ་པ  མི  མངའ་བའོ 
།_  འདི ་ནི 	དེ་དག་ནི 	སྒྲིབ་པ 	མི 	མངའ་བ་སྟེ 	།_ 	འདི	་ནི 	བདེ་བ 	-ར 	གཤེགས་པ 	-འི 	bstod tshogs ka_.txt	དེ་དག་ནི  སྒྲིབ་པ  མི  མངའ་བ་སྟེ  །_  འདི ་ནི  བདེ་བ  -ར  གཤེགས་པ  -འི 
བྱ་བ  འདི ་དག་ཡིན་ཏེ 	ཤེས་པ 	བཙལ་བ་སྤྱད 	།_། 	ཅེས 	བྱ་བ 	འདི	་དག་ཡིན་ཏེ 	།_ 	རྒྱུད 	འདི་ཉིད་ལས 	བྱར་རུང་བ 	bstod tshogs ka_.txt	ཤེས་པ  བཙལ་བ་སྤྱད  །_།  ཅེས  བྱ་བ  འདི ་དག་ཡིན་ཏེ  །_  རྒྱུད  འདི་ཉིད་ལས  བྱར་རུང་བ 
དེ་ལ  འདི ་ནི 	ཆགས་པ 	མེད 	གྱུར་པ 	།_། 	དེ་ལ 	འདི	་ནི 	ངེས 	འགྲུབ་སྟེ 	།_། 	ཐེ 	bstod tshogs ka_.txt	ཆགས་པ  མེད  གྱུར་པ  །_།  དེ་ལ  འདི ་ནི  ངེས  འགྲུབ་སྟེ  །_།  ཐེ 
བསྟོད་པ  འདི  ལྟ་བུ་ཡིས 	-འི 	མཆོག་ལ 	བརྟེན་ནས་ནི 	།_། 	བསྟོད་པ 	འདི 	ལྟ་བུ་ཡིས 	སྣོད་དུ 	རབ 	གྱུར་ཅིག 	_། 	bstod tshogs ka_.txt	-འི  མཆོག་ལ  བརྟེན་ནས་ནི  །_།  བསྟོད་པ  འདི  ལྟ་བུ་ཡིས  སྣོད་དུ  རབ  གྱུར་ཅིག  _། 