 ཞེས  མི་བརྟག 						ཞེས 	མི་བརྟག 	_། 	ཇི 	ལྟར 	སྦུན་པ་ལས 	bstod tshogs ka_.txt	     ཞེས  མི་བརྟག  _།  ཇི  ལྟར  སྦུན་པ་ལས 
 ཞེས  །_། 						ཞེས 	།_། 	འཇིག 	རྟེན་ན་ནི 	དཔེ 	-ར 	bstod tshogs ka_.txt	     ཞེས  །_།  འཇིག  རྟེན་ན་ནི  དཔེ  -ར 
 ཞེས  རབ་བསྟན 						ཞེས 	རབ་བསྟན 	།_། 	མི 	རྟག 	སྡུག་བསྔལ 	bstod tshogs ka_.txt	     ཞེས  རབ་བསྟན  །_།  མི  རྟག  སྡུག་བསྔལ 
 ཞེས  །_། 						ཞེས 	།_། 	བྱ་བ་གསུམ་པོ 	-ས 	སེམས 	སྦྱོང་བྱེད 	bstod tshogs ka_.txt	     ཞེས  །_།  བྱ་བ་གསུམ་པོ  -ས  སེམས  སྦྱོང་བྱེད 
 ཞེས ་ནི 						ཞེས	་ནི 	རྗོད་པ 	-ར་བྱེད 	།_། 	དེ 	bstod tshogs ka_.txt	     ཞེས ་ནི  རྗོད་པ  -ར་བྱེད  །_།  དེ 
 ཞེས ་ནི 						ཞེས	་ནི 	བརྗོད་པ་ཡིན 	།_། 	ཉོན་མོངས་དྲྭ 	བས 	bstod tshogs ka_.txt	     ཞེས ་ནི  བརྗོད་པ་ཡིན  །_།  ཉོན་མོངས་དྲྭ  བས 
 ཞེས ་ནི 						ཞེས	་ནི 	བརྗོད་པ 	-ར་བྱ 	།_། 	དེ 	bstod tshogs ka_.txt	     ཞེས ་ནི  བརྗོད་པ  -ར་བྱ  །_།  དེ 
 ཞེས ་ནི 						ཞེས	་ནི 	བརྗོད་པ 	-ར་བྱ 	།_། 	མིག་དང 	bstod tshogs ka_.txt	     ཞེས ་ནི  བརྗོད་པ  -ར་བྱ  །_།  མིག་དང 
 ཞེས  བརྗོད་པ 						ཞེས 	བརྗོད་པ 	-ར་བྱ 	།_། 	ཡིད་གཙོར 	གྱུར་པ 	bstod tshogs ka_.txt	     ཞེས  བརྗོད་པ  -ར་བྱ  །_།  ཡིད་གཙོར  གྱུར་པ 
 ཞེས  །_། 						ཞེས 	།_། 	མདོ 	སྡེ 	-འི 	ཚོགས་ལས 	bstod tshogs ka_.txt	     ཞེས  །_།  མདོ  སྡེ  -འི  ཚོགས་ལས 
 ཞེས  འཛིན་པས 						ཞེས 	འཛིན་པས 	།_། 	ཇི 	སྲིད 	ཕྱི་རོལ་རྣམ 	bstod tshogs ka_.txt	     ཞེས  འཛིན་པས  །_།  ཇི  སྲིད  ཕྱི་རོལ་རྣམ 
 ཞེས  །_། 						ཞེས 	།_། 	སྨྲ་བ 	ངན་པ 	-ར 	སྨྲ་བ་སྟེ 	bstod tshogs ka_.txt	     ཞེས  །_།  སྨྲ་བ  ངན་པ  -ར  སྨྲ་བ་སྟེ 
 ཞེས ་ནི 						ཞེས	་ནི 	མངོན་པ 	-ར་བརྗོད 	།_། 	འདོད 	bstod tshogs ka_.txt	     ཞེས ་ནི  མངོན་པ  -ར་བརྗོད  །_།  འདོད 
 ཞེས ་བྱ 						ཞེས	་བྱ 	།_། 	སངས 	རྒྱས་ཀྱིས 	ངེས 	bstod tshogs ka_.txt	     ཞེས ་བྱ  །_།  སངས  རྒྱས་ཀྱིས  ངེས 
 ཞེས  བརྗོད་པ་ཡིན 						ཞེས 	བརྗོད་པ་ཡིན 	།_། 	བག 	ཆགས་ལས 	གྲོལ 	bstod tshogs ka_.txt	     ཞེས  བརྗོད་པ་ཡིན  །_།  བག  ཆགས་ལས  གྲོལ 
 ཞེས ་ནི 						ཞེས	་ནི 	རྗོད་པ 	-ར་བྱེད 	།_། 	ཆོས 	bstod tshogs ka_.txt	     ཞེས ་ནི  རྗོད་པ  -ར་བྱེད  །_།  ཆོས 
 ཞེས  །_། 						ཞེས 	།_། 	བདེན་པ 	གསུང་བ 	ཁྱོད་ཀྱིས་བསྟན 	།_། 	bstod tshogs ka_.txt	     ཞེས  །_།  བདེན་པ  གསུང་བ  ཁྱོད་ཀྱིས་བསྟན  །_། 
 ཞེས  །_། 						ཞེས 	།_། 	ཚིག་གི 	བདག་པོ 	ཁྱོད་ཀྱིས་གསུང 	།_། 	bstod tshogs ka_.txt	     ཞེས  །_།  ཚིག་གི  བདག་པོ  ཁྱོད་ཀྱིས་གསུང  །_། 
 ཞེས  །_། 						ཞེས 	།_། 	མཉམ 	མེད 	ཁྱོད་ཀྱི 	སེང་གེ 	bstod tshogs ka_.txt	     ཞེས  །_།  མཉམ  མེད  ཁྱོད་ཀྱི  སེང་གེ 
 ཞེས  བྱ་བ 						ཞེས 	བྱ་བ 	།_། 	འཕགས་པ 	འཇམ་དཔལ་གཞོན 	ནུར 	bstod tshogs ka_.txt	     ཞེས  བྱ་བ  །_།  འཕགས་པ  འཇམ་དཔལ་གཞོན  ནུར 
 ཞེས  བྱ་བ 						ཞེས 	བྱ་བ 	སློབ་དཔོན 	འཕགས་པ 	ཀླུ་སྒྲུབ་ཀྱིས 	མཛད་པ 	bstod tshogs ka_.txt	     ཞེས  བྱ་བ  སློབ་དཔོན  འཕགས་པ  ཀླུ་སྒྲུབ་ཀྱིས  མཛད་པ 
 ཞེས  བྱ་བ 						ཞེས 	བྱ་བ 	-འི 	རྣམ་པ 	-ར 	འགྲེལ་པ 	bstod tshogs ka_.txt	     ཞེས  བྱ་བ  -འི  རྣམ་པ  -ར  འགྲེལ་པ 
 ཞེས  བྱ་བ 						ཞེས 	བྱ་བ 	-འི 	རྣམ་པ 	-ར 	འགྲེལ་པ 	bstod tshogs ka_.txt	     ཞེས  བྱ་བ  -འི  རྣམ་པ  -ར  འགྲེལ་པ 
 ཞེས  བྱ་བ་ལ 						ཞེས 	བྱ་བ་ལ 	སོགས་པ 	-འི 	ཚིགས་སུ 	བཅད་པ་གསུམ་གྱིས 	bstod tshogs ka_.txt	     ཞེས  བྱ་བ་ལ  སོགས་པ  -འི  ཚིགས་སུ  བཅད་པ་གསུམ་གྱིས 
 ཞེས  འདི་ལ 						ཞེས 	འདི་ལ 	ཡང་དག 	པར 	རྨོངས་པ 	དག 	bstod tshogs ka_.txt	     ཞེས  འདི་ལ  ཡང་དག  པར  རྨོངས་པ  དག 
 ཞེས  བྱ་བ་ལ 						ཞེས 	བྱ་བ་ལ 	སོགས་པ་ལ 	།_ 	གཅིག་དང 	དུ་མ་ནི 	bstod tshogs ka_.txt	     ཞེས  བྱ་བ་ལ  སོགས་པ་ལ  །_  གཅིག་དང  དུ་མ་ནི 
 ཞེས  བྱ་བ 						ཞེས 	བྱ་བ 	-འི 	ཐ་ཚིག་གོ 	།_། 	ཅིའི 	bstod tshogs ka_.txt	     ཞེས  བྱ་བ  -འི  ཐ་ཚིག་གོ  །_།  ཅིའི 
 ཞེས  འབྱུང་བ 						ཞེས 	འབྱུང་བ 	-ས་ན་གང 	ཐོག་མ 	ཉིད་ནས 	མ 	bstod tshogs ka_.txt	     ཞེས  འབྱུང་བ  -ས་ན་གང  ཐོག་མ  ཉིད་ནས  མ 
 ཞེས  བྱ་བ 						ཞེས 	བྱ་བ 	སྨོས་ཏེ 	།_ 	བདག་དང 	གཞན་ནི 	bstod tshogs ka_.txt	     ཞེས  བྱ་བ  སྨོས་ཏེ  །_  བདག་དང  གཞན་ནི 
 ཞེས  བྱ་བ 						ཞེས 	བྱ་བ 	-འི 	དོན་ཏོ 	།_། 	གང་གི 	bstod tshogs ka_.txt	     ཞེས  བྱ་བ  -འི  དོན་ཏོ  །_།  གང་གི 
།_།  ཞེས  གསུངས་པ་གང 	དག 	མཐོང་ན 	རྣམ་པ 	-ར་གྲོལ 	།_། 	ཞེས 	གསུངས་པ་གང 	འདི་ལྟར 	རྐྱེན་དང 	ལྡན་པ་ནི 	ཀུན་ནས 	bstod tshogs ka_.txt	དག  མཐོང་ན  རྣམ་པ  -ར་གྲོལ  །_།  ཞེས  གསུངས་པ་གང  འདི་ལྟར  རྐྱེན་དང  ལྡན་པ་ནི  ཀུན་ནས 
།_།  ཞེས  བྱ་བ 	མིན 	དངོས་པོ 	མེད 	མ་ཡིན 	།_། 	ཞེས 	བྱ་བ 	སྨོས་ཏེ 	།_ 	དངོས་པོ་ནི 	གཟུགས་སུ 	bstod tshogs ka_.txt	མིན  དངོས་པོ  མེད  མ་ཡིན  །_།  ཞེས  བྱ་བ  སྨོས་ཏེ  །_  དངོས་པོ་ནི  གཟུགས་སུ 
།_།  ཞེས  བྱ་བ་སྟེ 	མིན 	དངོས་པོ 	ཡོད་པ 	མ་ཡིན 	།_། 	ཞེས 	བྱ་བ་སྟེ 	ཡོད་པ་དང 	མེད་པ་དང 	དབུས་ལས 	འདས་པ 	bstod tshogs ka_.txt	མིན  དངོས་པོ  ཡོད་པ  མ་ཡིན  །_།  ཞེས  བྱ་བ་སྟེ  ཡོད་པ་དང  མེད་པ་དང  དབུས་ལས  འདས་པ 
 ཞེས  བྱ་བ་ནི 						ཞེས 	བྱ་བ་ནི 	ནམ་མཁའ་དང 	འདྲ་བ 	-ར 	རོ་གཅིག་ཅིང 	bstod tshogs ka_.txt	     ཞེས  བྱ་བ་ནི  ནམ་མཁའ་དང  འདྲ་བ  -ར  རོ་གཅིག་ཅིང 
།_།  ཞེས  བཤད་པ 	མེད 	ཁྱོད་ལ 	ཕྱག 	འཚལ་ལོ 	།_། 	ཞེས 	བཤད་པ 	-ས་སོ 	།_། 	དེ 	ལྟ་བུ 	bstod tshogs ka_.txt	མེད  ཁྱོད་ལ  ཕྱག  འཚལ་ལོ  །_།  ཞེས  བཤད་པ  -ས་སོ  །_།  དེ  ལྟ་བུ 
 ཞེས  བྱ་བ 						ཞེས 	བྱ་བ 	-འི 	དོན་ཏོ 	།_། 	རང་གི 	bstod tshogs ka_.txt	     ཞེས  བྱ་བ  -འི  དོན་ཏོ  །_།  རང་གི 
 ཞེས  བྱ་བ་ནི 						ཞེས 	བྱ་བ་ནི 	སྦྱིན་པ་ལ 	སོགས 	པ་ཕ 	རོལ་ཏུ 	bstod tshogs ka_.txt	     ཞེས  བྱ་བ་ནི  སྦྱིན་པ་ལ  སོགས  པ་ཕ  རོལ་ཏུ 
 ཞེས ་བྱའོ 						ཞེས	་བྱའོ 	།_། 	སེམས 	ཅན 	མོས་པ 	bstod tshogs ka_.txt	     ཞེས ་བྱའོ  །_།  སེམས  ཅན  མོས་པ 
།_།  ཞེས  བྱ་བ་ནི 	ཀུན་དུ 	འཕྲོ་བ 	-ར 	མཛད་པ་པོ 	།_། 	ཞེས 	བྱ་བ་ནི 	ཤིན་ཏུ 	རྒྱ་ཆེ་བ 	-འི 	དམ་པ 	bstod tshogs ka_.txt	ཀུན་དུ  འཕྲོ་བ  -ར  མཛད་པ་པོ  །_།  ཞེས  བྱ་བ་ནི  ཤིན་ཏུ  རྒྱ་ཆེ་བ  -འི  དམ་པ 
 ཞེས  བྱ་བ་ནི 						ཞེས 	བྱ་བ་ནི 	ཆོས་ཀྱི་དེ 	ཁོ་ན་ཉིད་ཇི 	ལྟ་བ 	བཞིན་དུ 	bstod tshogs ka_.txt	     ཞེས  བྱ་བ་ནི  ཆོས་ཀྱི་དེ  ཁོ་ན་ཉིད་ཇི  ལྟ་བ  བཞིན་དུ 
 ཞེས  བྱ་བ་ནི 						ཞེས 	བྱ་བ་ནི 	རྫོགས་པ 	-ར 	ལོངས་སྤྱོད་པ 	-འི 	bstod tshogs ka_.txt	     ཞེས  བྱ་བ་ནི  རྫོགས་པ  -ར  ལོངས་སྤྱོད་པ  -འི 
 ཞེས  བྱ་བ 						ཞེས 	བྱ་བ 	སྨོས་ཏེ 	།_ 	ཆོས་ཀྱི 	སྲིད་ཀྱང་ཡིན 	bstod tshogs ka_.txt	     ཞེས  བྱ་བ  སྨོས་ཏེ  །_  ཆོས་ཀྱི  སྲིད་ཀྱང་ཡིན 
།_།  ཞེས  བྱ་བ་ལ 	མེ 	འབར 	བཞིན་དུ་གང 	སྣང་ཞིང 	།_། 	ཞེས 	བྱ་བ་ལ 	སོགས་པ 	སྨོས་ཏེ 	།_ 	སེམས 	bstod tshogs ka_.txt	མེ  འབར  བཞིན་དུ་གང  སྣང་ཞིང  །_།  ཞེས  བྱ་བ་ལ  སོགས་པ  སྨོས་ཏེ  །_  སེམས 
།_།  ཞེས ་པ་ནི 	རབ་ཏུ 	ཞི་བ 	-ར་གང 	སྣང་ལ 	།_། 	ཞེས	་པ་ནི 	གྱད་ཀྱི 	ཉེ་འཁོར 	ཤིང་སཱ་ལ 	ཟུང་གི 	bstod tshogs ka_.txt	རབ་ཏུ  ཞི་བ  -ར་གང  སྣང་ལ  །_།  ཞེས ་པ་ནི  གྱད་ཀྱི  ཉེ་འཁོར  ཤིང་སཱ་ལ  ཟུང་གི 
 ཞེས  བྱ་བ་སྟེ 						ཞེས 	བྱ་བ་སྟེ 	།_ 	སངས 	རྒྱས་དང 	།_ 	bstod tshogs ka_.txt	     ཞེས  བྱ་བ་སྟེ  །_  སངས  རྒྱས་དང  །_ 
 ཞེས ་པ་སྟེ 						ཞེས	་པ་སྟེ 	།_ 	གདུལ 	བྱ 	སྣ་ཚོགས་པ 	bstod tshogs ka_.txt	     ཞེས ་པ་སྟེ  །_  གདུལ  བྱ  སྣ་ཚོགས་པ 
 ཞེས  བྱ་བ་སྟེ 						ཞེས 	བྱ་བ་སྟེ 	།_ 	འདོད་པ་དང 	གཟུགས་དང 	གཟུགས 	bstod tshogs ka_.txt	     ཞེས  བྱ་བ་སྟེ  །_  འདོད་པ་དང  གཟུགས་དང  གཟུགས 
 ཞེས  བྱ་སྟེ 						ཞེས 	བྱ་སྟེ 	།_ 	ཕྱོགས 	བཅུར 	ཆུབ་པ 	bstod tshogs ka_.txt	     ཞེས  བྱ་སྟེ  །_  ཕྱོགས  བཅུར  ཆུབ་པ 
 ཞེས  སློབ་དཔོན 						ཞེས 	སློབ་དཔོན 	ཀླུ་སྒྲུབ་ཀྱིས 	གསུངས་པ་ཡིན་ནོ 	།_། 	དེ་ནི 	bstod tshogs ka_.txt	     ཞེས  སློབ་དཔོན  ཀླུ་སྒྲུབ་ཀྱིས  གསུངས་པ་ཡིན་ནོ  །_།  དེ་ནི 
 ཞེས  བྱ་བ 						ཞེས 	བྱ་བ 	-འི 	དོན་ཏོ 	།_། 	དེ 	bstod tshogs ka_.txt	     ཞེས  བྱ་བ  -འི  དོན་ཏོ  །_།  དེ 
།_།  ཞེས  བྱ་བ 	དག་ནི 	འདི 	-ར 	སངས་རྒྱས 	།_། 	ཞེས 	བྱ་བ 	གསུངས་པ 	-ས་སོ 	།_། 	དེ 	bstod tshogs ka_.txt	དག་ནི  འདི  -ར  སངས་རྒྱས  །_།  ཞེས  བྱ་བ  གསུངས་པ  -ས་སོ  །_།  དེ 
 ཞེས  བྱ་བ་ལ 						ཞེས 	བྱ་བ་ལ 	སོགས་པ 	སྨོས་ཏེ 	།_ 	སེམས 	bstod tshogs ka_.txt	     ཞེས  བྱ་བ་ལ  སོགས་པ  སྨོས་ཏེ  །_  སེམས 
 ཞེས  བྱ་བ 						ཞེས 	བྱ་བ 	-ར 	སྦྱར་རོ 	།_། 	ཡོན་ཏན་ཇི 	bstod tshogs ka_.txt	     ཞེས  བྱ་བ  -ར  སྦྱར་རོ  །_།  ཡོན་ཏན་ཇི 
།_།  ཞེས  བྱ་བ 	ཡེ་ཤེས 	ཆེན་པོ 	དཔག་མེད་ལས 	བྱུང་བའི 	།_། 	ཞེས 	བྱ་བ 	སྨོས་ཏེ 	།_ 	བསོད 	ནམ 	bstod tshogs ka_.txt	ཡེ་ཤེས  ཆེན་པོ  དཔག་མེད་ལས  བྱུང་བའི  །_།  ཞེས  བྱ་བ  སྨོས་ཏེ  །_  བསོད  ནམ 
 ཞེས  བྱ་བ 						ཞེས 	བྱ་བ 	-འི 	སྐུ་གསུམ་པའོ 	།_། 	དེ 	bstod tshogs ka_.txt	     ཞེས  བྱ་བ  -འི  སྐུ་གསུམ་པའོ  །_།  དེ 
 ཞེས  བྱ་བ་སྟེ 						ཞེས 	བྱ་བ་སྟེ 	།_ 	དམིགས་སུ 	ཡོད་པ 	-འི་ཡིད་ཀྱི 	bstod tshogs ka_.txt	     ཞེས  བྱ་བ་སྟེ  །_  དམིགས་སུ  ཡོད་པ  -འི་ཡིད་ཀྱི 
 ཞེས  བྱ་བ་ནི 						ཞེས 	བྱ་བ་ནི 	བྱང་ཆུབ་པ 	-འི 	ས་བོན་ནི 	བྱང་ཆུབ་ཀྱི 	bstod tshogs ka_.txt	     ཞེས  བྱ་བ་ནི  བྱང་ཆུབ་པ  -འི  ས་བོན་ནི  བྱང་ཆུབ་ཀྱི 
 ཞེས  བྱ་བ 						ཞེས 	བྱ་བ 	-འི 	དོན་ཏོ 	།_། 	དེ 	bstod tshogs ka_.txt	     ཞེས  བྱ་བ  -འི  དོན་ཏོ  །_།  དེ 
 ཞེས  བྱ་བ 						ཞེས 	བྱ་བ 	-འི 	འགྲེལ་པ 	རྫོགས་སོ 	།།_།། 	bstod tshogs ka_.txt	     ཞེས  བྱ་བ  -འི  འགྲེལ་པ  རྫོགས་སོ  །།_།། 
 ཞེས  བྱ་བ 						ཞེས 	བྱ་བ 	-འི 	ལུང་ལས 	བཅོམ་ལྡན 	འདས་ཀྱིས 	bstod tshogs ka_.txt	     ཞེས  བྱ་བ  -འི  ལུང་ལས  བཅོམ་ལྡན  འདས་ཀྱིས 
 ཞེས  བགྱིད་དེ 						ཞེས 	བགྱིད་དེ 	མཆིས་ཏེ 	།_། 	ཆད་པ 	སྟོང་པ 	bstod tshogs ka_.txt	     ཞེས  བགྱིད་དེ  མཆིས་ཏེ  །_།  ཆད་པ  སྟོང་པ 
 ཞེས  བརྗོད་པ་གང 						ཞེས 	བརྗོད་པ་གང 	ལགས་ཏེ 	།_། 	རང་གི 	རང་བཞིན 	bstod tshogs ka_.txt	     ཞེས  བརྗོད་པ་གང  ལགས་ཏེ  །_།  རང་གི  རང་བཞིན 
 ཞེས ་ཀྱང 						ཞེས	་ཀྱང 	ཁྱོད་ཀྱིས་གསུངས 	།_། 	ཡོད 	ཅེས་པ་ནི 	bstod tshogs ka_.txt	     ཞེས ་ཀྱང  ཁྱོད་ཀྱིས་གསུངས  །_།  ཡོད  ཅེས་པ་ནི 
 ཞེས  །_། 						ཞེས 	།_། 	དེ 	སྐད 	ཁྱོད་ཀྱིས 	གསལ་བ 	bstod tshogs ka_.txt	     ཞེས  །_།  དེ  སྐད  ཁྱོད་ཀྱིས  གསལ་བ 
 ཞེས  །_། 						ཞེས 	།_། 	ཁྱོད་ཀྱིས 	གསང་ནི 	བསྟོད་དེ་གསུངས 	།_། 	bstod tshogs ka_.txt	     ཞེས  །_།  ཁྱོད་ཀྱིས  གསང་ནི  བསྟོད་དེ་གསུངས  །_། 
 ཞེས  ཁྱོད་ཀྱིས་གསུངས 						ཞེས 	ཁྱོད་ཀྱིས་གསུངས 	།_། 	གང་གིས 	སྟོང་པ 	-ར 	bstod tshogs ka_.txt	     ཞེས  ཁྱོད་ཀྱིས་གསུངས  །_།  གང་གིས  སྟོང་པ  -ར 
 ཞེས  རབ་ཏུ་གསུངས 						ཞེས 	རབ་ཏུ་གསུངས 	།_། 	དམ་པ 	-འི 	དོན་ནི 	bstod tshogs ka_.txt	     ཞེས  རབ་ཏུ་གསུངས  །_།  དམ་པ  -འི  དོན་ནི 
 ཞེས ་ཀྱང་བསྟན 						ཞེས	་ཀྱང་བསྟན 	།_། 	གང་ཡང 	སྐྱེ་དང 	འགག་ལ་སོགས 	bstod tshogs ka_.txt	     ཞེས ་ཀྱང་བསྟན  །_།  གང་ཡང  སྐྱེ་དང  འགག་ལ་སོགས 
 ཞེས ་ཀྱང་གསུངས 						ཞེས	་ཀྱང་གསུངས 	།_། 	གཅིག་དང 	གཞན 	ཉིད 	bstod tshogs ka_.txt	     ཞེས ་ཀྱང་གསུངས  །_།  གཅིག་དང  གཞན  ཉིད 
 ཞེས  བྱ་བ 						ཞེས 	བྱ་བ 	།_ 	འཇམ 	དཔལ་གཞོན 	ནུར 	bstod tshogs ka_.txt	     ཞེས  བྱ་བ  །_  འཇམ  དཔལ་གཞོན  ནུར 
 ཞེས  བྱ་བ 						ཞེས 	བྱ་བ 	སློབ་དཔོན 	ཆེན་པོ 	ཀླུ་སྒྲུབ་ཀྱི 	ཞལ་སྔ་ནས 	bstod tshogs ka_.txt	     ཞེས  བྱ་བ  སློབ་དཔོན  ཆེན་པོ  ཀླུ་སྒྲུབ་ཀྱི  ཞལ་སྔ་ནས 
 ཞེས  །_། 						ཞེས 	།_། 	གླེན་གང་གང་གིས 	ཕུན་ཚོགས 	ཟད 	གྱུར་ཅེས 	bstod tshogs ka_.txt	     ཞེས  །_།  གླེན་གང་གང་གིས  ཕུན་ཚོགས  ཟད  གྱུར་ཅེས 
 ཞེས  །_། 						ཞེས 	།_། 	དེ 	ལྟར 	བརྩོན་པ 	ཁྱེད་ཀྱི 	bstod tshogs ka_.txt	     ཞེས  །_།  དེ  ལྟར  བརྩོན་པ  ཁྱེད་ཀྱི 
 ཞེས  བྱ་བའི 						ཞེས 	བྱ་བའི 	།_། 	འགྲམ 	བཞུགས 	མཆོད་རྟེན 	bstod tshogs ka_.txt	     ཞེས  བྱ་བའི  །_།  འགྲམ  བཞུགས  མཆོད་རྟེན 
 ཞེས  །_། 						ཞེས 	།_། 	བཀྲ 	ཤིས 	འབྱུང་བ 	-འི 	bstod tshogs ka_.txt	     ཞེས  །_།  བཀྲ  ཤིས  འབྱུང་བ  -འི 
 ཞེས  བྱ་བ 						ཞེས 	བྱ་བ 	སློབ་དཔོན 	ཆེན་པོ 	འཕགས་པ 	ཀླུ་སྒྲུབ་ཀྱིས 	bstod tshogs ka_.txt	     ཞེས  བྱ་བ  སློབ་དཔོན  ཆེན་པོ  འཕགས་པ  ཀླུ་སྒྲུབ་ཀྱིས 
 ཞེས  བྱ་བ 						ཞེས 	བྱ་བ 	།_ 	དེ 	བཞིན 	གཤེགས་པ 	bstod tshogs ka_.txt	     ཞེས  བྱ་བ  །_  དེ  བཞིན  གཤེགས་པ 
 ཞེས  བྱ 						ཞེས 	བྱ 	བ 	།༄༅༅།_། 	རྒྱ 	གར 	bstod tshogs ka_.txt	     ཞེས  བྱ  བ  །༄༅༅།_།  རྒྱ  གར 
 ཞེས  བྱ་བ 						ཞེས 	བྱ་བ 	།_ 	འཇིག 	རྟེན 	མགོན་པོ་ལ 	bstod tshogs ka_.txt	     ཞེས  བྱ་བ  །_  འཇིག  རྟེན  མགོན་པོ་ལ 
 ཞེས  བྱ་བ 						ཞེས 	བྱ་བ 	སློབ་དཔོན 	ཆེན་པོ 	ཀླུ་སྒྲུབ་ཀྱིས 	མཛད་པ 	bstod tshogs ka_.txt	     ཞེས  བྱ་བ  སློབ་དཔོན  ཆེན་པོ  ཀླུ་སྒྲུབ་ཀྱིས  མཛད་པ 
 ཞེས  བྱ 						ཞེས 	བྱ 	བ 	།༄༅༅།_། 	རྒྱ 	གར 	bstod tshogs ka_.txt	     ཞེས  བྱ  བ  །༄༅༅།_།  རྒྱ  གར 
 ཞེས  བྱ་བ 						ཞེས 	བྱ་བ 	།_ 	ཐམས་ཅད 	མཁྱེན་པ་ལ 	ཕྱག 	bstod tshogs ka_.txt	     ཞེས  བྱ་བ  །_  ཐམས་ཅད  མཁྱེན་པ་ལ  ཕྱག 
 ཞེས ་ཅི་ཞིག་སྨོས 						ཞེས	་ཅི་ཞིག་སྨོས 	།_། 	ཁྱོད་ཀྱི 	ཡོན་ཏན 	སླད་དུ་བདག 	bstod tshogs ka_.txt	     ཞེས ་ཅི་ཞིག་སྨོས  །_།  ཁྱོད་ཀྱི  ཡོན་ཏན  སླད་དུ་བདག 
 ཞེས  བྱ་བ་ལས 						ཞེས 	བྱ་བ་ལས 	བསྟོད་པ 	གླེང 	བསླང་བ་ཞེས 	བྱ་བ་སྟེ 	bstod tshogs ka_.txt	     ཞེས  བྱ་བ་ལས  བསྟོད་པ  གླེང  བསླང་བ་ཞེས  བྱ་བ་སྟེ 
 ཞེས  །_། 						ཞེས 	།_། 	སྙིང 	རྗེ 	རྣམ་པ 	-ར 	bstod tshogs ka_.txt	     ཞེས  །_།  སྙིང  རྗེ  རྣམ་པ  -ར 
 ཞེས  ཐུགས་ལ་བཞག 						ཞེས 	ཐུགས་ལ་བཞག 	_། 	ཉེས 	བཤད 	དུག 	bstod tshogs ka_.txt	     ཞེས  ཐུགས་ལ་བཞག  _།  ཉེས  བཤད  དུག 
 ཞེས  བྱ་བ་ལས 						ཞེས 	བྱ་བ་ལས 	རྒྱུ 	-འི 	སྒོ་ནས 	བསྟོད་པ་ཞེས 	bstod tshogs ka_.txt	     ཞེས  བྱ་བ་ལས  རྒྱུ  -འི  སྒོ་ནས  བསྟོད་པ་ཞེས 
 ཞེས  བྱ་བ་ལས 						ཞེས 	བྱ་བ་ལས 	དཔེ་མེད 	པར 	བསྟོད་པ་ཞེས 	བྱ་བ་སྟེ 	bstod tshogs ka_.txt	     ཞེས  བྱ་བ་ལས  དཔེ་མེད  པར  བསྟོད་པ་ཞེས  བྱ་བ་སྟེ 
 ཞེས  བྱ་སྟེ 						ཞེས 	བྱ་སྟེ 	།_། 	དམ 	ཆོས 	རབ་ཏུ 	bstod tshogs ka_.txt	     ཞེས  བྱ་སྟེ  །_།  དམ  ཆོས  རབ་ཏུ 
 ཞེས  བྱ་བ་ལས 						ཞེས 	བྱ་བ་ལས 	རྨད་དུ 	བྱུང་བ 	-ར 	བསྟོད་པ་ཞེས 	bstod tshogs ka_.txt	     ཞེས  བྱ་བ་ལས  རྨད་དུ  བྱུང་བ  -ར  བསྟོད་པ་ཞེས 
 ཞེས  བྱ་བ་ལས 						ཞེས 	བྱ་བ་ལས 	སྐུ་ལ 	བསྟོད་པ་ཞེས 	བྱ་བ་སྟེ 	ལེའུ 	bstod tshogs ka_.txt	     ཞེས  བྱ་བ་ལས  སྐུ་ལ  བསྟོད་པ་ཞེས  བྱ་བ་སྟེ  ལེའུ 
 ཞེས  བྱ་བ་ལས 						ཞེས 	བྱ་བ་ལས 	ཐུགས་རྗེ་ལ 	བསྟོད་པ་ཞེས 	བྱ་བ་སྟེ 	ལེའུ་དྲུག་པའོ 	bstod tshogs ka_.txt	     ཞེས  བྱ་བ་ལས  ཐུགས་རྗེ་ལ  བསྟོད་པ་ཞེས  བྱ་བ་སྟེ  ལེའུ་དྲུག་པའོ 
 ཞེས  །_། 						ཞེས 	།_། 	སུ་ཞིག 	ངེས་པ 	བསྐྱེད 	མི་འགྱུར 	bstod tshogs ka_.txt	     ཞེས  །_།  སུ་ཞིག  ངེས་པ  བསྐྱེད  མི་འགྱུར 
 ཞེས  བྱ་བ་ལས 						ཞེས 	བྱ་བ་ལས 	གསུང་ལ 	བསྟོད་པ་ཞེས 	བྱ་བ་སྟེ 	ལེའུ་བདུན་པའོ 	bstod tshogs ka_.txt	     ཞེས  བྱ་བ་ལས  གསུང་ལ  བསྟོད་པ་ཞེས  བྱ་བ་སྟེ  ལེའུ་བདུན་པའོ 
 ཞེས  བྱ་འདིས 						ཞེས 	བྱ་འདིས 	།_། 	ལུང་གི 	དོན་ནི 	བསམས་པ་དང 	bstod tshogs ka_.txt	     ཞེས  བྱ་འདིས  །_།  ལུང་གི  དོན་ནི  བསམས་པ་དང 
 ཞེས  བྱ་བ་ལས 						ཞེས 	བྱ་བ་ལས 	བསྟན་པ་ལ 	བསྟོད་པ་ཞེས 	བྱ་བ་སྟེ 	ལེའུ 	bstod tshogs ka_.txt	     ཞེས  བྱ་བ་ལས  བསྟན་པ་ལ  བསྟོད་པ་ཞེས  བྱ་བ་སྟེ  ལེའུ 
 ཞེས  བྱ་བ་ལས 						ཞེས 	བྱ་བ་ལས 	སྨོན་ལམ་གྱི 	བསྟོད་པ་ཞེས 	བྱ་བ་སྟེ 	ལེའུ 	bstod tshogs ka_.txt	     ཞེས  བྱ་བ་ལས  སྨོན་ལམ་གྱི  བསྟོད་པ་ཞེས  བྱ་བ་སྟེ  ལེའུ 
 ཞེས ་པ 						ཞེས	་པ 	-ར་མཛད 	།_། 	ཁྱོད་ནི 	ཉམ་ཐག 	bstod tshogs ka_.txt	     ཞེས ་པ  -ར་མཛད  །_།  ཁྱོད་ནི  ཉམ་ཐག 
 ཞེས  བྱ་བ 						ཞེས 	བྱ་བ 	ལས་ལམ་ལ 	འཇུག་པ་ལ 	བསྟོད་པ་ཞེས 	བྱ་བ་སྟེ 	bstod tshogs ka_.txt	     ཞེས  བྱ་བ  ལས་ལམ་ལ  འཇུག་པ་ལ  བསྟོད་པ་ཞེས  བྱ་བ་སྟེ 
 ཞེས  བྱ་བ་ལས 						ཞེས 	བྱ་བ་ལས 	དཀའ་བ 	མཛད་པ་ལ 	བསྟོད་པ་ཞེས 	བྱ་བ་སྟེ 	bstod tshogs ka_.txt	     ཞེས  བྱ་བ་ལས  དཀའ་བ  མཛད་པ་ལ  བསྟོད་པ་ཞེས  བྱ་བ་སྟེ 
 ཞེས  བྱ་བ་ལས 						ཞེས 	བྱ་བ་ལས 	མཁས་པ 	-ར 	བསྟོད་པ་ཞེས 	བྱ་བ་སྟེ 	bstod tshogs ka_.txt	     ཞེས  བྱ་བ་ལས  མཁས་པ  -ར  བསྟོད་པ་ཞེས  བྱ་བ་སྟེ 
 ཞེས  །_། 						ཞེས 	།_། 	འཇིག 	རྟེན 	ཡིད་ཆེས 	དཀའ 	bstod tshogs ka_.txt	     ཞེས  །_།  འཇིག  རྟེན  ཡིད་ཆེས  དཀའ 
 ཞེས  བྱ་བ་ལས 						ཞེས 	བྱ་བ་ལས 	བུ་ལོན 	མེད་པ 	-ར 	བསྟོད་པ་ཞེས 	bstod tshogs ka_.txt	     ཞེས  བྱ་བ་ལས  བུ་ལོན  མེད་པ  -ར  བསྟོད་པ་ཞེས 
 ཞེས  བྱ་བ 						ཞེས 	བྱ་བ 	སློབ་དཔོན 	ཆེན་པོ 	མ་ཏི་ཙི་ཊ་དང 	།_ 	bstod tshogs ka_.txt	     ཞེས  བྱ་བ  སློབ་དཔོན  ཆེན་པོ  མ་ཏི་ཙི་ཊ་དང  །_ 
 ཞེས  བྱ་བ 						ཞེས 	བྱ་བ 	གླེང 	བསླང་བ 	-འི 	ཚིགས་སུ 	bstod tshogs ka_.txt	     ཞེས  བྱ་བ  གླེང  བསླང་བ  -འི  ཚིགས་སུ 
 ཞེས  བྱ་བ 						ཞེས 	བྱ་བ 	འདི 	-ས་ནི 	སྒྲོ་འདོགས་པ 	མེད་པ 	bstod tshogs ka_.txt	     ཞེས  བྱ་བ  འདི  -ས་ནི  སྒྲོ་འདོགས་པ  མེད་པ 
 ཞེས  བྱ་བ 						ཞེས 	བྱ་བ 	འདི 	-ས་ནི 	ང་རྒྱལ 	མེད་པ 	bstod tshogs ka_.txt	     ཞེས  བྱ་བ  འདི  -ས་ནི  ང་རྒྱལ  མེད་པ 
།_  ཞེས  བྱ་བ 	བདག་ནི 	བློ་གྲོས 	རབ་ཏུ་ཆུང་ཡང 	བརྩོན་པ་ལགས 	།_ 	ཞེས 	བྱ་བ 	འདི 	-ས་ནི 	འདོད་པ 	-འི 	bstod tshogs ka_.txt	བདག་ནི  བློ་གྲོས  རབ་ཏུ་ཆུང་ཡང  བརྩོན་པ་ལགས  །_  ཞེས  བྱ་བ  འདི  -ས་ནི  འདོད་པ  -འི 
 ཞེས  བྱ་བ་ལ 						ཞེས 	བྱ་བ་ལ 	སོགས་པ 	-འི 	ཚིགས་སུ 	བཅད་པ 	bstod tshogs ka_.txt	     ཞེས  བྱ་བ་ལ  སོགས་པ  -འི  ཚིགས་སུ  བཅད་པ 
 ཞེས  བྱ་བ 						ཞེས 	བྱ་བ 	འདི 	-ས་ནི 	གཞན་གྱི 	དོན་ལ 	bstod tshogs ka_.txt	     ཞེས  བྱ་བ  འདི  -ས་ནི  གཞན་གྱི  དོན་ལ 
 ཞེས  བྱ་བ 						ཞེས 	བྱ་བ 	འདི་དག་ནི 	སྡུག་བསྔལ 	བསྐྱེད་པ 	ལ་སོ 	bstod tshogs ka_.txt	     ཞེས  བྱ་བ  འདི་དག་ནི  སྡུག་བསྔལ  བསྐྱེད་པ  ལ་སོ 
 ཞེས  བྱ་བ 						ཞེས 	བྱ་བ 	འདི་དག་ནི 	ཕན 	བཏགས་པ 	ལ་སོ 	bstod tshogs ka_.txt	     ཞེས  བྱ་བ  འདི་དག་ནི  ཕན  བཏགས་པ  ལ་སོ 
 ཞེས  བྱ་བ 						ཞེས 	བྱ་བ 	འདི་དག་ནི 	གྲོགས 	བྱས་པ 	ལ་སོ 	bstod tshogs ka_.txt	     ཞེས  བྱ་བ  འདི་དག་ནི  གྲོགས  བྱས་པ  ལ་སོ 
 ཞེས  བྱ་བ 						ཞེས 	བྱ་བ 	འདི་དག་ནི 	ཡང་དག 	པར 	ལོངས 	bstod tshogs ka_.txt	     ཞེས  བྱ་བ  འདི་དག་ནི  ཡང་དག  པར  ལོངས 
 ཞེས  བྱ་བ 						ཞེས 	བྱ་བ 	འདི་དག་ནི 	བྱང་ཆུབ་ཀྱི 	སྨོན་ལམ་ཡིན་ནོ 	།_། 	bstod tshogs ka_.txt	     ཞེས  བྱ་བ  འདི་དག་ནི  བྱང་ཆུབ་ཀྱི  སྨོན་ལམ་ཡིན་ནོ  །_། 
 ཞེས  བྱ་བ 						ཞེས 	བྱ་བ 	འདི་དག་ནི 	རིགས 	ཡོད་པ 	ཉིད་ཡིན་ནོ 	bstod tshogs ka_.txt	     ཞེས  བྱ་བ  འདི་དག་ནི  རིགས  ཡོད་པ  ཉིད་ཡིན་ནོ 
 ཞེས  བྱ་བ 						ཞེས 	བྱ་བ 	འདི་དག་ནི 	དགེ་བ 	-འི 	བཤེས་གཉེན་ལ 	bstod tshogs ka_.txt	     ཞེས  བྱ་བ  འདི་དག་ནི  དགེ་བ  -འི  བཤེས་གཉེན་ལ 
 ཞེས  བྱ་བ 						ཞེས 	བྱ་བ 	འདི་དག་ནི 	སྡུག་བསྔལ་གྱིས 	མི་ལྡོག་པ་ཡིན་ཏེ 	།_ 	bstod tshogs ka_.txt	     ཞེས  བྱ་བ  འདི་དག་ནི  སྡུག་བསྔལ་གྱིས  མི་ལྡོག་པ་ཡིན་ཏེ  །_ 
 ཞེས  བྱ་བ་ཡང 						ཞེས 	བྱ་བ་ཡང 	ཕ་རོལ་ཏུ 	ཕྱིན་པ 	སྟོན་པ 	ཇི་སྙེད་པ་ཡིན་ནོ 	bstod tshogs ka_.txt	     ཞེས  བྱ་བ་ཡང  ཕ་རོལ་ཏུ  ཕྱིན་པ  སྟོན་པ  ཇི་སྙེད་པ་ཡིན་ནོ 
།_།  ཞེས  བྱ་བ 	-འི 	བསམ 	ལྡན 	མཐོང་ན་ཡང 	།_། 	ཞེས 	བྱ་བ 	འདི་དག་གིས་ནི 	སྦྱིན་པ 	-འི 	ཕ་རོལ་ཏུ 	bstod tshogs ka_.txt	-འི  བསམ  ལྡན  མཐོང་ན་ཡང  །_།  ཞེས  བྱ་བ  འདི་དག་གིས་ནི  སྦྱིན་པ  -འི  ཕ་རོལ་ཏུ 
 ཞེས  བྱ་བ 						ཞེས 	བྱ་བ 	འདི་དག་གིས་ནི 	ཚུལ་ཁྲིམས་ཀྱི 	ཕ་རོལ་ཏུ 	ཕྱིན་པ 	bstod tshogs ka_.txt	     ཞེས  བྱ་བ  འདི་དག་གིས་ནི  ཚུལ་ཁྲིམས་ཀྱི  ཕ་རོལ་ཏུ  ཕྱིན་པ 
 ཞེས  བྱ་བ 						ཞེས 	བྱ་བ 	འདི་དག་གིས་ནི 	མི་མཐུན་པ 	-འི 	ཕྱོགས 	bstod tshogs ka_.txt	     ཞེས  བྱ་བ  འདི་དག་གིས་ནི  མི་མཐུན་པ  -འི  ཕྱོགས 
 ཞེས  བྱ་བ 						ཞེས 	བྱ་བ 	འདི་དག་གིས་ནི 	མི་མཐུན་པ 	-འི 	ཕྱོགས 	bstod tshogs ka_.txt	     ཞེས  བྱ་བ  འདི་དག་གིས་ནི  མི་མཐུན་པ  -འི  ཕྱོགས 
 ཞེས  བྱ་བ 						ཞེས 	བྱ་བ 	འདི་དག་གིས་ནི 	མི་མཐུན་པ 	-འི 	ཕྱོགས 	bstod tshogs ka_.txt	     ཞེས  བྱ་བ  འདི་དག་གིས་ནི  མི་མཐུན་པ  -འི  ཕྱོགས 
 ཞེས  བྱ་བ 						ཞེས 	བྱ་བ 	འདི་དག་དང 	།_ 	ཤེས 	རབ་ལ 	bstod tshogs ka_.txt	     ཞེས  བྱ་བ  འདི་དག་དང  །_  ཤེས  རབ་ལ 
 ཞེས  བྱ་བ 						ཞེས 	བྱ་བ 	-འི 	ཚིགས་སུ 	བཅད་པ 	འདི་གཉིས་ཀྱིས 	bstod tshogs ka_.txt	     ཞེས  བྱ་བ  -འི  ཚིགས་སུ  བཅད་པ  འདི་གཉིས་ཀྱིས 
 ཞེས  བྱ་བ 						ཞེས 	བྱ་བ 	འདི་དག་གིས་ནི 	ཕུན 	སུམ 	ཚོགས་པ 	bstod tshogs ka_.txt	     ཞེས  བྱ་བ  འདི་དག་གིས་ནི  ཕུན  སུམ  ཚོགས་པ 
 ཞེས  བྱ་བ 						ཞེས 	བྱ་བ 	འདི་དག་གིས་ནི 	སྟོབས་ཀྱི 	ཕ་རོལ་ཏུ 	ཕྱིན་པ 	bstod tshogs ka_.txt	     ཞེས  བྱ་བ  འདི་དག་གིས་ནི  སྟོབས་ཀྱི  ཕ་རོལ་ཏུ  ཕྱིན་པ 
 ཞེས  བྱ་བ 						ཞེས 	བྱ་བ 	འདི་དག་གིས་ནི 	ཡེ་ཤེས་ཀྱི 	ཕ་རོལ་ཏུ 	ཕྱིན་པ 	bstod tshogs ka_.txt	     ཞེས  བྱ་བ  འདི་དག་གིས་ནི  ཡེ་ཤེས་ཀྱི  ཕ་རོལ་ཏུ  ཕྱིན་པ 
 ཞེས  བྱ་བ 						ཞེས 	བྱ་བ 	འདི་དག་གིས་ནི 	བསམ་པ 	ཕུན 	སུམ 	bstod tshogs ka_.txt	     ཞེས  བྱ་བ  འདི་དག་གིས་ནི  བསམ་པ  ཕུན  སུམ 
 ཞེས  བྱ་བ 						ཞེས 	བྱ་བ 	འདི་དག་གིས་ནི 	སྦྱོར་བ 	ཕུན 	སུམ 	bstod tshogs ka_.txt	     ཞེས  བྱ་བ  འདི་དག་གིས་ནི  སྦྱོར་བ  ཕུན  སུམ 
 ཞེས  བྱ་བ 						ཞེས 	བྱ་བ 	འདི་དག་གིས་ནི 	ལེན་པ་པོ 	ཕུན 	སུམ 	bstod tshogs ka_.txt	     ཞེས  བྱ་བ  འདི་དག་གིས་ནི  ལེན་པ་པོ  ཕུན  སུམ 
 ཞེས  བྱ་བ 						ཞེས 	བྱ་བ 	འདི་དག་གིས་ནི 	སྦྱིན་པ 	-ར 	བྱ་བ 	bstod tshogs ka_.txt	     ཞེས  བྱ་བ  འདི་དག་གིས་ནི  སྦྱིན་པ  -ར  བྱ་བ 
 ཞེས  བྱ་བ 						ཞེས 	བྱ་བ 	འདི་དག་གིས་ནི 	རང་བཞིན 	ཡོངས་སུ 	དག་པ 	bstod tshogs ka_.txt	     ཞེས  བྱ་བ  འདི་དག་གིས་ནི  རང་བཞིན  ཡོངས་སུ  དག་པ 
 ཞེས  བྱ་བ 						ཞེས 	བྱ་བ 	འདི་དག་གིས་ནི 	རྣམ་པ 	-ར 	རྟོག་པ་དང 	bstod tshogs ka_.txt	     ཞེས  བྱ་བ  འདི་དག་གིས་ནི  རྣམ་པ  -ར  རྟོག་པ་དང 
 ཞེས  བྱ་བ 						ཞེས 	བྱ་བ 	འདི་དག་གིས་ནི 	ཐབས་ཀྱིས 	རྒྱས་པ 	-འི 	bstod tshogs ka_.txt	     ཞེས  བྱ་བ  འདི་དག་གིས་ནི  ཐབས་ཀྱིས  རྒྱས་པ  -འི 
 ཞེས  བྱ་བ 						ཞེས 	བྱ་བ 	འདི་དག་གིས་ནི 	སྐྱེ་བ 	-ས 	སྟོང་པ 	bstod tshogs ka_.txt	     ཞེས  བྱ་བ  འདི་དག་གིས་ནི  སྐྱེ་བ  -ས  སྟོང་པ 
 ཞེས  བྱ་བ 						ཞེས 	བྱ་བ 	འདི་དག་གིས་ནི 	ཐབས 	དང་བཅས་པ 	-འི 	bstod tshogs ka_.txt	     ཞེས  བྱ་བ  འདི་དག་གིས་ནི  ཐབས  དང་བཅས་པ  -འི 
 ཞེས  བྱ་བ 						ཞེས 	བྱ་བ 	-འི 	ཚིགས་སུ 	བཅད་པ 	འདི་གཉིས་ཀྱིས་ནི 	bstod tshogs ka_.txt	     ཞེས  བྱ་བ  -འི  ཚིགས་སུ  བཅད་པ  འདི་གཉིས་ཀྱིས་ནི 
 ཞེས  བྱ་བ 						ཞེས 	བྱ་བ 	འདི་དག་གིས་ནི 	དེ 	-འི 	དགོས་པའོ 	bstod tshogs ka_.txt	     ཞེས  བྱ་བ  འདི་དག་གིས་ནི  དེ  -འི  དགོས་པའོ 
 ཞེས  བྱ་བ 						ཞེས 	བྱ་བ 	འདི་དག་གིས་ནི 	སྐྱེ་བ་ལ 	མངའ་དབང 	མཛད་པའོ 	bstod tshogs ka_.txt	     ཞེས  བྱ་བ  འདི་དག་གིས་ནི  སྐྱེ་བ་ལ  མངའ་དབང  མཛད་པའོ 
།_།  ཞེས  བྱ་བ 	ཡུལ་ཅན 	ཕྲ་རྒྱས 	རྣམས 	བཅོམ་ནས 	།_། 	ཞེས 	བྱ་བ 	དེ་དག་གིས་ནི 	དེ 	-འི 	དགོས་པའོ 	bstod tshogs ka_.txt	ཡུལ་ཅན  ཕྲ་རྒྱས  རྣམས  བཅོམ་ནས  །_།  ཞེས  བྱ་བ  དེ་དག་གིས་ནི  དེ  -འི  དགོས་པའོ 
 ཞེས  བྱ་བ 						ཞེས 	བྱ་བ 	འདི་དག་གིས 	ནི་ལ 	-ས་ལ 	མངའ་དབང 	bstod tshogs ka_.txt	     ཞེས  བྱ་བ  འདི་དག་གིས  ནི་ལ  -ས་ལ  མངའ་དབང 
 ཞེས  བྱ་བ 						ཞེས 	བྱ་བ 	འདི་དག་གིས་ནི 	དེ 	-འི 	དགོས་པའོ 	bstod tshogs ka_.txt	     ཞེས  བྱ་བ  འདི་དག་གིས་ནི  དེ  -འི  དགོས་པའོ 
 ཞེས  བྱ་བ 						ཞེས 	བྱ་བ 	འདི་དག་གིས་ནི 	ཐབས་ལ 	མངའ་དབང 	མཛད་པའོ 	bstod tshogs ka_.txt	     ཞེས  བྱ་བ  འདི་དག་གིས་ནི  ཐབས་ལ  མངའ་དབང  མཛད་པའོ 
 ཞེས  བྱ་བ 						ཞེས 	བྱ་བ 	འདི་དག་གིས་ནི 	དེ 	-འི 	དགོས་པའོ 	bstod tshogs ka_.txt	     ཞེས  བྱ་བ  འདི་དག་གིས་ནི  དེ  -འི  དགོས་པའོ 
 ཞེས  བྱ་བ 						ཞེས 	བྱ་བ 	འདི་དག་གིས་ནི 	སེམས་ཅན 	ཡོངས་སུ 	སྨིན་པ 	bstod tshogs ka_.txt	     ཞེས  བྱ་བ  འདི་དག་གིས་ནི  སེམས་ཅན  ཡོངས་སུ  སྨིན་པ 
 ཞེས  བྱ་བ 						ཞེས 	བྱ་བ 	འདི་དག་གིས་ནི 	དེ 	-འི 	དགོས་པའོ 	bstod tshogs ka_.txt	     ཞེས  བྱ་བ  འདི་དག་གིས་ནི  དེ  -འི  དགོས་པའོ 
 ཞེས  བྱ་བ 						ཞེས 	བྱ་བ 	འདི་དག་གིས་ནི 	རྒྱུ 	ཡོངས་སུ 	རྫོགས་པའོ 	bstod tshogs ka_.txt	     ཞེས  བྱ་བ  འདི་དག་གིས་ནི  རྒྱུ  ཡོངས་སུ  རྫོགས་པའོ 
།_  ཞེས  བྱ་བ 	རྟེན 	མ་རིག 	ལྡོངས 	གྱུར་ལ 	།_ 	ཞེས 	བྱ་བ 	འདི་དག་གིས་ནི་ལམ་གྱི 	ཡེ་ཤེས 	བསྐྱེད་པ 	བསྟན་ཏོ 	bstod tshogs ka_.txt	རྟེན  མ་རིག  ལྡོངས  གྱུར་ལ  །_  ཞེས  བྱ་བ  འདི་དག་གིས་ནི་ལམ་གྱི  ཡེ་ཤེས  བསྐྱེད་པ  བསྟན་ཏོ 
 ཞེས  བྱ་བ 						ཞེས 	བྱ་བ 	འདི་དག་གིས་ནི 	ཉོན་མོངས་པ 	སྤངས་པའོ 	།_། 	bstod tshogs ka_.txt	     ཞེས  བྱ་བ  འདི་དག་གིས་ནི  ཉོན་མོངས་པ  སྤངས་པའོ  །_། 
 ཞེས  བྱ་བ 						ཞེས 	བྱ་བ 	འདི་དག་གིས་ནི 	ཡོན་ཏན 	བརྙེས་པ 	བསྟན་ཏོ 	bstod tshogs ka_.txt	     ཞེས  བྱ་བ  འདི་དག་གིས་ནི  ཡོན་ཏན  བརྙེས་པ  བསྟན་ཏོ 
 ཞེས  བྱ་བ 						ཞེས 	བྱ་བ 	འདི་དག་གིས་ནི 	ཆོས་ཀྱི 	འཁོར་ལོ 	བསྐོར་བ 	bstod tshogs ka_.txt	     ཞེས  བྱ་བ  འདི་དག་གིས་ནི  ཆོས་ཀྱི  འཁོར་ལོ  བསྐོར་བ 
 ཞེས  བྱ་བ 						ཞེས 	བྱ་བ 	འདི་དག་གིས་ནི 	ཆོས་སྟོན་པ 	-འི 	རང་བཞིན 	bstod tshogs ka_.txt	     ཞེས  བྱ་བ  འདི་དག་གིས་ནི  ཆོས་སྟོན་པ  -འི  རང་བཞིན 
 ཞེས  བྱ་བ 						ཞེས 	བྱ་བ 	འདི་དག་གིས་ནི 	ཡུན་དུ 	གནས་པ 	ཡང་དག 	bstod tshogs ka_.txt	     ཞེས  བྱ་བ  འདི་དག་གིས་ནི  ཡུན་དུ  གནས་པ  ཡང་དག 
།_  ཞེས  བྱ་བ་ལ 	མི 	གཡོ 	མཉམ་ཉིད 	ཆོས་མཆོག་ཅན 	།_ 	ཞེས 	བྱ་བ་ལ 	སོགས་པ 	-འི 	བསྟོད་པ་ནི་གཙོར 	གསོལ་བ 	bstod tshogs ka_.txt	མི  གཡོ  མཉམ་ཉིད  ཆོས་མཆོག་ཅན  །_  ཞེས  བྱ་བ་ལ  སོགས་པ  -འི  བསྟོད་པ་ནི་གཙོར  གསོལ་བ 
།_།  ཞེས  བསྟོད་དོ 	དམ་ཚིག་གསུམ 	མཆོག 	གྲུབ 	བདག་སྩོལ 	།_། 	ཞེས 	བསྟོད་དོ 	།_། 	མཆོག་གི 	དངོས་གྲུབ 	གསོལ་བ 	bstod tshogs ka_.txt	དམ་ཚིག་གསུམ  མཆོག  གྲུབ  བདག་སྩོལ  །_།  ཞེས  བསྟོད་དོ  །_།  མཆོག་གི  དངོས་གྲུབ  གསོལ་བ 
།_།  ཞེས  བྱ་བ 	མི 	གཡོ 	མཉམ་ཉིད 	ཆོས་མཆོག་ཅན 	།_། 	ཞེས 	བྱ་བ 	འདི 	གསུངས་སོ 	།_། 	བརྩེ 	bstod tshogs ka_.txt	མི  གཡོ  མཉམ་ཉིད  ཆོས་མཆོག་ཅན  །_།  ཞེས  བྱ་བ  འདི  གསུངས་སོ  །_།  བརྩེ 
 ཞེས  བྱ་བ་དང 						ཞེས 	བྱ་བ་དང 	།_ 	ཡོན་ཏན 	ཀུན 	མཉམ 	bstod tshogs ka_.txt	     ཞེས  བྱ་བ་དང  །_  ཡོན་ཏན  ཀུན  མཉམ 
 ཞེས  བྱ་བ 	མཐའ་མེད 	དངོས་གྲུབ་སྩོལ 	།_། 			ཞེས 	བྱ་བ 	འདི 	གསུངས་སོ 	།_། 	བརྩེ 	bstod tshogs ka_.txt	མཐའ་མེད  དངོས་གྲུབ་སྩོལ  །_།    ཞེས  བྱ་བ  འདི  གསུངས་སོ  །_།  བརྩེ 
།_།  ཞེས  བྱ་བ 	མི 	གཡོ 	མཉམ་མེད 	མཆོག་རབ་ཆོས 	།_། 	ཞེས 	བྱ་བ 	འདི 	གསུངས་ཏེ 	།_ 	འདི་ནི 	bstod tshogs ka_.txt	མི  གཡོ  མཉམ་མེད  མཆོག་རབ་ཆོས  །_།  ཞེས  བྱ་བ  འདི  གསུངས་ཏེ  །_  འདི་ནི 
 ཞེས  བྱ་བ 						ཞེས 	བྱ་བ 	-འི 	དོན་ཏོ 	།_། 	འདིས་ནི 	bstod tshogs ka_.txt	     ཞེས  བྱ་བ  -འི  དོན་ཏོ  །_།  འདིས་ནི 
 ཞེས  བྱ 						ཞེས 	བྱ 	ཞེ་ན 	།_ 	ཤིན་ཏུ 	རྣམ་པ 	bstod tshogs ka_.txt	     ཞེས  བྱ  ཞེ་ན  །_  ཤིན་ཏུ  རྣམ་པ 
 ཞེས  བྱ་བ་ནི 						ཞེས 	བྱ་བ་ནི 	འཇིག་རྟེན་གྱིའོ 	།_། 	སྡུག 	བསྔལ་ནི 	bstod tshogs ka_.txt	     ཞེས  བྱ་བ་ནི  འཇིག་རྟེན་གྱིའོ  །_།  སྡུག  བསྔལ་ནི 
 ཞེས  ཚིག 						ཞེས 	ཚིག 	རྣམ་པ 	-ར 	སྦྱར་ཏེ 	འགྲོ་བ་ལ་ཞེས 	bstod tshogs ka_.txt	     ཞེས  ཚིག  རྣམ་པ  -ར  སྦྱར་ཏེ  འགྲོ་བ་ལ་ཞེས 
 ཞེས  བྱ་བ 						ཞེས 	བྱ་བ 	-འི 	ཐ་ཚིག་སྟེ 	།_ 	དེ 	bstod tshogs ka_.txt	     ཞེས  བྱ་བ  -འི  ཐ་ཚིག་སྟེ  །_  དེ 
།_།  ཞེས  འདོན་ཏོ 	རྫོགས 	མེད་པ 	-འི 	དངོས་གྲུབ་སྩོལ 	།_། 	ཞེས 	འདོན་ཏོ 	།_། 	ཁ་ཅིག་ནི 	།_ 	ཡོན་ཏན 	bstod tshogs ka_.txt	རྫོགས  མེད་པ  -འི  དངོས་གྲུབ་སྩོལ  །_།  ཞེས  འདོན་ཏོ  །_།  ཁ་ཅིག་ནི  །_  ཡོན་ཏན 
།_།  ཞེས  འདོན་ཏོ 	ཀུན 	མཉམ 	མཉམ་མེད 	དངོས་གྲུབ་སྩོལ 	།_། 	ཞེས 	འདོན་ཏོ 	།_། 	འདི་ནི 	གཞན 	བསྒྲིམ 	bstod tshogs ka_.txt	ཀུན  མཉམ  མཉམ་མེད  དངོས་གྲུབ་སྩོལ  །_།  ཞེས  འདོན་ཏོ  །_།  འདི་ནི  གཞན  བསྒྲིམ 
 ཞེས  བྱ་བ་ལ 						ཞེས 	བྱ་བ་ལ 	སོགས་པ 	-འི 	ཚིག 	རྣམས་ནི 	bstod tshogs ka_.txt	     ཞེས  བྱ་བ་ལ  སོགས་པ  -འི  ཚིག  རྣམས་ནི 
 ཞེས  བཤད་པ་ཡིན་ནོ 						ཞེས 	བཤད་པ་ཡིན་ནོ 	།_། 	ཡང་ན 	ཆོས་ཀྱི 	དབྱིངས 	bstod tshogs ka_.txt	     ཞེས  བཤད་པ་ཡིན་ནོ  །_།  ཡང་ན  ཆོས་ཀྱི  དབྱིངས 
 ཞེས  ཟེར་ཏེ 						ཞེས 	ཟེར་ཏེ 	།_ 	འདིར 	ཚིག་གི 	མདོ་ནི 	bstod tshogs ka_.txt	     ཞེས  ཟེར་ཏེ  །_  འདིར  ཚིག་གི  མདོ་ནི 
།_།  ཞེས  བྱ་བ་ལ 	དཔེ 	ཉིད 	ནམ་མཁའ་ལ 	མེད་དེ 	།_། 	ཞེས 	བྱ་བ་ལ 	སོགས་པ 	འདི 	གསུངས་སོ 	།_། 	bstod tshogs ka_.txt	དཔེ  ཉིད  ནམ་མཁའ་ལ  མེད་དེ  །_།  ཞེས  བྱ་བ་ལ  སོགས་པ  འདི  གསུངས་སོ  །_། 
།_།  ཞེས  འབྱུང་སྟེ 	མཆོག 	གྲུབ 	གསལ 	སྒྲུབ་པ 	།_། 	ཞེས 	འབྱུང་སྟེ 	།_ 	དེ་ལ 	དན་ནི 	གང་དག་ལ 	bstod tshogs ka_.txt	མཆོག  གྲུབ  གསལ  སྒྲུབ་པ  །_།  ཞེས  འབྱུང་སྟེ  །_  དེ་ལ  དན་ནི  གང་དག་ལ 
 ཞེས  བྱ་བ་ཡིན་ནོ 						ཞེས 	བྱ་བ་ཡིན་ནོ 	།_། 	ཅིའི 	ཕྱིར 	དེ་དག 	bstod tshogs ka_.txt	     ཞེས  བྱ་བ་ཡིན་ནོ  །_།  ཅིའི  ཕྱིར  དེ་དག 
།_།  ཞེས  བཤད་པ 	།_། 	འདྲ་བ 	གང་ཡིན་དེ 	དཔེ་ཡིན 	།_། 	ཞེས 	བཤད་པ 	ལྟ་བུའོ 	།_། 	འདི་ནི 	བཅོམ་ལྡན 	bstod tshogs ka_.txt	།_།  འདྲ་བ  གང་ཡིན་དེ  དཔེ་ཡིན  །_།  ཞེས  བཤད་པ  ལྟ་བུའོ  །_།  འདི་ནི  བཅོམ་ལྡན 
 ཞེས ་བྱའོ 						ཞེས	་བྱའོ 	།_། 	རྣམ 	པར 	རྟོག་པ་ཡང 	bstod tshogs ka_.txt	     ཞེས ་བྱའོ  །_།  རྣམ  པར  རྟོག་པ་ཡང 
།_།  ཞེས  བྱ་བ་ལ 	དྲི་མེད 	ཐུགས་རྗེ 	-འི 	ཤུགས་ལས་བྱུང 	།_། 	ཞེས 	བྱ་བ་ལ 	སོགས་པ 	སྨོས་སོ 	།_། 	རྟག་ཏུ 	bstod tshogs ka_.txt	དྲི་མེད  ཐུགས་རྗེ  -འི  ཤུགས་ལས་བྱུང  །_།  ཞེས  བྱ་བ་ལ  སོགས་པ  སྨོས་སོ  །_།  རྟག་ཏུ 
 ཞེས  བྱ་བ 						ཞེས 	བྱ་བ 	-ར 	སྦྱར་རོ 	།_། 	ཐུགས 	bstod tshogs ka_.txt	     ཞེས  བྱ་བ  -ར  སྦྱར་རོ  །_།  ཐུགས 
 ཞེས  བྱ་བ་ལ 						ཞེས 	བྱ་བ་ལ 	སོགས་པ 	གསུངས་སོ 	།_། 	འགྲོ 	bstod tshogs ka_.txt	     ཞེས  བྱ་བ་ལ  སོགས་པ  གསུངས་སོ  །_།  འགྲོ 
 ཞེས  བྱ་བ་ནི 						ཞེས 	བྱ་བ་ནི 	ཉེ་བ 	-ར 	མཚོན་པ་སྟེ 	ཕྱོགས 	bstod tshogs ka_.txt	     ཞེས  བྱ་བ་ནི  ཉེ་བ  -ར  མཚོན་པ་སྟེ  ཕྱོགས 
 ཞེས  བྱ་བ 						ཞེས 	བྱ་བ 	-ར་ཡང 	ཁོང་དུ 	ཆུད་པ 	-ར་བྱའོ 	bstod tshogs ka_.txt	     ཞེས  བྱ་བ  -ར་ཡང  ཁོང་དུ  ཆུད་པ  -ར་བྱའོ 
 ཞེས  འབྱུང་ངོ 						ཞེས 	འབྱུང་ངོ 	།_། 	དེར་ནི 	ཚིག 	འདི 	bstod tshogs ka_.txt	     ཞེས  འབྱུང་ངོ  །_།  དེར་ནི  ཚིག  འདི 
 ཞེས  བྱ་བ 						ཞེས 	བྱ་བ 	འདི་ཉིད་ནི 	མཇུག 	སྡུད་པ་ཡིན་ཏེ 	།_ 	bstod tshogs ka_.txt	     ཞེས  བྱ་བ  འདི་ཉིད་ནི  མཇུག  སྡུད་པ་ཡིན་ཏེ  །_ 
 ཞེས ་ཀྱང་བྱའོ 						ཞེས	་ཀྱང་བྱའོ 	།_། 	གནས 	སྐབས 	དེས་ན་ནི 	bstod tshogs ka_.txt	     ཞེས ་ཀྱང་བྱའོ  །_།  གནས  སྐབས  དེས་ན་ནི 
 ཞེས  བསྟན་པ 						ཞེས 	བསྟན་པ 	-ར 	བྱ་བ 	-ར 	ཟད་དོ 	bstod tshogs ka_.txt	     ཞེས  བསྟན་པ  -ར  བྱ་བ  -ར  ཟད་དོ 
 ཞེས  བྱ་བ་ལ 						ཞེས 	བྱ་བ་ལ 	སོགས་པ 	སྨོས་སོ 	།_། 	འགག་པ་ནི 	bstod tshogs ka_.txt	     ཞེས  བྱ་བ་ལ  སོགས་པ  སྨོས་སོ  །_།  འགག་པ་ནི 
 ཞེས  བྱ་བ 						ཞེས 	བྱ་བ 	-འི 	དོན་ཏོ 	།_། 	གང་ཞིག་ཅེ་ན 	bstod tshogs ka_.txt	     ཞེས  བྱ་བ  -འི  དོན་ཏོ  །_།  གང་ཞིག་ཅེ་ན 
 ཞེས  བྱ་བ 						ཞེས 	བྱ་བ 	-འི 	དོན་ཏོ 	།_། 	དེ 	bstod tshogs ka_.txt	     ཞེས  བྱ་བ  -འི  དོན་ཏོ  །_།  དེ 
 ཞེས  བྱ་བ་ནི 						ཞེས 	བྱ་བ་ནི 	འཇིག་རྟེན་གསུམ་པོ་ལའོ 	།_། 	མཆོག་ནི 	སངས་རྒྱས་ཀྱི 	bstod tshogs ka_.txt	     ཞེས  བྱ་བ་ནི  འཇིག་རྟེན་གསུམ་པོ་ལའོ  །_།  མཆོག་ནི  སངས་རྒྱས་ཀྱི 
 ཞེས  ཡོངས་སུ 						ཞེས 	ཡོངས་སུ 	ཆད་པ 	མེད་པ 	ཡོད་པ 	དེ་དག་ནི 	bstod tshogs ka_.txt	     ཞེས  ཡོངས་སུ  ཆད་པ  མེད་པ  ཡོད་པ  དེ་དག་ནི 
 ཞེས  བྱ་བ 						ཞེས 	བྱ་བ 	མི 	དཔོགས་པ 	དེ་དག་ཏུ 	ནམ་ཡང 	bstod tshogs ka_.txt	     ཞེས  བྱ་བ  མི  དཔོགས་པ  དེ་དག་ཏུ  ནམ་ཡང 
 ཞེས  བྱ་བ་ནི 						ཞེས 	བྱ་བ་ནི 	གནས་གང་ལ 	ལེགས་པ 	-ར 	རྫོགས་ཤིང 	bstod tshogs ka_.txt	     ཞེས  བྱ་བ་ནི  གནས་གང་ལ  ལེགས་པ  -ར  རྫོགས་ཤིང 
 ཞེས  ཐེག་པ 						ཞེས 	ཐེག་པ 	ཆེན་པོ 	-འི 	ཚུལ 	ལ་མ 	bstod tshogs ka_.txt	     ཞེས  ཐེག་པ  ཆེན་པོ  -འི  ཚུལ  ལ་མ 
 ཞེས  བྱ་བ 						ཞེས 	བྱ་བ 	གསུངས་སོ 	།_། 	དེ 	བཞིན 	bstod tshogs ka_.txt	     ཞེས  བྱ་བ  གསུངས་སོ  །_།  དེ  བཞིན 
 ཞེས  བྱ་བ 						ཞེས 	བྱ་བ 	མི 	འབྱུང་སྟེ 	།_ 	དེར་ནི 	bstod tshogs ka_.txt	     ཞེས  བྱ་བ  མི  འབྱུང་སྟེ  །_  དེར་ནི 
།_།  ཞེས  བཤད་པ 	སྦྱོར 	སྒྲ་ཡི 	ཆ 	མིང་བཞིན 	།_། 	ཞེས 	བཤད་པ 	ལྟ་བུའོ 	།_། 	དེ་ནི 	གསོལ་བ 	bstod tshogs ka_.txt	སྦྱོར  སྒྲ་ཡི  ཆ  མིང་བཞིན  །_།  ཞེས  བཤད་པ  ལྟ་བུའོ  །_།  དེ་ནི  གསོལ་བ 
 ཞེས  བྱ་བ་ལ 						ཞེས 	བྱ་བ་ལ 	སོགས་པ 	གསུངས་ཏེ 	།_ 	ཇི 	bstod tshogs ka_.txt	     ཞེས  བྱ་བ་ལ  སོགས་པ  གསུངས་ཏེ  །_  ཇི 
།_།  ཞེས  བྱ་བ 	སྦྱིན 	མཆོག་ཉིད 	གནས་མཆོག 	ཉིད་བརྙེས 	།_། 	ཞེས 	བྱ་བ 	གསུངས་སོ 	།_། 	སྦྱིན་པ་ནི 	ཟང་ཟིང་དང 	bstod tshogs ka_.txt	སྦྱིན  མཆོག་ཉིད  གནས་མཆོག  ཉིད་བརྙེས  །_།  ཞེས  བྱ་བ  གསུངས་སོ  །_།  སྦྱིན་པ་ནི  ཟང་ཟིང་དང 
 ཞེས  བྱ་བ 						ཞེས 	བྱ་བ 	-འི 	དོན་ཏོ 	།_། 	ཡང་ན 	bstod tshogs ka_.txt	     ཞེས  བྱ་བ  -འི  དོན་ཏོ  །_།  ཡང་ན 
 ཞེས  སྤྱིར 						ཞེས 	སྤྱིར 	སྨོས་པ 	-ས 	མཆོག 	ངན་ངོན 	bstod tshogs ka_.txt	     ཞེས  སྤྱིར  སྨོས་པ  -ས  མཆོག  ངན་ངོན 
 ཞེས  འབྱུང་སྟེ 						ཞེས 	འབྱུང་སྟེ 	།_ 	དེར་ནི 	མཆོག 	སངས་རྒྱས་ཀྱི 	bstod tshogs ka_.txt	     ཞེས  འབྱུང་སྟེ  །_  དེར་ནི  མཆོག  སངས་རྒྱས་ཀྱི 
 ཞེས  རྣམ་པ 						ཞེས 	རྣམ་པ 	-ར 	བཤད་པ 	-ར་བྱའོ 	།_། 	bstod tshogs ka_.txt	     ཞེས  རྣམ་པ  -ར  བཤད་པ  -ར་བྱའོ  །_། 
 ཞེས  བྱ་བ 						ཞེས 	བྱ་བ 	-འི 	དོན་ཏོ 	།_། 	དེ་འང 	bstod tshogs ka_.txt	     ཞེས  བྱ་བ  -འི  དོན་ཏོ  །_།  དེ་འང 
 ཞེས  བྱ་བ 						ཞེས 	བྱ་བ 	གང་ཡིན་པའོ 	།_། 	གང 	དག་ལ 	bstod tshogs ka_.txt	     ཞེས  བྱ་བ  གང་ཡིན་པའོ  །_།  གང  དག་ལ 
 ཞེས  འབྱུང་གི 						ཞེས 	འབྱུང་གི 	བདེ་བ 	-ར 	གཤེགས་ཞེས 	མི 	bstod tshogs ka_.txt	     ཞེས  འབྱུང་གི  བདེ་བ  -ར  གཤེགས་ཞེས  མི 
 ཞེས  བྱ་བ་ནི 						ཞེས 	བྱ་བ་ནི 	ཕྱོགས 	བཅུ 	མཐའ་ཡས་པ 	-འི 	bstod tshogs ka_.txt	     ཞེས  བྱ་བ་ནི  ཕྱོགས  བཅུ  མཐའ་ཡས་པ  -འི 
 ཞེས  བྱ་བ་ནི 						ཞེས 	བྱ་བ་ནི 	།_ 	དམ 	ཚིག་གསུམ་པ 	-འི 	bstod tshogs ka_.txt	     ཞེས  བྱ་བ་ནི  །_  དམ  ཚིག་གསུམ་པ  -འི 
།_།  ཞེས  གསུངས་པ 	ཐེ 	ཚོམ 	ཉིད་ནི 	མི་བྱའོ 	།_། 	ཞེས 	གསུངས་པ 	ལྟ་བུའོ 	།_། 	འཇིག 	རྟེན་པ་དང 	bstod tshogs ka_.txt	ཐེ  ཚོམ  ཉིད་ནི  མི་བྱའོ  །_།  ཞེས  གསུངས་པ  ལྟ་བུའོ  །_།  འཇིག  རྟེན་པ་དང 