དེ  ཉིད  སྦྱང་བ 	རྒྱུ 	-ར 	གྱུར་པ 	།_། 	དེ 	ཉིད 	སྦྱང་བ 	བྱས་པ་ལས 	།_། 	དག་པ 	དེ་ཉིད 	bstod tshogs ka_.txt	རྒྱུ  -ར  གྱུར་པ  །_།  དེ  ཉིད  སྦྱང་བ  བྱས་པ་ལས  །_།  དག་པ  དེ་ཉིད 
 ཉིད ་དོ 						ཉིད	་དོ 	།_། 	ཇི 	ལྟར 	འོ་མ་དང 	bstod tshogs ka_.txt	     ཉིད ་དོ  །_།  ཇི  ལྟར  འོ་མ་དང 
ཕྱོགས  ཉིད ་ནས 	བཏོད 	གྱུར་པ 	།_། 	དེ་དང་དེ་ཡི 	ཕྱོགས 	ཉིད	་ནས 	།_། 	འོད་ཀྱི 	རང་བཞིན 	འབྱུང་བ 	bstod tshogs ka_.txt	བཏོད  གྱུར་པ  །_།  དེ་དང་དེ་ཡི  ཕྱོགས  ཉིད ་ནས  །_།  འོད་ཀྱི  རང་བཞིན  འབྱུང་བ 
འབྲས  ཉིད  སྣང་བ 	ལྟར 	སྦུན་པ་ལས 	གྲོལ་ན 	།_། 	འབྲས 	ཉིད 	སྣང་བ 	-ར 	འགྱུར་བ་ལྟར 	།_། 	དེ 	bstod tshogs ka_.txt	ལྟར  སྦུན་པ་ལས  གྲོལ་ན  །_།  འབྲས  ཉིད  སྣང་བ  -ར  འགྱུར་བ་ལྟར  །_།  དེ 
སྐུ  ཉིད  རབ་ཏུ་གསལ 	ཉོན་མོངས་ལས 	གྲོལ་ན 	།_། 	ཆོས་ཀྱི 	སྐུ 	ཉིད 	རབ་ཏུ་གསལ 	།_། 	ཆུ་ཤིང 	སྙིང་པོ 	མེད་དོ་ཞེས 	bstod tshogs ka_.txt	ཉོན་མོངས་ལས  གྲོལ་ན  །_།  ཆོས་ཀྱི  སྐུ  ཉིད  རབ་ཏུ་གསལ  །_།  ཆུ་ཤིང  སྙིང་པོ  མེད་དོ་ཞེས 
 ཉིད  །_། 						ཉིད 	།_། 	མངར་པོ 	ཟ་བ 	-ར 	བྱེད་པ་ལྟར 	bstod tshogs ka_.txt	     ཉིད  །_།  མངར་པོ  ཟ་བ  -ར  བྱེད་པ་ལྟར 
 ཉིད  །_། 						ཉིད 	།_། 	ལུས 	ཅན 	ཀུན་གྱི 	བདུད་རྩི 	bstod tshogs ka_.txt	     ཉིད  །_།  ལུས  ཅན  ཀུན་གྱི  བདུད་རྩི 
 ཉིད  །_། 						ཉིད 	།_། 	ཆོས 	རྣམས 	ཀུན་གྱི 	རྟེན་དུ་འདོད 	bstod tshogs ka_.txt	     ཉིད  །_།  ཆོས  རྣམས  ཀུན་གྱི  རྟེན་དུ་འདོད 
དེ  ཉིད  འོད་གསལ 	ཤེས 	མེ་ཡིས 	ཉོན་མོངས་བསྲེག 	_། 	དེ 	ཉིད 	འོད་གསལ 	མ་ཡིན་ནོ 	།_། 	སྟོང་པ 	ཉིད་ནི 	bstod tshogs ka_.txt	ཤེས  མེ་ཡིས  ཉོན་མོངས་བསྲེག  _།  དེ  ཉིད  འོད་གསལ  མ་ཡིན་ནོ  །_།  སྟོང་པ  ཉིད་ནི 
 ཉིད ་མེད 						ཉིད	་མེད 	།_། 	སོ་སོ 	-ར 	རང་རིག 	bstod tshogs ka_.txt	     ཉིད ་མེད  །_།  སོ་སོ  -ར  རང་རིག 
 ཉིད  །_། 						ཉིད 	།_། 	སངས 	རྒྱས 	རྟག་པ 	-འི 	bstod tshogs ka_.txt	     ཉིད  །_།  སངས  རྒྱས  རྟག་པ  -འི 
 ཉིད ་ཅན 						ཉིད	་ཅན 	།_། 	ཇི 	ལྟར 	རི་བོང 	bstod tshogs ka_.txt	     ཉིད ་ཅན  །_།  ཇི  ལྟར  རི་བོང 
 ཉིད ་དེ 	མགོ་ཡི་རྭ 	།_། 	བརྟགས་པ 			ཉིད	་དེ 	མེད་པ་ལྟར 	།_། 	དེ 	བཞིན 	bstod tshogs ka_.txt	མགོ་ཡི་རྭ  །_།  བརྟགས་པ    ཉིད ་དེ  མེད་པ་ལྟར  །_།  དེ  བཞིན 
བརྟགས་པ  ཉིད ་དེ 	ཆོས 	རྣམས 	ཐམས་ཅད་ཀྱང 	_།_། 	བརྟགས་པ 	ཉིད	་དེ 	ཡོད 	མ་ཡིན 	།_། 	ཕྲ 	bstod tshogs ka_.txt	ཆོས  རྣམས  ཐམས་ཅད་ཀྱང  _།_།  བརྟགས་པ  ཉིད ་དེ  ཡོད  མ་ཡིན  །_།  ཕྲ 
མ  ཉིད ་དུ 	ཆོས 	རྣམས་ཉིད 	།_། 	དབུ 	མ 	ཉིད	་དུ 	སྒྲུབ་པ 	-ར་བྱེད 	།_། 	ཇི 	bstod tshogs ka_.txt	ཆོས  རྣམས་ཉིད  །_།  དབུ  མ  ཉིད ་དུ  སྒྲུབ་པ  -ར་བྱེད  །_།  ཇི 
མཚན  ཉིད  རྫོགས་པ 	མཐོང་བ 	-ར 	གྱུར་པ་ལྟར 	།_། 	མཚན 	ཉིད 	རྫོགས་པ 	-འང་དེ་དང་འདྲ 	།_། 	ཐོག 	མ 	bstod tshogs ka_.txt	མཐོང་བ  -ར  གྱུར་པ་ལྟར  །_།  མཚན  ཉིད  རྫོགས་པ  -འང་དེ་དང་འདྲ  །_།  ཐོག  མ 
དེ  ཉིད  གྲང་བ 	དྲོའོ་ཞེས་ནི 	རྗོད་པ 	-ར་བྱེད 	།_། 	དེ 	ཉིད 	གྲང་བ 	-འི 	དུས་སུ་ནི 	།_། 	གྲང་ངོ་ཞེས་ནི 	bstod tshogs ka_.txt	དྲོའོ་ཞེས་ནི  རྗོད་པ  -ར་བྱེད  །_།  དེ  ཉིད  གྲང་བ  -འི  དུས་སུ་ནི  །_།  གྲང་ངོ་ཞེས་ནི 
དེ  ཉིད  ཉོན་མོངས 	ཅན་ཞེས་ནི 	བརྗོད་པ 	-ར་བྱ 	།_། 	དེ 	ཉིད 	ཉོན་མོངས 	བྲལ 	གྱུར་ན 	།_། 	སངས 	bstod tshogs ka_.txt	ཅན་ཞེས་ནི  བརྗོད་པ  -ར་བྱ  །_།  དེ  ཉིད  ཉོན་མོངས  བྲལ  གྱུར་ན  །_།  སངས 
མེད  ཉིད ་ལས 	_།_། 	སྐྱེ 	མེད 	འགག་པ 	མེད 	ཉིད	་ལས 	།_། 	ཆོས་ཀྱི 	དབྱིངས་ནི 	རབ་ཏུ་ཤེས 	bstod tshogs ka_.txt	_།_།  སྐྱེ  མེད  འགག་པ  མེད  ཉིད ་ལས  །_།  ཆོས་ཀྱི  དབྱིངས་ནི  རབ་ཏུ་ཤེས 
མཚན  ཉིད  མེད་པ 	དག་པ 	-འི 	ཤེས་པ་གསུམ 	།_། 	མཚན 	ཉིད 	མེད་པ 	-འི 	ཆོས་ཀྱི་དབྱིངས 	།_། 	རྟོག 	bstod tshogs ka_.txt	དག་པ  -འི  ཤེས་པ་གསུམ  །_།  མཚན  ཉིད  མེད་པ  -འི  ཆོས་ཀྱི་དབྱིངས  །_།  རྟོག 
 ཉིད  །_། 						ཉིད 	།_། 	རོ་ཡི 	ཁམས་ཀྱང 	དབེན་པ་སྟེ 	།_། 	bstod tshogs ka_.txt	     ཉིད  །_།  རོ་ཡི  ཁམས་ཀྱང  དབེན་པ་སྟེ  །_། 
 ཉིད ་དང 						ཉིད	་དང 	_།_། 	རྐྱེན 	དག་ལས་ནི 	གྲོལ 	bstod tshogs ka_.txt	     ཉིད ་དང  _།_།  རྐྱེན  དག་ལས་ནི  གྲོལ 
 ཉིད  །_། 						ཉིད 	།_། 	ཆོས་ཀྱི 	དབྱིངས་སུ 	བསྒོམ་པ 	-ར་བྱ 	bstod tshogs ka_.txt	     ཉིད  །_།  ཆོས་ཀྱི  དབྱིངས་སུ  བསྒོམ་པ  -ར་བྱ 
 ཉིད  རྫོགས་པ་ཡིན 						ཉིད 	རྫོགས་པ་ཡིན 	།_། 	མིག་དང 	རྣ་བ 	སྣ 	bstod tshogs ka_.txt	     ཉིད  རྫོགས་པ་ཡིན  །_།  མིག་དང  རྣ་བ  སྣ 
འདི  ཉིད  དེ་ཉིད 	སྐྱེ 	མཆེད་དྲུག་པོ 	རྣམ་དག་པ 	།_། 	འདི 	ཉིད 	དེ་ཉིད 	མཚན་ཉིད་དོ 	།_། 	སེམས 	ཉིད 	bstod tshogs ka_.txt	སྐྱེ  མཆེད་དྲུག་པོ  རྣམ་དག་པ  །_།  འདི  ཉིད  དེ་ཉིད  མཚན་ཉིད་དོ  །_།  སེམས  ཉིད 
 ཉིད ་དོ 						ཉིད	་དོ 	།_། 	འདོད 	ཆགས 	ཟད་པ 	bstod tshogs ka_.txt	     ཉིད ་དོ  །_།  འདོད  ཆགས  ཟད་པ 
 ཉིད  །_། 						ཉིད 	།_། 	ལུས 	ཅན 	ཀུན་གྱི 	སྐྱབས 	bstod tshogs ka_.txt	     ཉིད  །_།  ལུས  ཅན  ཀུན་གྱི  སྐྱབས 
 ཉིད ་དོ 						ཉིད	་དོ 	།_། 	ཤེས་དང 	མི 	ཤེས་པ 	bstod tshogs ka_.txt	     ཉིད ་དོ  །_།  ཤེས་དང  མི  ཤེས་པ 
 ཉིད ་ལ 						ཉིད	་ལ 	ཐམས་ཅད་དེ 	།_། 	རང་གི 	རྣམ་པ 	bstod tshogs ka_.txt	     ཉིད ་ལ  ཐམས་ཅད་དེ  །_།  རང་གི  རྣམ་པ 
བདག  ཉིད  ཤེས་ན 	-ར 	རྟོག་པ 	-ས་བཅིངས 	།_། 	བདག 	ཉིད 	ཤེས་ན 	གྲོལ་བ 	-ར་འགྱུར 	།_། 	བྱང 	bstod tshogs ka_.txt	-ར  རྟོག་པ  -ས་བཅིངས  །_།  བདག  ཉིད  ཤེས་ན  གྲོལ་བ  -ར་འགྱུར  །_།  བྱང 
 ཉིད ་ལ 						ཉིད	་ལ 	།_། 	མཐོང་བ་དང་ནི 	མ 	མཐོང་ཡིན 	bstod tshogs ka_.txt	     ཉིད ་ལ  །_།  མཐོང་བ་དང་ནི  མ  མཐོང་ཡིན 
དབྱིངས  ཉིད  ཐ 	རྣམས་ནི 	གདུལ་བ 	-འི་ཕྱིར 	།_། 	དབྱིངས 	ཉིད 	ཐ 	དད 	གྱུར་པ་ལགས 	།_། 	སེམས་ཀྱི 	bstod tshogs ka_.txt	རྣམས་ནི  གདུལ་བ  -འི་ཕྱིར  །_།  དབྱིངས  ཉིད  ཐ  དད  གྱུར་པ་ལགས  །_།  སེམས་ཀྱི 
 ཉིད ་གནས 						ཉིད	་གནས 	།_། 	དབང 	ཕྱུག 	ཆེན་པོ 	bstod tshogs ka_.txt	     ཉིད ་གནས  །_།  དབང  ཕྱུག  ཆེན་པོ 
 ཉིད ་དེ་རྣམ 	-འི 	གནས་མཆོག་དང 	_།_། 	འོག་མིན 		ཉིད	་དེ་རྣམ 	མཛེས་པ 	།_། 	ཤེས་པ་གསུམ་པོ 	གཅིག་ཉིད་དུ 	bstod tshogs ka_.txt	-འི  གནས་མཆོག་དང  _།_།  འོག་མིན   ཉིད ་དེ་རྣམ  མཛེས་པ  །_།  ཤེས་པ་གསུམ་པོ  གཅིག་ཉིད་དུ 
 ཉིད  །_། 						ཉིད 	།_། 	དབང 	ཕྱུག 	ཆེན་པོ 	ཚེ་དཔག་མེད 	bstod tshogs ka_.txt	     ཉིད  །_།  དབང  ཕྱུག  ཆེན་པོ  ཚེ་དཔག་མེད 
 ཉིད  །_། 						ཉིད 	།_། 	གང་གི 	འབྲས་བུ 	མི་ཟད་གང 	_།_། 	bstod tshogs ka_.txt	     ཉིད  །_།  གང་གི  འབྲས་བུ  མི་ཟད་གང  _།_། 
 ཉིད  །_། 						ཉིད 	།_། 	ཉོན་མོངས 	ཤིན་ཏུ 	སྦྱང 	དཀའ་ལས 	bstod tshogs ka_.txt	     ཉིད  །_།  ཉོན་མོངས  ཤིན་ཏུ  སྦྱང  དཀའ་ལས 
ལུགས  ཉིད ་ཀྱིས 	།_། 	རིམ་གྱིས 	འཇུག་པ 	-འི 	ལུགས 	ཉིད	་ཀྱིས 	།_། 	སངས 	རྒྱས 	སྲས་པོ 	bstod tshogs ka_.txt	།_།  རིམ་གྱིས  འཇུག་པ  -འི  ལུགས  ཉིད ་ཀྱིས  །_།  སངས  རྒྱས  སྲས་པོ 
ཆོས  ཉིད  སྟོང་པ 	ཆོས་ཀྱི 	སྤྲིན་གྱི 	ཡེ་ཤེས་ཀྱིས 	།_། 	ཆོས 	ཉིད 	སྟོང་པ 	མཐོང 	གྱུར་ནས 	།_། 	གང 	bstod tshogs ka_.txt	ཆོས་ཀྱི  སྤྲིན་གྱི  ཡེ་ཤེས་ཀྱིས  །_།  ཆོས  ཉིད  སྟོང་པ  མཐོང  གྱུར་ནས  །_།  གང 
 ཉིད  །_། 						ཉིད 	།_། 	དྲི 	མ 	མེད་པ 	-ར 	bstod tshogs ka_.txt	     ཉིད  །_།  དྲི  མ  མེད་པ  -ར 
དེ  ཉིད  དོན་ནི 	ཁྱོད་ཀྱིས 	གཟིགས་པ 	བླ་མེད་དེ 	།_། 	དེ 	ཉིད 	དོན་ནི 	རིག་པ་ལགས 	།_། 	དོན 	དམ་པ་ཡི 	bstod tshogs ka_.txt	ཁྱོད་ཀྱིས  གཟིགས་པ  བླ་མེད་དེ  །_།  དེ  ཉིད  དོན་ནི  རིག་པ་ལགས  །_།  དོན  དམ་པ་ཡི 
 ཉིད  །_། 						ཉིད 	།_། 	རྟོགས་དང 	རྟོགས 	བྱ 	མི 	bstod tshogs ka_.txt	     ཉིད  །_།  རྟོགས་དང  རྟོགས  བྱ  མི 
ཆོས  ཉིད  སངས་རྒྱས 	-འོ 	མཆོག་ཏུ 	རྟོགས་དཀའ་བའི 	།_། 	ཆོས 	ཉིད 	སངས་རྒྱས 	རྣམས་ཀྱིས་རྟོགས 	།_། 	ཁྱོད་ཀྱིས 	ཅུང་ཞིག 	bstod tshogs ka_.txt	-འོ  མཆོག་ཏུ  རྟོགས་དཀའ་བའི  །_།  ཆོས  ཉིད  སངས་རྒྱས  རྣམས་ཀྱིས་རྟོགས  །_།  ཁྱོད་ཀྱིས  ཅུང་ཞིག 
མཉམ་པ  ཉིད ་ཀྱི 	-འང 	མ 	ལགས་ལ 	།_། 	མཉམ་པ 	ཉིད	་ཀྱི 	ལྟ་བ་ཡིས 	།_། 	བླ་ན 	མེད་པ 	bstod tshogs ka_.txt	-འང  མ  ལགས་ལ  །_།  མཉམ་པ  ཉིད ་ཀྱི  ལྟ་བ་ཡིས  །_།  བླ་ན  མེད་པ 
དམིགས་པ  ཉིད ་ཀྱི 	བཞེད་ཀྱི 	།_། 	འཁོར 	བ་མ 	དམིགས་པ 	ཉིད	་ཀྱི 	།_། 	ཞི་དེ 	མགོན་པོ 	ཁྱོད་ཀྱིས་རྟོགས 	bstod tshogs ka_.txt	བཞེད་ཀྱི  །_།  འཁོར  བ་མ  དམིགས་པ  ཉིད ་ཀྱི  །_།  ཞི་དེ  མགོན་པོ  ཁྱོད་ཀྱིས་རྟོགས 
 ཉིད  གྱུར་པ 						ཉིད 	གྱུར་པ 	-འང་ཁྱོད 	།_། 	བདེ་དང 	སྡུག་བསྔལ 	bstod tshogs ka_.txt	     ཉིད  གྱུར་པ  -འང་ཁྱོད  །_།  བདེ་དང  སྡུག་བསྔལ 
མཚན  ཉིད  མཚོན་བྱ་རྣམ 	རྟག་དང 	ཆད་པ་དང 	བྲལ་ཞིང 	།_། 	མཚན 	ཉིད 	མཚོན་བྱ་རྣམ 	སྤངས་པར 	།_། 	གཙོ 	བོས 	bstod tshogs ka_.txt	རྟག་དང  ཆད་པ་དང  བྲལ་ཞིང  །_།  མཚན  ཉིད  མཚོན་བྱ་རྣམ  སྤངས་པར  །_།  གཙོ  བོས 
ཉོན་མོངས  ཉིད ་ཀྱི 	ཁྱོད་ཀྱིས 	ཉོན་མོངས 	སྡིག་པ་སྤངས 	།_། 	ཉོན་མོངས 	ཉིད	་ཀྱི 	རང་བཞིན་ཡང 	།_། 	ཁྱོད་ཀྱིས 	བདུད་རྩི 	bstod tshogs ka_.txt	ཁྱོད་ཀྱིས  ཉོན་མོངས  སྡིག་པ་སྤངས  །_།  ཉོན་མོངས  ཉིད ་ཀྱི  རང་བཞིན་ཡང  །_།  ཁྱོད་ཀྱིས  བདུད་རྩི 
 ཉིད ་དུ་བསྒྲུབས 						ཉིད	་དུ་བསྒྲུབས 	།_། 	དཔའ་བོ 	ཁྱོད་ཀྱིས 	གཟུགས 	bstod tshogs ka_.txt	     ཉིད ་དུ་བསྒྲུབས  །_།  དཔའ་བོ  ཁྱོད་ཀྱིས  གཟུགས 
སྐུ  ཉིད ་ཀྱང 	།_། 	མཚན་གྱིས 	འབར་བ 	-འི 	སྐུ 	ཉིད	་ཀྱང 	།_། 	གཟུགས་སུ 	སྤྱོད་ཡུལ 	ཉིད་དུ་མཐོང 	bstod tshogs ka_.txt	།_།  མཚན་གྱིས  འབར་བ  -འི  སྐུ  ཉིད ་ཀྱང  །_།  གཟུགས་སུ  སྤྱོད་ཡུལ  ཉིད་དུ་མཐོང 
ཆོས  ཉིད  མཐོང་བ 	ཆོས 	མཐོང་བ 	-ས་ནི་ཤིན་དུ་ཏུ་མཐོང 	།_། 	ཆོས 	ཉིད 	མཐོང་བ 	མ་ཡིན་ནོ 	།_། 	ཁོང 	སྟོང 	bstod tshogs ka_.txt	ཆོས  མཐོང་བ  -ས་ནི་ཤིན་དུ་ཏུ་མཐོང  །_།  ཆོས  ཉིད  མཐོང་བ  མ་ཡིན་ནོ  །_།  ཁོང  སྟོང 
ཁྱོད  ཉིད  མྱ་ངན 	གདུལ་བྱ 	འགྲོ་བ 	-འི་ཕྱིར 	།_། 	ཁྱོད 	ཉིད 	མྱ་ངན 	འདས་པ 	-ར་བསྟན 	།_། 	གྲངས 	bstod tshogs ka_.txt	གདུལ་བྱ  འགྲོ་བ  -འི་ཕྱིར  །_།  ཁྱོད  ཉིད  མྱ་ངན  འདས་པ  -ར་བསྟན  །_།  གྲངས 
ཁྱོད  ཉིད  ངང་གིས 	གཡོ་བ 	མི 	མངའ་ཡང 	།_། 	ཁྱོད 	ཉིད 	ངང་གིས 	འཇིག་རྟེན་ལ 	།_། 	སངས 	རྒྱས 	bstod tshogs ka_.txt	གཡོ་བ  མི  མངའ་ཡང  །_།  ཁྱོད  ཉིད  ངང་གིས  འཇིག་རྟེན་ལ  །_།  སངས  རྒྱས 
ཁྱོད  ཉིད ་ཞུགས 	གཞོལ་བར 	།_། 	ཐུབ་པ 	ཆེན་པོ 	ཁྱོད 	ཉིད	་ཞུགས 	།_། 	བློ 	ལྡན 	ཁྱོད་ཀྱི 	bstod tshogs ka_.txt	གཞོལ་བར  །_།  ཐུབ་པ  ཆེན་པོ  ཁྱོད  ཉིད ་ཞུགས  །_།  བློ  ལྡན  ཁྱོད་ཀྱི 
བརྙན  ཉིད ་དང 	ཡོད 	མིན་པས 	།_། 	གཟུགས 	བརྙན 	ཉིད	་དང 	མཚུངས་པ་རུ 	།_། 	གསལ 	བར་ཅི་ཡི 	bstod tshogs ka_.txt	ཡོད  མིན་པས  །_།  གཟུགས  བརྙན  ཉིད ་དང  མཚུངས་པ་རུ  །_།  གསལ  བར་ཅི་ཡི 
གཟུགས  ཉིད  གཟུང་བ 	དངོས 	མིག་གི 	ཇི་ལྟར་ཡིན 	།_། 	གཟུགས 	ཉིད 	གཟུང་བ 	-ར 	རབ 	བཀག་པ 	།_། 	bstod tshogs ka_.txt	དངོས  མིག་གི  ཇི་ལྟར་ཡིན  །_།  གཟུགས  ཉིད  གཟུང་བ  -ར  རབ  བཀག་པ  །_། 
གཟུགས  ཉིད  ཁྱོད་ཀྱིས 					གཟུགས 	ཉིད 	ཁྱོད་ཀྱིས 	དེ་ལྟར་གསུངས 	།_། 	ཚོར 	བྱ 	bstod tshogs ka_.txt	    གཟུགས  ཉིད  ཁྱོད་ཀྱིས  དེ་ལྟར་གསུངས  །_།  ཚོར  བྱ 
ཚོར་བ  ཉིད ་ནི 	མེད་པ 	-ར་དེ 	མེད་པས 	།_། 	ཚོར་བ 	ཉིད	་ནི 	བདག་མེད་པས 	།_། 	ཚོར་བ 	དེ་ཡང 	bstod tshogs ka_.txt	མེད་པ  -ར་དེ  མེད་པས  །_།  ཚོར་བ  ཉིད ་ནི  བདག་མེད་པས  །_།  ཚོར་བ  དེ་ཡང 
ཁྱོད  ཉིད ་བཞེད 	།_། 	ཡོད་པ 	མིན་པ 	-ར 	ཁྱོད 	ཉིད	་བཞེད 	།_། 	མིང་དང 	དོན་དག 	ཐ 	bstod tshogs ka_.txt	།_།  ཡོད་པ  མིན་པ  -ར  ཁྱོད  ཉིད ་བཞེད  །_།  མིང་དང  དོན་དག  ཐ 
 ཉིད  ཚིག་པ 	དད་མིན 	།_། 	མེ་ཡིས 	ཁ 		ཉིད 	ཚིག་པ 	-ར་འགྱུར 	།_། 	གཞན 	ན 	bstod tshogs ka_.txt	དད་མིན  །_།  མེ་ཡིས  ཁ   ཉིད  ཚིག་པ  -ར་འགྱུར  །_།  གཞན  ན 
རང་དབང  ཉིད ་ལས་ཀྱང 	གསུང་བ 	ཁྱོད་ཀྱིས་བསྟན 	།_། 	བྱེད་པོ 	རང་དབང 	ཉིད	་ལས་ཀྱང 	།_། 	ཐ 	སྙད་དུ་ནི 	ཁྱོད་ཀྱིས་བསྟན 	bstod tshogs ka_.txt	གསུང་བ  ཁྱོད་ཀྱིས་བསྟན  །_།  བྱེད་པོ  རང་དབང  ཉིད ་ལས་ཀྱང  །_།  ཐ  སྙད་དུ་ནི  ཁྱོད་ཀྱིས་བསྟན 
ཅན  ཉིད ་དུ 	།_། 	ཕན 	ཚུན 	ལྟོས་པ 	ཅན 	ཉིད	་དུ 	།_། 	ཀྲུབ 	གྲུབ་པ 	-ར 	bstod tshogs ka_.txt	།_།  ཕན  ཚུན  ལྟོས་པ  ཅན  ཉིད ་དུ  །_།  ཀྲུབ  གྲུབ་པ  -ར 
མཚན  ཉིད  མཚོན་བྱ 	རང 	དངོས་མེད་ཅེས 	ཁྱོད་ཀྱིས་གསུང 	།_། 	མཚན 	ཉིད 	མཚོན་བྱ 	གཞན 	ཉིད་ན 	།_། 	མཚོན 	bstod tshogs ka_.txt	རང  དངོས་མེད་ཅེས  ཁྱོད་ཀྱིས་གསུང  །_།  མཚན  ཉིད  མཚོན་བྱ  གཞན  ཉིད་ན  །_།  མཚོན 
 ཉིད  མེད་པ 						ཉིད 	མེད་པ 	-ར་འགྱུར 	།_། 	ཐ 	དད 	bstod tshogs ka_.txt	     ཉིད  མེད་པ  -ར་འགྱུར  །_།  ཐ  དད 
གསལ་པོ  ཉིད ་དུ་བསྟན 	-འང 	མེད་དེ་པར 	།_། 	ཁྱོད་ཀྱིས 	གསལ་པོ 	ཉིད	་དུ་བསྟན 	།_། 	མཚན 	ཉིད 	མཚན་བྱ་རྣམ 	bstod tshogs ka_.txt	-འང  མེད་དེ་པར  །_།  ཁྱོད་ཀྱིས  གསལ་པོ  ཉིད ་དུ་བསྟན  །_།  མཚན  ཉིད  མཚན་བྱ་རྣམ 
སྤྱན  ཉིད ་ཀྱིས 	སྤངས་པར 	།_། 	ཁྱོད་ཀྱི 	ཡེ་ཤེས 	སྤྱན 	ཉིད	་ཀྱིས 	།_། 	འགྲོ་བ 	འདི་དག 	ཞི་བ 	bstod tshogs ka_.txt	སྤངས་པར  །_།  ཁྱོད་ཀྱི  ཡེ་ཤེས  སྤྱན  ཉིད ་ཀྱིས  །_།  འགྲོ་བ  འདི་དག  ཞི་བ 
 ཉིད  མི་སྐྱེ 	-ར་མཛད 	།_། 	དངོས་པོ 	ཡོད་པ 		ཉིད 	མི་སྐྱེ 	།_། 	མེད་པ 	-འང 	མ་ཡིན 	bstod tshogs ka_.txt	-ར་མཛད  །_།  དངོས་པོ  ཡོད་པ   ཉིད  མི་སྐྱེ  །_།  མེད་པ  -འང  མ་ཡིན 
ཁྱོད  ཉིད ་བཞེད 	འདྲ 	བ 	-འི 	སྐྱེ་བ 	ཁྱོད 	ཉིད	་བཞེད 	།_། 	ཞིག་དང 	མ 	ཞིག་པ 	bstod tshogs ka_.txt	འདྲ  བ  -འི  སྐྱེ་བ  ཁྱོད  ཉིད ་བཞེད  །_།  ཞིག་དང  མ  ཞིག་པ 
དེ  ཉིད  རིག་པ 	ལ 	-འང 	འཁོར་བ་མེད 	།_། 	དེ 	ཉིད 	རིག་པ 	-འི 	མཆོག 	ཁྱོད་ཀྱིས 	།_། 	bstod tshogs ka_.txt	ལ  -འང  འཁོར་བ་མེད  །_།  དེ  ཉིད  རིག་པ  -འི  མཆོག  ཁྱོད་ཀྱིས  །_། 
དེ  ཉིད  ཁྱོད་ནི 	འབྲེལ 	པར་གང 	འབྱུང་བ 	།_། 	དེ 	ཉིད 	ཁྱོད་ནི 	སྟོང་པ 	-ར་བཞེད 	།_། 	དངོས་པོ 	bstod tshogs ka_.txt	འབྲེལ  པར་གང  འབྱུང་བ  །_།  དེ  ཉིད  ཁྱོད་ནི  སྟོང་པ  -ར་བཞེད  །_།  དངོས་པོ 
སྟོང  ཉིད  བདུད་རྩི 	ཐམས་ཅད 	སྤང་པ 	-འི་ཕྱིར 	།_། 	སྟོང 	ཉིད 	བདུད་རྩི 	སྟོན 	མཛད་ན 	།_། 	གང་ཞིག་དེ་ལ 	bstod tshogs ka_.txt	ཐམས་ཅད  སྤང་པ  -འི་ཕྱིར  །_།  སྟོང  ཉིད  བདུད་རྩི  སྟོན  མཛད་ན  །_།  གང་ཞིག་དེ་ལ 
 ཉིད  ཁྱོད་ཀྱིས 	ཞེན 	གྱུར་པ 	།_། 	དེ 		ཉིད 	ཁྱོད་ཀྱིས 	ཤིན་ཏུ་སྨད 	།_། 	བེམས་པོ 	གཞན་དབང 	bstod tshogs ka_.txt	ཞེན  གྱུར་པ  །_།  དེ   ཉིད  ཁྱོད་ཀྱིས  ཤིན་ཏུ་སྨད  །_།  བེམས་པོ  གཞན་དབང 
 ཉིད  །_། 						ཉིད 	།_། 	སྒྱུ 	མ 	བཞིན་དུ 	རྐྱེན 	bstod tshogs ka_.txt	     ཉིད  །_།  སྒྱུ  མ  བཞིན་དུ  རྐྱེན 
བཞིན  ཉིད ་ནི 	ཇི་ལྟར 	ཕྱིས་དེ་བཞིན 	།_། 	དེ 	བཞིན 	ཉིད	་ནི 	ཐུགས་སུ་ཆུད 	།_། 	འཕགས་པ 	རྣམས་ཀྱིས 	bstod tshogs ka_.txt	ཇི་ལྟར  ཕྱིས་དེ་བཞིན  །_།  དེ  བཞིན  ཉིད ་ནི  ཐུགས་སུ་ཆུད  །_།  འཕགས་པ  རྣམས་ཀྱིས 
 ཉིད ་བསྟན 						ཉིད	་བསྟན 	།_། 	བསྟོད་པ 	-འི 	སྣོད 	bstod tshogs ka_.txt	     ཉིད ་བསྟན  །_།  བསྟོད་པ  -འི  སྣོད 
སེམས  ཉིད ་ཀྱིས་ནི 	གང་གིས 	སེམས་བྱུང 	དྲ་བ་ནི 	།_། 	སེམས 	ཉིད	་ཀྱིས་ནི 	བསལ 	མཛད་དེ 	།_། 	སེམས་ཀྱི 	bstod tshogs ka_.txt	གང་གིས  སེམས་བྱུང  དྲ་བ་ནི  །_།  སེམས  ཉིད ་ཀྱིས་ནི  བསལ  མཛད་དེ  །_།  སེམས་ཀྱི 
 ཉིད ་དག 						ཉིད	་དག 	_། 	སེམས 	ལས་མ 	གཏོགས 	bstod tshogs ka_.txt	     ཉིད ་དག  _།  སེམས  ལས་མ  གཏོགས 
དེ  ཉིད  གསུང་བ 	ཀུན 	སེམས་ཀྱི 	དྲ་བ་རུ 	།_། 	དེ 	ཉིད 	གསུང་བ 	-ས 	བསྟན་པ་ཡིན 	།_། 	རྣམ 	bstod tshogs ka_.txt	ཀུན  སེམས་ཀྱི  དྲ་བ་རུ  །_།  དེ  ཉིད  གསུང་བ  -ས  བསྟན་པ་ཡིན  །_།  རྣམ 
ཙམ  ཉིད ་དེ 	བྱས་པའི 	།_། 	འཁོར་བ 	རྣམ་རྟོག 	ཙམ 	ཉིད	་དེ 	།_། 	རྣམ 	རྟོག 	མེད་པ 	bstod tshogs ka_.txt	བྱས་པའི  །_།  འཁོར་བ  རྣམ་རྟོག  ཙམ  ཉིད ་དེ  །_།  རྣམ  རྟོག  མེད་པ 
བཞིན  ཉིད  དོན 	ལྟ་ན་ཡང 	གང་འདྲ་བས 	།_། 	དེ 	བཞིན 	ཉིད 	དོན 	སྤྱོད་ཡུལ་གྱི 	།_། 	འཇིག 	རྟེན 	bstod tshogs ka_.txt	ལྟ་ན་ཡང  གང་འདྲ་བས  །_།  དེ  བཞིན  ཉིད  དོན  སྤྱོད་ཡུལ་གྱི  །_།  འཇིག  རྟེན 
བདག  ཉིད  ཆེན་པོ 	གྱུར་པ་ལ 	ཕྱག 	འཚལ་ལོ 	།_། 	བདག 	ཉིད 	ཆེན་པོ 	-འི 	སྐུ་གསུམ་གྱི 	།_། 	བསྟོད་པ 	bstod tshogs ka_.txt	གྱུར་པ་ལ  ཕྱག  འཚལ་ལོ  །_།  བདག  ཉིད  ཆེན་པོ  -འི  སྐུ་གསུམ་གྱི  །_།  བསྟོད་པ 
ངོ་བོ  ཉིད  བཤད་པ་ནི 	བྱ་བའོ 	།_། 	དེའི 	རང་གི 	ངོ་བོ 	ཉིད 	བཤད་པ་ནི 	དགོས་པ་སྟེ 	།_ 	དེའི 	རང་གི 	bstod tshogs ka_.txt	བྱ་བའོ  །_།  དེའི  རང་གི  ངོ་བོ  ཉིད  བཤད་པ་ནི  དགོས་པ་སྟེ  །_  དེའི  རང་གི 
ངོ་བོ  ཉིད  བཤད་པ 					ངོ་བོ 	ཉིད 	བཤད་པ 	-འི 	ཕྱིར 	ཚིགས་སུ 	བཅད་པ 	bstod tshogs ka_.txt	    ངོ་བོ  ཉིད  བཤད་པ  -འི  ཕྱིར  ཚིགས་སུ  བཅད་པ 
 ཉིད ་དུ 						ཉིད	་དུ 	འབྲེལ་པའམ 	།_ 	ཚིག་དང 	ཚིག 	bstod tshogs ka_.txt	     ཉིད ་དུ  འབྲེལ་པའམ  །_  ཚིག་དང  ཚིག 
 ཉིད ་དུ 						ཉིད	་དུ 	འབྲེལ་པའམ 	།_ 	སྒྲུབ་པ་དང 	བསྒྲུབ་པ 	bstod tshogs ka_.txt	     ཉིད ་དུ  འབྲེལ་པའམ  །_  སྒྲུབ་པ་དང  བསྒྲུབ་པ 
 ཉིད ་དུ 						ཉིད	་དུ 	འབྲེལ་བའམ 	།_ 	བྱ་བ་དང 	བྱེད་པ 	bstod tshogs ka_.txt	     ཉིད ་དུ  འབྲེལ་བའམ  །_  བྱ་བ་དང  བྱེད་པ 
 ཉིད ་དུ 						ཉིད	་དུ 	འབྲེལ་བ་ནི 	འབྲེལ་བའོ 	།_། 	དེ་ནས 	bstod tshogs ka_.txt	     ཉིད ་དུ  འབྲེལ་བ་ནི  འབྲེལ་བའོ  །_།  དེ་ནས 
 ཉིད ་ཀྱིས 						ཉིད	་ཀྱིས 	སྐུ་གསུམ་གྱི 	དོན་དང 	བྱ་བ 	མཐའ 	bstod tshogs ka_.txt	     ཉིད ་ཀྱིས  སྐུ་གསུམ་གྱི  དོན་དང  བྱ་བ  མཐའ 
མེད་པ  ཉིད ་དོ 	གཅིག་དང 	དུ་མ་སྟེ 	།_ 	གཉིས་ནི་གཉིས 	མེད་པ 	ཉིད	་དོ 	།_། 	དུ 	མ་ནི 	མང་པོ 	bstod tshogs ka_.txt	གཅིག་དང  དུ་མ་སྟེ  །_  གཉིས་ནི་གཉིས  མེད་པ  ཉིད ་དོ  །_།  དུ  མ་ནི  མང་པོ 
 ཉིད ་དེ 						ཉིད	་དེ 	།_ 	གཅིག་དང 	དུ་མ 	-ར 	bstod tshogs ka_.txt	     ཉིད ་དེ  །_  གཅིག་དང  དུ་མ  -ར 
ཐོག་མ  ཉིད ་ནས 	སྐྱེས་པ 	-འོ་ཞེས 	འབྱུང་བ 	-ས་ན་གང 	ཐོག་མ 	ཉིད	་ནས 	མ 	སྐྱེས་པ་དེ་ལ 	གཅིག་དང 	དུ་མ 	bstod tshogs ka_.txt	སྐྱེས་པ  -འོ་ཞེས  འབྱུང་བ  -ས་ན་གང  ཐོག་མ  ཉིད ་ནས  མ  སྐྱེས་པ་དེ་ལ  གཅིག་དང  དུ་མ 
ངོ་བོ  ཉིད ་དོ 	ཡོངས་སུ 	ཆད་པ 	མེད་པ 	-འི 	ངོ་བོ 	ཉིད	་དོ 	།_། 	ཆོས 	ཐམས་ཅད་ཀྱང 	དེ་བཞིན 	bstod tshogs ka_.txt	ཡོངས་སུ  ཆད་པ  མེད་པ  -འི  ངོ་བོ  ཉིད ་དོ  །_།  ཆོས  ཐམས་ཅད་ཀྱང  དེ་བཞིན 
 ཉིད ་ལས 						ཉིད	་ལས 	བྱུང་བ 	-ས་ན 	།_ 	དེའི 	bstod tshogs ka_.txt	     ཉིད ་ལས  བྱུང་བ  -ས་ན  །_  དེའི 
སྟོང་པ  ཉིད ་ལས 	འབྲས་བུའོ 	།_། 	དེ 	བཞིན་དུ 	སྟོང་པ 	ཉིད	་ལས 	གང་ཞིག 	འབྱུང་བ 	-ར 	འགྱུར་བ་ནི 	bstod tshogs ka_.txt	འབྲས་བུའོ  །_།  དེ  བཞིན་དུ  སྟོང་པ  ཉིད ་ལས  གང་ཞིག  འབྱུང་བ  -ར  འགྱུར་བ་ནི 
 ཉིད  ཅན་གྱི 						ཉིད 	ཅན་གྱི 	ཕུན 	སུམ 	ཚོགས་པ 	ཆེན་པོ 	bstod tshogs ka_.txt	     ཉིད  ཅན་གྱི  ཕུན  སུམ  ཚོགས་པ  ཆེན་པོ 
སྟོང་པ  ཉིད ་དུ 	ངོ་བོ 	ཐོག་མ་དང 	ཐ་མ 	མེད་པ 	སྟོང་པ 	ཉིད	་དུ 	བཤད་ན 	།_ 	ཇི 	ལྟར་ན 	bstod tshogs ka_.txt	ངོ་བོ  ཐོག་མ་དང  ཐ་མ  མེད་པ  སྟོང་པ  ཉིད ་དུ  བཤད་ན  །_  ཇི  ལྟར་ན 
 ཉིད ་ནི 						ཉིད	་ནི 	དེ་ལྟ་བུའོ 	།_། 	དེ 	བས་ན 	bstod tshogs ka_.txt	     ཉིད ་ནི  དེ་ལྟ་བུའོ  །_།  དེ  བས་ན 
དག  ཉིད ་ལ 	བྱ་བ 	གང་ཡང་མེད 	།_། 	ཡང 	དག 	ཉིད	་ལ 	ཡང་དག་ལྟ 	།_། 	ཡང 	དག 	bstod tshogs ka_.txt	བྱ་བ  གང་ཡང་མེད  །_།  ཡང  དག  ཉིད ་ལ  ཡང་དག་ལྟ  །_།  ཡང  དག 
དེ  ཉིད ་ཀྱིས 	འདས་པ 	-ར 	གྱུར་པའོ 	།_། 	དེ 	ཉིད	་ཀྱིས 	ནམ་མཁའ 	ལྟར 	རོ་གཅིག་པ་སྟེ 	།_ 	bstod tshogs ka_.txt	འདས་པ  -ར  གྱུར་པའོ  །_།  དེ  ཉིད ་ཀྱིས  ནམ་མཁའ  ལྟར  རོ་གཅིག་པ་སྟེ  །_ 
དེ  ཉིད ་ཀྱིས་ན 	ནམ་མཁའ 	ལྟར 	རོ་གཅིག་ཅེས་བྱའོ 	།_། 	དེ 	ཉིད	་ཀྱིས་ན 	རྟོགས་པ 	-ར 	དཀའ་བ 	-འི 	bstod tshogs ka_.txt	ནམ་མཁའ  ལྟར  རོ་གཅིག་ཅེས་བྱའོ  །_།  དེ  ཉིད ་ཀྱིས་ན  རྟོགས་པ  -ར  དཀའ་བ  -འི 
བྲལ་བ  ཉིད ་དོ 	མེད་པ 	གཉི་ག་དང 	གཞན་ལས 	བཙལ་བ་དང 	བྲལ་བ 	ཉིད	་དོ 	།_། 	དེ 	བས་ན 	གོས་པ 	bstod tshogs ka_.txt	མེད་པ  གཉི་ག་དང  གཞན་ལས  བཙལ་བ་དང  བྲལ་བ  ཉིད ་དོ  །_།  དེ  བས་ན  གོས་པ 
བྲལ་བ  ཉིད ་དོ 	-འི 	ཉེས་པ 	-འི 	དྲི་མ་དང 	བྲལ་བ 	ཉིད	་དོ 	།_། 	དེ 	ཉིད་ཀྱིས་ན 	མི་འགྱུར་བ་སྟེ 	bstod tshogs ka_.txt	-འི  ཉེས་པ  -འི  དྲི་མ་དང  བྲལ་བ  ཉིད ་དོ  །_།  དེ  ཉིད་ཀྱིས་ན  མི་འགྱུར་བ་སྟེ 
 ཉིད ་ལ 	རང་གི 	ངོ་བོ 				ཉིད	་ལ 	མི 	འཕོ་བའོ 	།_། 	ཞི་བ་ནི 	bstod tshogs ka_.txt	རང་གི  ངོ་བོ     ཉིད ་ལ  མི  འཕོ་བའོ  །_།  ཞི་བ་ནི 
 ཉིད ་དོ 						ཉིད	་དོ 	།_། 	ཁྱད 	པར་ཇི 	ལྟ་བུ 	bstod tshogs ka_.txt	     ཉིད ་དོ  །_།  ཁྱད  པར་ཇི  ལྟ་བུ 
དེ  ཉིད ་ཀྱིས་ན་དེ 	འཇུག་པ 	-ས་ན 	རྒྱ་ཆེ་བའོ 	།_། 	དེ 	ཉིད	་ཀྱིས་ན་དེ 	རྒྱུན 	མི་འཆད་པ 	-ར 	སྤྲོ་བ 	bstod tshogs ka_.txt	འཇུག་པ  -ས་ན  རྒྱ་ཆེ་བའོ  །_།  དེ  ཉིད ་ཀྱིས་ན་དེ  རྒྱུན  མི་འཆད་པ  -ར  སྤྲོ་བ 
 ཉིད ་ཇི 						ཉིད	་ཇི 	ལྟ་བ 	བཞིན་དུ 	བརྙེས་ཤིང 	ཐུགས་སུ 	bstod tshogs ka_.txt	     ཉིད ་ཇི  ལྟ་བ  བཞིན་དུ  བརྙེས་ཤིང  ཐུགས་སུ 
ཆུབ་པ  ཉིད ་དུའོ 	ཆུབ 	ཅེས་པ་སྟེ 	།_ 	བྱང 	ཆུབ་པ 	ཉིད	་དུའོ 	།_། 	ཆོས་ཀྱི 	འཁོར་ལོ་ནི་བཱ་རཱ་ཎ་སཱིར 	དྲང་སྲོང 	bstod tshogs ka_.txt	ཆུབ  ཅེས་པ་སྟེ  །_  བྱང  ཆུབ་པ  ཉིད ་དུའོ  །_།  ཆོས་ཀྱི  འཁོར་ལོ་ནི་བཱ་རཱ་ཎ་སཱིར  དྲང་སྲོང 
 ཉིད ་དུ 						ཉིད	་དུ 	སྟོན་པའོ 	།_། 	བྱེ 	བྲག་ཇི 	bstod tshogs ka_.txt	     ཉིད ་དུ  སྟོན་པའོ  །_།  བྱེ  བྲག་ཇི 
 ཉིད ་ཀྱིས 						ཉིད	་ཀྱིས 	བསོད་ནམས་དང 	ཡེ་ཤེས་ཀྱི 	ཚོགས 	ཡོངས་སུ 	bstod tshogs ka_.txt	     ཉིད ་ཀྱིས  བསོད་ནམས་དང  ཡེ་ཤེས་ཀྱི  ཚོགས  ཡོངས་སུ 
དེ  ཉིད ་ཀྱི 	བྱ་བ 	-འི 	དོན་ཏོ 	།_། 	དེ 	ཉིད	་ཀྱི 	ཕྱིར་ན 	།_ 	འོག 	མིན 	bstod tshogs ka_.txt	བྱ་བ  -འི  དོན་ཏོ  །_།  དེ  ཉིད ་ཀྱི  ཕྱིར་ན  །_  འོག  མིན 
ཆོས་ཅན  ཉིད  ཡིན་པ 	མི་ལྡོག 	པར 	གཤེགས་པ 	-འི 	ཆོས་ཅན 	ཉིད 	ཡིན་པ 	-ས་ན 	བདེ་བ 	-ར 	གཤེགས་པའོ 	bstod tshogs ka_.txt	མི་ལྡོག  པར  གཤེགས་པ  -འི  ཆོས་ཅན  ཉིད  ཡིན་པ  -ས་ན  བདེ་བ  -ར  གཤེགས་པའོ 
 ཉིད ་ཀྱི 	།_། 	ཡང་ན 				ཉིད	་ཀྱི 	དོན 	མཐའ 	-ར 	ཕྱིན་པ 	bstod tshogs ka_.txt	།_།  ཡང་ན     ཉིད ་ཀྱི  དོན  མཐའ  -ར  ཕྱིན་པ 
 ཉིད  ཅན་གྱི 						ཉིད 	ཅན་གྱི 	སྐུ་གསུམ 	ཐོབ་ཅིང 	རེག་ནས 	འགྲོ་བ 	bstod tshogs ka_.txt	     ཉིད  ཅན་གྱི  སྐུ་གསུམ  ཐོབ་ཅིང  རེག་ནས  འགྲོ་བ 
ང  ཉིད  སེམས་ཅན 	བདེ་བ 	-ར 	གཤེགས་པ་མཆོད 	།_། 	ང 	ཉིད 	སེམས་ཅན 	ཕན 	འདོགས 	གྱུར་པ 	-ས 	bstod tshogs ka_.txt	བདེ་བ  -ར  གཤེགས་པ་མཆོད  །_།  ང  ཉིད  སེམས་ཅན  ཕན  འདོགས  གྱུར་པ  -ས 
 ཉིད  ཅན་ནམ 						ཉིད 	ཅན་ནམ 	གཞན་ལ 	རྣམ་པ 	-ར 	འཚེ་བ 	bstod tshogs ka_.txt	     ཉིད  ཅན་ནམ  གཞན་ལ  རྣམ་པ  -ར  འཚེ་བ 
རྣམས  ཉིད  དུ་མ 	གླང་པོ་ལ 	སོགས 	འགྲོ་བ 	སེམས་ཅན 	རྣམས 	ཉིད 	དུ་མ 	ང་ཡིས 	སྦྱིན་པ་བྱས 	།_། 	སེམས 	bstod tshogs ka_.txt	གླང་པོ་ལ  སོགས  འགྲོ་བ  སེམས་ཅན  རྣམས  ཉིད  དུ་མ  ང་ཡིས  སྦྱིན་པ་བྱས  །_།  སེམས 
 ཉིད ་དུ་ཡང 	ཅན 	རྣམས 	ཉིད 	སྣོད 		ཉིད	་དུ་ཡང 	ཉེ་བ 	-ར 	གྱུར་པ 	-ས 	bstod tshogs ka_.txt	ཅན  རྣམས  ཉིད  སྣོད   ཉིད ་དུ་ཡང  ཉེ་བ  -ར  གྱུར་པ  -ས 
རྣམས  ཉིད  སྣ་ཚོགས 	-ས་བསྡུས 	།_། 	སེམས 	ཅན 	རྣམས 	ཉིད 	སྣ་ཚོགས 	དངོས་པོ 	-ར 	གྱུར་པ 	-ས 	bstod tshogs ka_.txt	-ས་བསྡུས  །_།  སེམས  ཅན  རྣམས  ཉིད  སྣ་ཚོགས  དངོས་པོ  -ར  གྱུར་པ  -ས 
རྣམས  ཉིད  བསྲུང 	-ར་གྱུར 	།_། 	གལ་ཏེ 	སེམས་ཅན 	རྣམས 	ཉིད 	བསྲུང 	མ 	བྱས་ན་གང་གི 	དོན་དུ 	དོན 	bstod tshogs ka_.txt	-ར་གྱུར  །_།  གལ་ཏེ  སེམས་ཅན  རྣམས  ཉིད  བསྲུང  མ  བྱས་ན་གང་གི  དོན་དུ  དོན 
 ཉིད  ཆེན་པོ 						ཉིད 	ཆེན་པོ 	ངོ་མཚར 	ཆེ་བ 	འཁོར་བ 	-འི 	bstod tshogs ka_.txt	     ཉིད  ཆེན་པོ  ངོ་མཚར  ཆེ་བ  འཁོར་བ  -འི 
བདག  ཉིད  ཆེན་པོ 	-འི 	བདག་ཉིད 	མཉམ་མེད་པའི 	།_། 	བདག 	ཉིད 	ཆེན་པོ 	-ར 	བདེ་བླག་འགྲོ 	།_། 	ལན་ཅིག 	bstod tshogs ka_.txt	-འི  བདག་ཉིད  མཉམ་མེད་པའི  །_།  བདག  ཉིད  ཆེན་པོ  -ར  བདེ་བླག་འགྲོ  །_།  ལན་ཅིག 
 ཉིད ་ཅན 						ཉིད	་ཅན 	།_། 	དཔའ་བོ 	དག་ནི 	ཐམས་ཅད་ཀྱི 	bstod tshogs ka_.txt	     ཉིད ་ཅན  །_།  དཔའ་བོ  དག་ནི  ཐམས་ཅད་ཀྱི 
ཁྱོད  ཉིད  གཅིག་པུ 	དེ་བཞིན 	གཤེགས 	རྣམས་ཀྱིས 	།_། 	ཁྱོད 	ཉིད 	གཅིག་པུ 	ཚུལ་མང་དུ 	།_། 	སྣ 	ཚོགས 	bstod tshogs ka_.txt	དེ་བཞིན  གཤེགས  རྣམས་ཀྱིས  །_།  ཁྱོད  ཉིད  གཅིག་པུ  ཚུལ་མང་དུ  །_།  སྣ  ཚོགས 
ཁྱོད  ཉིད  བྱིས་པ 	མཇལ་ན 	འཇིག་པ 	-ར་འགྱུར 	།_། 	ཁྱོད 	ཉིད 	བྱིས་པ 	རྣམས་ལ་ནི 	།_། 	སྐྲག 	བྱེད 	bstod tshogs ka_.txt	མཇལ་ན  འཇིག་པ  -ར་འགྱུར  །_།  ཁྱོད  ཉིད  བྱིས་པ  རྣམས་ལ་ནི  །_།  སྐྲག  བྱེད 
ཁྱོད  ཉིད  མཐོང་ན 	-ར 	རྨད་བྱུང 	ཆེན་པོ་ལགས 	།_། 	ཁྱོད 	ཉིད 	མཐོང་ན 	འཆིང 	འགྱུར་ཞིང 	།_། 	མ 	bstod tshogs ka_.txt	-ར  རྨད་བྱུང  ཆེན་པོ་ལགས  །_།  ཁྱོད  ཉིད  མཐོང་ན  འཆིང  འགྱུར་ཞིང  །_།  མ 
ཁྱོད  ཉིད  མཐོང་ན 	མཐོང་ན་ཡང 	འཆིང་བ 	-ར་འགྱུར 	།_། 	ཁྱོད 	ཉིད 	མཐོང་ན 	གྲོལ 	འགྱུར་ཞིང 	།_། 	མ 	bstod tshogs ka_.txt	མཐོང་ན་ཡང  འཆིང་བ  -ར་འགྱུར  །_།  ཁྱོད  ཉིད  མཐོང་ན  གྲོལ  འགྱུར་ཞིང  །_།  མ 
ཁྱོད  ཉིད  གཅིག་པུ 	རྣམས་ཀྱིས 	ངེས 	བསྟེན་མ 	།_། 	ཁྱོད 	ཉིད 	གཅིག་པུ 	ཐར་པ 	-འི་ལམ 	།_། 	དེ 	bstod tshogs ka_.txt	རྣམས་ཀྱིས  ངེས  བསྟེན་མ  །_།  ཁྱོད  ཉིད  གཅིག་པུ  ཐར་པ  -འི་ལམ  །_།  དེ 
མེད་པ  ཉིད ་དུ་གསུངས 	དངོས་པོ 	རྟེན་འབྱུང་རྣམས 	།_། 	ངོ་བོ 	མེད་པ 	ཉིད	་དུ་གསུངས 	།_། 	ཡེ 	ཤེས 	མཉམ་མེད 	bstod tshogs ka_.txt	དངོས་པོ  རྟེན་འབྱུང་རྣམས  །_།  ངོ་བོ  མེད་པ  ཉིད ་དུ་གསུངས  །_།  ཡེ  ཤེས  མཉམ་མེད 
།_།  ཉིད ་ཀྱིས 	ཇི 	ལྟར 	ཁྱོད་ཀྱིས 	ཐེག་ཆེན་ལ 	།_། 	ཉིད	་ཀྱིས 	ཆོས་ལ 	བདག་མེད་རྟོགས 	།_། 	དེ 	bstod tshogs ka_.txt	ཇི  ལྟར  ཁྱོད་ཀྱིས  ཐེག་ཆེན་ལ  །_།  ཉིད ་ཀྱིས  ཆོས་ལ  བདག་མེད་རྟོགས  །_།  དེ 
ང་བོ  ཉིད ་ཀྱིས་དེ 	ལགས 	པར 	ཁྱོད་ཀྱིས་གསུངས 	།_། 	ང་བོ 	ཉིད	་ཀྱིས་དེ 	མ་སྐྱེས 	།_། 	དེ 	ཕྱིར 	bstod tshogs ka_.txt	ལགས  པར  ཁྱོད་ཀྱིས་གསུངས  །_།  ང་བོ  ཉིད ་ཀྱིས་དེ  མ་སྐྱེས  །_།  དེ  ཕྱིར 
རང  ཉིད  ཡོད་ན 	།_། 	གཞན་ལས་ཀྱང་ནི 	འབྱུང་བ་མེད 	།_། 	རང 	ཉིད 	ཡོད་ན 	གཞན 	ཡོད་འགྱུར 	།_། 	གཞན 	bstod tshogs ka_.txt	།_།  གཞན་ལས་ཀྱང་ནི  འབྱུང་བ་མེད  །_།  རང  ཉིད  ཡོད་ན  གཞན  ཡོད་འགྱུར  །_།  གཞན 
 ཉིད  ཡོད་ན 						ཉིད 	ཡོད་ན 	རང་ཉིད་ཡོད 	།_། 	དེ 	དག 	bstod tshogs ka_.txt	     ཉིད  ཡོད་ན  རང་ཉིད་ཡོད  །_།  དེ  དག 
མ  ཉིད ་ནས 	དོན་གྱི 	ཐེག་པ་ཅི་ཞིག་མཆིས 	།_། 	གདོད 	མ 	ཉིད	་ནས 	མཉམ 	གྱུར་པ 	།_། 	རང 	bstod tshogs ka_.txt	དོན་གྱི  ཐེག་པ་ཅི་ཞིག་མཆིས  །_།  གདོད  མ  ཉིད ་ནས  མཉམ  གྱུར་པ  །_།  རང 
ངོ་བོ  ཉིད  མེད་པ 	ལྡན 	ཁྱོད་ཀྱིས 	གཟུགས་ལ་སོགས 	།_། 	ངོ་བོ 	ཉིད 	མེད་པ 	-ར 	བསྟན་པ 	།_། 	དབུ 	bstod tshogs ka_.txt	ལྡན  ཁྱོད་ཀྱིས  གཟུགས་ལ་སོགས  །_།  ངོ་བོ  ཉིད  མེད་པ  -ར  བསྟན་པ  །_།  དབུ 
ཚད་མ  ཉིད ་ཀྱང 	།_། 	དབང་པོ 	རྣམས་ནི་བེམས་པོ་དང 	_།_། 	ཚད་མ 	ཉིད	་ཀྱང 	མ་ཡིན་དང 	_།_། 	ལུང 	མ 	bstod tshogs ka_.txt	།_།  དབང་པོ  རྣམས་ནི་བེམས་པོ་དང  _།_།  ཚད་མ  ཉིད ་ཀྱང  མ་ཡིན་དང  _།_།  ལུང  མ 
བསྟན་པ  ཉིད ་དང་ནི 					བསྟན་པ 	ཉིད	་དང་ནི 	།_། 	ལོག 	པར 	ཡོངས་ཤེས 	bstod tshogs ka_.txt	    བསྟན་པ  ཉིད ་དང་ནི  །_།  ལོག  པར  ཡོངས་ཤེས 
སྐྱེས་པ  ཉིད  ན 	།_། 	དོན་དུ་གཟོད་ནས 	ཞི་བ་ཉིད 	།_། 	སྐྱེས་པ 	ཉིད 	ན 	-འང 	མ 	སྐྱེས་པ 	།_། 	bstod tshogs ka_.txt	།_།  དོན་དུ་གཟོད་ནས  ཞི་བ་ཉིད  །_།  སྐྱེས་པ  ཉིད  ན  -འང  མ  སྐྱེས་པ  །_། 
བཞིན  ཉིད ་དང 	དེ་ཉིད 	དོན་དང་ནི 	།_། 	དེ 	བཞིན 	ཉིད	་དང 	རྫས་སུ་བཞེད 	།_། 	དེ་ནི 	ཡང་དག 	bstod tshogs ka_.txt	དེ་ཉིད  དོན་དང་ནི  །_།  དེ  བཞིན  ཉིད ་དང  རྫས་སུ་བཞེད  །_།  དེ་ནི  ཡང་དག 
བདག  ཉིད ་དང་ནི 	དོན་དུ 	ཐ 	མི་དད 	།_། 	བདག 	ཉིད	་དང་ནི 	གཞན 	རྣམས་དང 	_།_། 	དེས་ན 	bstod tshogs ka_.txt	དོན་དུ  ཐ  མི་དད  །_།  བདག  ཉིད ་དང་ནི  གཞན  རྣམས་དང  _།_།  དེས་ན 
ངོ་བོ  ཉིད ་དང 	-འི 	དོན་ནི 	བཅོས་མ་ཡིན 	།_། 	ངོ་བོ 	ཉིད	་དང 	རང་བཞིན་དང 	_།_། 	ཡང་དག 	རྫས 	bstod tshogs ka_.txt	-འི  དོན་ནི  བཅོས་མ་ཡིན  །_།  ངོ་བོ  ཉིད ་དང  རང་བཞིན་དང  _།_།  ཡང་དག  རྫས 
 ཉིད  །_། 						ཉིད 	།_། 	གཞན་གྱི 	དབང་ནི 	ཡོད 	མ་ལགས 	bstod tshogs ka_.txt	     ཉིད  །_།  གཞན་གྱི  དབང་ནི  ཡོད  མ་ལགས 
རྟག་པ  ཉིད ་ཀྱང 	ཤེས་པ 	-ས 	ཆད་པ་མེད 	།_། 	རྟག་པ 	ཉིད	་ཀྱང 	མེད་པ 	-ར་བཤད 	།_། 	འགྲོ་བ 	bstod tshogs ka_.txt	ཤེས་པ  -ས  ཆད་པ་མེད  །_།  རྟག་པ  ཉིད ་ཀྱང  མེད་པ  -ར་བཤད  །_།  འགྲོ་བ 
མེད་པ  ཉིད  བསྟན་པ 	ཆོས་ནི 	བསྟན་པ་ལགས 	།_། 	ངོ་བོ 	མེད་པ 	ཉིད 	བསྟན་པ 	།_། 	དེ་ནི 	ཡང་དག 	དམ་པ་ལགས 	bstod tshogs ka_.txt	ཆོས་ནི  བསྟན་པ་ལགས  །_།  ངོ་བོ  མེད་པ  ཉིད  བསྟན་པ  །_།  དེ་ནི  ཡང་དག  དམ་པ་ལགས 
སྟོང་པ  ཉིད ་དང 	རྨད 	བྱུང་དེ་ནི 	ཁྱོད་ཀྱིས་གསུངས 	།_། 	སྟོང་པ 	ཉིད	་དང 	ཆེས་ཟབ་པའི 	།_། 	ཆོས་ཀྱི 	རྔ་ཆེན 	bstod tshogs ka_.txt	རྨད  བྱུང་དེ་ནི  ཁྱོད་ཀྱིས་གསུངས  །_།  སྟོང་པ  ཉིད ་དང  ཆེས་ཟབ་པའི  །_།  ཆོས་ཀྱི  རྔ་ཆེན 
 ཉིད  མེད 	བརྡུངས་པ་ལགས 	།_། 	ངོ་བོ 			ཉིད 	མེད 	སྒྲ་བོ་ཆེའི 	།_། 	ཆོས་ཀྱི 	དུང་ནི 	bstod tshogs ka_.txt	བརྡུངས་པ་ལགས  །_།  ངོ་བོ    ཉིད  མེད  སྒྲ་བོ་ཆེའི  །_།  ཆོས་ཀྱི  དུང་ནི 
 ཉིད  །_། 						ཉིད 	།_། 	ངེས་པ 	-འི 	དོན་ཏོ་ཞེས་ཀྱང་བསྟན 	།_། 	bstod tshogs ka_.txt	     ཉིད  །_།  ངེས་པ  -འི  དོན་ཏོ་ཞེས་ཀྱང་བསྟན  །_། 
ངོ་བོ  ཉིད ་ཀྱིས 	མ 	ལོག་པ་ནི 	ངོ་མཚར་ལགས 	།_། 	ངོ་བོ 	ཉིད	་ཀྱིས 	མ 	སྐྱེས་ཤིང 	།_། 	ཚིག་ལས 	bstod tshogs ka_.txt	མ  ལོག་པ་ནི  ངོ་མཚར་ལགས  །_།  ངོ་བོ  ཉིད ་ཀྱིས  མ  སྐྱེས་ཤིང  །_།  ཚིག་ལས 
གཞན  ཉིད  སྤངས་པ 	མིན་གཉིས 	མིན་ཞེས་ཀྱང་གསུངས 	།_། 	གཅིག་དང 	གཞན 	ཉིད 	སྤངས་པ 	-ས་ན 	།_། 	ཇི 	ལྟ་བུ 	bstod tshogs ka_.txt	མིན་གཉིས  མིན་ཞེས་ཀྱང་གསུངས  །_།  གཅིག་དང  གཞན  ཉིད  སྤངས་པ  -ས་ན  །_།  ཇི  ལྟ་བུ 
 ཉིད  མཆིས་པ 						ཉིད 	མཆིས་པ 	-ར་འགྱུར 	།_། 	དེ 	དག་གི་ཡང 	bstod tshogs ka_.txt	     ཉིད  མཆིས་པ  -ར་འགྱུར  །_།  དེ  དག་གི་ཡང 
ཁྱོད  ཉིད  གསུངས་ན 	སེང་གེ 	-ས 	དེ་སྐད་དུ 	།_། 	ཁྱོད 	ཉིད 	གསུངས་ན 	སེང་གེ་ཡིས 	།_། 	འབིགས 	བྱེད 	bstod tshogs ka_.txt	སེང་གེ  -ས  དེ་སྐད་དུ  །_།  ཁྱོད  ཉིད  གསུངས་ན  སེང་གེ་ཡིས  །_།  འབིགས  བྱེད 
མེད་པ  ཉིད  ལ 	ཁྱོད་ལ 	བརྟེན་ནས 	ཡོད་པ་དང 	།_། 	མེད་པ 	ཉིད 	ལ 	-འང 	རྟེན 	མ་ལགས 	།_། 	bstod tshogs ka_.txt	ཁྱོད་ལ  བརྟེན་ནས  ཡོད་པ་དང  །_།  མེད་པ  ཉིད  ལ  -འང  རྟེན  མ་ལགས  །_། 
དེ  ཉིད  རིག་པ 	ཡང་དག 	རིག་པ 	-འི་མཆོག 	_། 	དེ 	ཉིད 	རིག་པ 	ཁྱོད 	བསྟོད་པའི 	།_། 	བདག་གིས 	bstod tshogs ka_.txt	ཡང་དག  རིག་པ  -འི་མཆོག  _།  དེ  ཉིད  རིག་པ  ཁྱོད  བསྟོད་པའི  །_།  བདག་གིས 
 ཉིད ་ལས 						ཉིད	་ལས 	རིང་བ 	།_། 	དངོས་དང 	དངོས་པོ 	bstod tshogs ka_.txt	     ཉིད ་ལས  རིང་བ  །_།  དངོས་དང  དངོས་པོ 
ངོ་བོ  ཉིད ་ཀྱིས 	གུས་པ 	-ས 	བླ་མ་བསྟོད 	།_། 	ངོ་བོ 	ཉིད	་ཀྱིས 	མ 	སྐྱེས་ཏེ 	།_། 	ཁྱོད་ལ 	bstod tshogs ka_.txt	གུས་པ  -ས  བླ་མ་བསྟོད  །_།  ངོ་བོ  ཉིད ་ཀྱིས  མ  སྐྱེས་ཏེ  །_།  ཁྱོད་ལ 
ཟབ་པ  ཉིད  བརྟེན་པ 	-ར 	ཐུགས་སུ་ཆུད 	།_། 	མཆོག་ཏུ 	ཟབ་པ 	ཉིད 	བརྟེན་པ 	།_། 	ཟབ་པ 	ཁྱོད་ལ 	ཕྱག 	bstod tshogs ka_.txt	-ར  ཐུགས་སུ་ཆུད  །_།  མཆོག་ཏུ  ཟབ་པ  ཉིད  བརྟེན་པ  །_།  ཟབ་པ  ཁྱོད་ལ  ཕྱག 
གདུངས་པ  ཉིད ་དུ 	ཞེན་ན་ཡང 	།_། 	ཕོངས་པ 	-ས 	གདུངས་པ 	ཉིད	་དུ 	ཅི་ཕྱིར་འགྱུར 	།_། 	ཐུགས 	རྗེ 	bstod tshogs ka_.txt	ཞེན་ན་ཡང  །_།  ཕོངས་པ  -ས  གདུངས་པ  ཉིད ་དུ  ཅི་ཕྱིར་འགྱུར  །_།  ཐུགས  རྗེ 
 ཉིད  ལྡན་པ 						ཉིད 	ལྡན་པ 	ཁྱེད་ཀྱི་ནི 	།_། 	པདྨ 	ལྟ་བུ 	bstod tshogs ka_.txt	     ཉིད  ལྡན་པ  ཁྱེད་ཀྱི་ནི  །_།  པདྨ  ལྟ་བུ 
སྣང  ཉིད ་དུ་འགྱུར 	།_། 	ཐག 	རིང་དུ་ནི 	མི 	སྣང 	ཉིད	་དུ་འགྱུར 	།_། 	ཁྱེད་ཀྱི 	སྙན་ནི 	མ 	bstod tshogs ka_.txt	།_།  ཐག  རིང་དུ་ནི  མི  སྣང  ཉིད ་དུ་འགྱུར  །_།  ཁྱེད་ཀྱི  སྙན་ནི  མ 
བདག་པོ  ཉིད  གྱུར་ཅིག 	གྱུར་ཅིང 	།_། 	སྐྱེ་བ 	ཀུན་དུ 	བདག་པོ 	ཉིད 	གྱུར་ཅིག 	_། 	རྗེ་བཙུན 	འཕགས་པ 	འཇམ་དཔལ་གྱི 	bstod tshogs ka_.txt	གྱུར་ཅིང  །_།  སྐྱེ་བ  ཀུན་དུ  བདག་པོ  ཉིད  གྱུར་ཅིག  _།  རྗེ་བཙུན  འཕགས་པ  འཇམ་དཔལ་གྱི 
 ཉིད  །_། 						ཉིད 	།_། 	སངས 	རྒྱས 	ཆོས་སྐུ 	མཁའ 	bstod tshogs ka_.txt	     ཉིད  །_།  སངས  རྒྱས  ཆོས་སྐུ  མཁའ 
དྲུང་དུ  ཉིད ་ལ་ཉིད 	།_། 	མཆོད 	རྟེན 	རྣམ་དག 	དྲུང་དུ 	ཉིད	་ལ་ཉིད 	།_། 	རབ་ཏུ 	བྱུང་བ 	-ར 	bstod tshogs ka_.txt	།_།  མཆོད  རྟེན  རྣམ་དག  དྲུང་དུ  ཉིད ་ལ་ཉིད  །_།  རབ་ཏུ  བྱུང་བ  -ར 
དག  ཉིད ་དུ 	ཕྱག 	འཚལ་ལོ 	།_། 	ཡང 	དག 	ཉིད	་དུ 	འཇིག་པ 	མེད 	ཕྱིར་དང 	།_། 	bstod tshogs ka_.txt	ཕྱག  འཚལ་ལོ  །_།  ཡང  དག  ཉིད ་དུ  འཇིག་པ  མེད  ཕྱིར་དང  །_། 
དེ  ཉིད ་དུ་ནི 	ཐོབ 	བྱ 	-འི་ཕྱིར 	།_། 	དེ 	ཉིད	་དུ་ནི 	རིང་བསྲེལ་མང 	སྤྲུལ་ནས 	།_། 	ཆ 	bstod tshogs ka_.txt	ཐོབ  བྱ  -འི་ཕྱིར  །_།  དེ  ཉིད ་དུ་ནི  རིང་བསྲེལ་མང  སྤྲུལ་ནས  །_།  ཆ 
གཤེགས  ཉིད ་ཀྱི 	ཀུན་གྱི 	སྤྱོད་པ་ཡང 	།_། 	བདེ 	གཤེགས 	ཉིད	་ཀྱི 	སྤྱོད་དང 	མཚུངས་པ 	-ར་ཤོག 	_། 	bstod tshogs ka_.txt	ཀུན་གྱི  སྤྱོད་པ་ཡང  །_།  བདེ  གཤེགས  ཉིད ་ཀྱི  སྤྱོད་དང  མཚུངས་པ  -ར་ཤོག  _། 
དེ  ཉིད ་ལ་ནི 	གལ་ཏེ 	སེམས་ཤིག 	ཡོད་ན་ནི 	།_། 	དེ 	ཉིད	་ལ་ནི 	སྐྱབས་འགྲོ་ཞིང 	།_། 	དེ 	བསྟོད་དེ་ནི 	bstod tshogs ka_.txt	གལ་ཏེ  སེམས་ཤིག  ཡོད་ན་ནི  །_།  དེ  ཉིད ་ལ་ནི  སྐྱབས་འགྲོ་ཞིང  །_།  དེ  བསྟོད་དེ་ནི 
མི  ཉིད  བདག་གིས 	ཆོས 	དགའ་སྟོན་ཆེར 	བཅས་པའི 	།_། 	མི 	ཉིད 	བདག་གིས 	ཐོབ་ནས་ནི 	།_། 	མང་དུ 	བཅད་པ 	bstod tshogs ka_.txt	ཆོས  དགའ་སྟོན་ཆེར  བཅས་པའི  །_།  མི  ཉིད  བདག་གིས  ཐོབ་ནས་ནི  །_།  མང་དུ  བཅད་པ 
རྟག  ཉིད ་དང 	བསླུས་པ 	-ར་གྱུར 	།_། 	མི 	རྟག 	ཉིད	་དང 	རྗེས 	འབྲང་ཞིང 	།_། 	ལས་ཀྱི 	bstod tshogs ka_.txt	བསླུས་པ  -ར་གྱུར  །_།  མི  རྟག  ཉིད ་དང  རྗེས  འབྲང་ཞིང  །_།  ལས་ཀྱི 
 ཉིད ་ཀྱིས་གོ 						ཉིད	་ཀྱིས་གོ 	།_། 	སྙིང་པོ 	ཅི་ཕྱིར 	བླང 	bstod tshogs ka_.txt	     ཉིད ་ཀྱིས་གོ  །_།  སྙིང་པོ  ཅི་ཕྱིར  བླང 
དེ  ཉིད ་དང་ནི 	བདེ་བ 	-ས 	གཞན་དབང་ཕྱིར 	།_། 	དེ 	ཉིད	་དང་ནི 	ངེས་པ 	-ར་སྦྱར 	།_། 	སྤྱོད་དམ 	bstod tshogs ka_.txt	བདེ་བ  -ས  གཞན་དབང་ཕྱིར  །_།  དེ  ཉིད ་དང་ནི  ངེས་པ  -ར་སྦྱར  །_།  སྤྱོད་དམ 
 ཉིད ་ཀྱིས 						ཉིད	་ཀྱིས 	ཞལ་གྱིས་བཞེས 	།_། 	སྙིང 	རྗེ 	bstod tshogs ka_.txt	     ཉིད ་ཀྱིས  ཞལ་གྱིས་བཞེས  །_།  སྙིང  རྗེ 
།_།  ཉིད ་ཀྱི 	བ 	སྤུ 	དུ་མ 	ལྡང་དང་བཅས 	།_། 	ཉིད	་ཀྱི 	ཤ་ཡང 	སྩོལ 	མཛད་ན 	།_། 	bstod tshogs ka_.txt	བ  སྤུ  དུ་མ  ལྡང་དང་བཅས  །_།  ཉིད ་ཀྱི  ཤ་ཡང  སྩོལ  མཛད་ན  །_། 
 ཉིད  སྤངས་ནས་ནི 						ཉིད 	སྤངས་ནས་ནི 	།_། 	གཞན་ལ 	བདག་ཉིད 	བླངས་པ 	bstod tshogs ka_.txt	     ཉིད  སྤངས་ནས་ནི  །_།  གཞན་ལ  བདག་ཉིད  བླངས་པ 
།_།  ཉིད ་ཀྱི 	།_། 	དགྱེས་པ 	མི 	ཉམས་ལྡན་པ་ཡིས 	།_། 	ཉིད	་ཀྱི 	སྐུ་དང 	སྲོག 	དག་གིས 	།_། 	bstod tshogs ka_.txt	།_།  དགྱེས་པ  མི  ཉམས་ལྡན་པ་ཡིས  །_།  ཉིད ་ཀྱི  སྐུ་དང  སྲོག  དག་གིས  །_། 
གཞན  ཉིད ་རང 	འོངས 	སྡུག་བསྔལ 	བསྙེངས་པ་ཡིས 	།_། 	གཞན 	ཉིད	་རང 	ཉིད 	ལ་ཉེ 	-ས་པས 	།_། 	bstod tshogs ka_.txt	འོངས  སྡུག་བསྔལ  བསྙེངས་པ་ཡིས  །_།  གཞན  ཉིད ་རང  ཉིད  ལ་ཉེ  -ས་པས  །_། 
བྱས་པ  ཉིད ་ནི 	ཕ་རོལ 	ཕྱིན 	འདོད་ཕྱིར 	།_། 	བྱས་པ 	ཉིད	་ནི 	རྗེས 	ལྟ་བས 	།_། 	ཁྱོད་ཀྱིས 	bstod tshogs ka_.txt	ཕ་རོལ  ཕྱིན  འདོད་ཕྱིར  །_།  བྱས་པ  ཉིད ་ནི  རྗེས  ལྟ་བས  །_།  ཁྱོད་ཀྱིས 
གཤེད་མ  ཉིད ་ཀྱིས་ནི 	-ར 	གྱུར་པ་གང 	།_། 	གང་ཡང 	གཤེད་མ 	ཉིད	་ཀྱིས་ནི 	།_། 	རལ 	གྲི 	ཉིད་ཀྱིས 	bstod tshogs ka_.txt	-ར  གྱུར་པ་གང  །_།  གང་ཡང  གཤེད་མ  ཉིད ་ཀྱིས་ནི  །_།  རལ  གྲི  ཉིད་ཀྱིས 
 ཉིད  གྱུར་པ་ཡང 						ཉིད 	གྱུར་པ་ཡང 	།_། 	སེམས 	ཅན 	རྟག་ཏུ 	bstod tshogs ka_.txt	     ཉིད  གྱུར་པ་ཡང  །_།  སེམས  ཅན  རྟག་ཏུ 
སླད  ཉིད  ལ 	མི 	འཐོབ་ཅེས 	།_། 	དེ 	སླད 	ཉིད 	ལ 	-འང 	མ 	གཟིགས་པར 	།_། 	bstod tshogs ka_.txt	མི  འཐོབ་ཅེས  །_།  དེ  སླད  ཉིད  ལ  -འང  མ  གཟིགས་པར  །_། 
གཅིག་ཏུ  ཉིད ་ཀྱིས་ནི 	སྤྱོད་ཀྱིས་ནི 	ངེས་ལེགས་འཐད 	།_། 	གཞན་ལ 	གཅིག་ཏུ 	ཉིད	་ཀྱིས་ནི 	།_། 	ལོངས 	སྤྱོད 	དགག་པ 	bstod tshogs ka_.txt	སྤྱོད་ཀྱིས་ནི  ངེས་ལེགས་འཐད  །_།  གཞན་ལ  གཅིག་ཏུ  ཉིད ་ཀྱིས་ནི  །_།  ལོངས  སྤྱོད  དགག་པ 
 ཉིད  །_། 						ཉིད 	།_། 	སྙིང་པོ 	སྐྱོན་མེད 	ཉི 	ཚེ་ཞིག 	bstod tshogs ka_.txt	     ཉིད  །_།  སྙིང་པོ  སྐྱོན་མེད  ཉི  ཚེ་ཞིག 
ཁྱོད  ཉིད  གཅིག་པུ 	རྗེས་སུ 	མཆི 	མི་བགྱིད 	།_། 	ཁྱོད 	ཉིད 	གཅིག་པུ 	-ས 	རྣམ་མཁྱེན་མཛད 	།_། 	རིན་ཆེན 	bstod tshogs ka_.txt	རྗེས་སུ  མཆི  མི་བགྱིད  །_།  ཁྱོད  ཉིད  གཅིག་པུ  -ས  རྣམ་མཁྱེན་མཛད  །_།  རིན་ཆེན 
 ཉིད ་ཀྱིས 						ཉིད	་ཀྱིས 	།_། 	ཁྱོད་ནི 	ཡོན་ཏན 	ཕ་མཐའ 	bstod tshogs ka_.txt	     ཉིད ་ཀྱིས  །_།  ཁྱོད་ནི  ཡོན་ཏན  ཕ་མཐའ 
 ཉིད ་ནི 	-ར་ཕྱིན 	།_། 	ཐུབ 	དབང 		ཉིད	་ནི 	དཀའ་བ 	-ས་གྲུབ 	།_། 	དེ 	bstod tshogs ka_.txt	-ར་ཕྱིན  །_།  ཐུབ  དབང   ཉིད ་ནི  དཀའ་བ  -ས་གྲུབ  །_།  དེ 
བདག  ཉིད  རབ་ཏུ 	ཁྱོད་ཀྱི 	ལོངས 	སྤྱད་པས 	།_། 	བདག 	ཉིད 	རབ་ཏུ 	བསྐྲུན་པ་མཛད 	།_། 	འཇིག 	རྟེན་པ་ཡི 	bstod tshogs ka_.txt	ཁྱོད་ཀྱི  ལོངས  སྤྱད་པས  །_།  བདག  ཉིད  རབ་ཏུ  བསྐྲུན་པ་མཛད  །_།  འཇིག  རྟེན་པ་ཡི 
བདག  ཉིད ་ལ་ནི 	ཁྱོད་ཀྱིས 	བསགས 	བསགས་ནས 	།_། 	བདག 	ཉིད	་ལ་ནི 	ཡོན་ཏན་བསྒྲུབ 	།_། 	ཆུང་དང 	དམན་དང 	bstod tshogs ka_.txt	ཁྱོད་ཀྱིས  བསགས  བསགས་ནས  །_།  བདག  ཉིད ་ལ་ནི  ཡོན་ཏན་བསྒྲུབ  །_།  ཆུང་དང  དམན་དང 
ཟབ་པ  ཉིད ་ཀྱང་ནི 	བརྟགས་ན 	།_། 	རྒྱ 	མཚོ 	ཟབ་པ 	ཉིད	་ཀྱང་ནི 	།_། 	གནག 	རྗེས 	ལྟ་བུ 	bstod tshogs ka_.txt	བརྟགས་ན  །_།  རྒྱ  མཚོ  ཟབ་པ  ཉིད ་ཀྱང་ནི  །_།  གནག  རྗེས  ལྟ་བུ 
བརྟན་པ  ཉིད ་ཀྱང་ནི 	མངོན 	བསམ་ན 	།_། 	ས་ཡི 	བརྟན་པ 	ཉིད	་ཀྱང་ནི 	།_། 	ཤིར 	ཤ 	-འི 	bstod tshogs ka_.txt	མངོན  བསམ་ན  །_།  ས་ཡི  བརྟན་པ  ཉིད ་ཀྱང་ནི  །_།  ཤིར  ཤ  -འི 
རྒྱས  ཉིད ་ནི 	བསམ 	མིན་པས 	།_། 	སངས 	རྒྱས 	ཉིད	་ནི 	སུ 	-ས 	བསམ་ནུས 	།_། 	bstod tshogs ka_.txt	བསམ  མིན་པས  །_།  སངས  རྒྱས  ཉིད ་ནི  སུ  -ས  བསམ་ནུས  །_། 
ཅན  ཉིད  ལྟ་བུ 	དག་པ་རྣམས 	།_། 	དྲི 	མ 	ཅན 	ཉིད 	ལྟ་བུ 	-ར་གདའ 	།_། 	གཞལ་དུ 	མེད་པ 	bstod tshogs ka_.txt	དག་པ་རྣམས  །_།  དྲི  མ  ཅན  ཉིད  ལྟ་བུ  -ར་གདའ  །_།  གཞལ་དུ  མེད་པ 
ཡོན་ཏན  ཉིད ་ཀྱིས་མིན 	ཁྱོད་དང་མཚུངས 	།_། 	རྨད 	བྱུང 	ཡོན་ཏན 	ཉིད	་ཀྱིས་མིན 	།_། 	རིན་ཆེན 	ཆོས་གང 	བརྙེས་ནས་ཁྱོད 	bstod tshogs ka_.txt	ཁྱོད་དང་མཚུངས  །_།  རྨད  བྱུང  ཡོན་ཏན  ཉིད ་ཀྱིས་མིན  །_།  རིན་ཆེན  ཆོས་གང  བརྙེས་ནས་ཁྱོད 
 ཉིད ་དང 						ཉིད	་དང 	།_། 	ཁྱོད་དུ 	བསྒྲུན་ཞིང་དེ་དང་ནི 	།_། 	bstod tshogs ka_.txt	     ཉིད ་དང  །_།  ཁྱོད་དུ  བསྒྲུན་ཞིང་དེ་དང་ནི  །_། 
 ཉིད  རྗེས 						ཉིད 	རྗེས 	བསམས་ནས 	།_། 	ཆེན་པོ 	ལྟར་གང 	bstod tshogs ka_.txt	     ཉིད  རྗེས  བསམས་ནས  །_།  ཆེན་པོ  ལྟར་གང 
 ཉིད ་ཀྱིས 						ཉིད	་ཀྱིས 	དགྱེས་པ 	-ར་མཛད 	།_། 	གང 	bstod tshogs ka_.txt	     ཉིད ་ཀྱིས  དགྱེས་པ  -ར་མཛད  །_།  གང 
དེ  ཉིད  རྨད་དུ 	ཉོན་མོངས 	ཤིན་ཏུ་ཆེ 	སྤངས་པ 	།_། 	དེ 	ཉིད 	རྨད་དུ 	བྱུང་བ་ལགས 	།_། 	གང་གི 	དེ་ལྟར 	bstod tshogs ka_.txt	ཉོན་མོངས  ཤིན་ཏུ་ཆེ  སྤངས་པ  །_།  དེ  ཉིད  རྨད་དུ  བྱུང་བ་ལགས  །_།  གང་གི  དེ་ལྟར 
དེ  ཉིད ་དང་ནི 	སྡང 	གཏི་མུག 	བཅས་པ་དང 	།_། 	དེ 	ཉིད	་དང་ནི 	འགྲོ་བ་སྲིད 	།_། 	ཕྲ 	རྒྱས 	bstod tshogs ka_.txt	སྡང  གཏི་མུག  བཅས་པ་དང  །_།  དེ  ཉིད ་དང་ནི  འགྲོ་བ་སྲིད  །_།  ཕྲ  རྒྱས 
ཆོས  ཉིད ་ལ་ནི 	མི 	རིགས་པ་ནི 	རྩོད་པ་ཡིས 	།_། 	ཆོས 	ཉིད	་ལ་ནི 	གེགས་བྱེད་ལ 	།_། 	དགྲ 	བཅོམ་པ་དང 	bstod tshogs ka_.txt	མི  རིགས་པ་ནི  རྩོད་པ་ཡིས  །_།  ཆོས  ཉིད ་ལ་ནི  གེགས་བྱེད་ལ  །_།  དགྲ  བཅོམ་པ་དང 
རྒྱས  ཉིད ་ནི 	དཀའ 	སྤྱོད་མིན 	།_། 	སངས 	རྒྱས 	ཉིད	་ནི 	བརྙེས་པ་ཡིས 	།_། 	ཞི 	གནས་བདག 	bstod tshogs ka_.txt	དཀའ  སྤྱོད་མིན  །_།  སངས  རྒྱས  ཉིད ་ནི  བརྙེས་པ་ཡིས  །_།  ཞི  གནས་བདག 
 ཉིད  སྤངས་ནས་ཀྱང 						ཉིད 	སྤངས་ནས་ཀྱང 	།_། 	རྫུ 	འཕྲུལ 	སེང་གེ 	bstod tshogs ka_.txt	     ཉིད  སྤངས་ནས་ཀྱང  །_།  རྫུ  འཕྲུལ  སེང་གེ 
 ཉིད ་ཀྱི 	-འི 	སྒྲ་དང་ནི 	།_། 			ཉིད	་ཀྱི 	ཡོན་ཏན 	བརྗོད་པ་གང 	།_། 	དེ་ནི 	bstod tshogs ka_.txt	-འི  སྒྲ་དང་ནི  །_།    ཉིད ་ཀྱི  ཡོན་ཏན  བརྗོད་པ་གང  །_།  དེ་ནི 
_།  ཉིད ་ཀྱི 	གཞན་གྱི 	དོན་དུ 	རབ 	བཟང་གི 	_། 	ཉིད	་ཀྱི 	དོན་ལ 	བརྩེ 	མེད་པས 	།_། 	bstod tshogs ka_.txt	གཞན་གྱི  དོན་དུ  རབ  བཟང་གི  _།  ཉིད ་ཀྱི  དོན་ལ  བརྩེ  མེད་པས  །_། 
 ཉིད  འབའ་ཞིག་ལ 	མགོན་པོ 	ཁྱོད 				ཉིད 	འབའ་ཞིག་ལ 	།_། 	ཐུགས 	རྗེས 	ཐུགས་རྗེ 	bstod tshogs ka_.txt	མགོན་པོ  ཁྱོད     ཉིད  འབའ་ཞིག་ལ  །_།  ཐུགས  རྗེས  ཐུགས་རྗེ 
ཁྱོད  ཉིད  དཀའ་བ་རྣམས 	མཛད 	མ་གྱུར 	།_། 	ཡང་ན 	ཁྱོད 	ཉིད 	དཀའ་བ་རྣམས 	།_། 	སྤྱོད་པ 	མ 	ཉམས 	bstod tshogs ka_.txt	མཛད  མ་གྱུར  །_།  ཡང་ན  ཁྱོད  ཉིད  དཀའ་བ་རྣམས  །_།  སྤྱོད་པ  མ  ཉམས 
 ཉིད  དོན་ལས 	དེ 	-ས་ནི་མཛད 	།_། 	ཁྱོད་ཀྱིས 		ཉིད 	དོན་ལས 	ལྷག་པར 	།_། 	གཞན 	དོན 	bstod tshogs ka_.txt	དེ  -ས་ནི་མཛད  །_།  ཁྱོད་ཀྱིས   ཉིད  དོན་ལས  ལྷག་པར  །_།  གཞན  དོན 
དེ  ཉིད ་དེ་ནི 	-འང 	དྲང་བ 	-ར་མཛད 	།_། 	དེ 	ཉིད	་དེ་ནི 	མི 	འཐད་དོ 	།_། 	དེ 	bstod tshogs ka_.txt	-འང  དྲང་བ  -ར་མཛད  །_།  དེ  ཉིད ་དེ་ནི  མི  འཐད་དོ  །_།  དེ 
རོ་གཅིག  ཉིད ་དུ་འགྱུར 	གང་ཡང་དེ་གཉིས 	ལྡན་པ་དག 	_། 	ཐམས་ཅད 	རོ་གཅིག 	ཉིད	་དུ་འགྱུར 	།_། 	ཡུན 	རིང 	འཕེལ་བ 	bstod tshogs ka_.txt	གང་ཡང་དེ་གཉིས  ལྡན་པ་དག  _།  ཐམས་ཅད  རོ་གཅིག  ཉིད ་དུ་འགྱུར  །_།  ཡུན  རིང  འཕེལ་བ 
རྟོགས  ཉིད  ཕུན་ཚོགས་པའི 	སངས་རྒྱས་དང 	།_། 	དེ 	ལྟར 	རྟོགས 	ཉིད 	ཕུན་ཚོགས་པའི 	།_། 	ཁྱོད་ཀྱི་བདེན 	གསུང 	སུ 	bstod tshogs ka_.txt	སངས་རྒྱས་དང  །_།  དེ  ལྟར  རྟོགས  ཉིད  ཕུན་ཚོགས་པའི  །_།  ཁྱོད་ཀྱི་བདེན  གསུང  སུ 
སྟོང་པ  ཉིད ་ནི 	བཞི་པོ 	འདི 	ཀུན་ཐོབ 	།_། 	སྟོང་པ 	ཉིད	་ནི 	གསུང་བ་དང 	_།_། 	སྲིད་པ 	-ར 	bstod tshogs ka_.txt	བཞི་པོ  འདི  ཀུན་ཐོབ  །_།  སྟོང་པ  ཉིད ་ནི  གསུང་བ་དང  _།_།  སྲིད་པ  -ར 
 ཉིད  སྐྱོབ་པ་སྟེ 						ཉིད 	སྐྱོབ་པ་སྟེ 	།_། 	སྲིད་པ 	-འི 	འཇིགས་པ 	bstod tshogs ka_.txt	     ཉིད  སྐྱོབ་པ་སྟེ  །_།  སྲིད་པ  -འི  འཇིགས་པ 
མ  ཉིད  གྱུར 	ཕན 	འདོགས་པས 	།_། 	བླ 	མ 	ཉིད 	གྱུར 	སྨོས་ཅི་འཚལ 	།_། 	ཐར་པ 	-འི 	bstod tshogs ka_.txt	ཕན  འདོགས་པས  །_།  བླ  མ  ཉིད  གྱུར  སྨོས་ཅི་འཚལ  །_།  ཐར་པ  -འི 
།_།  ཉིད ་ཀྱི 	རང་གི 	དོན་ལ 	མི 	ལྟ་བས 	།_། 	ཉིད	་ཀྱི 	དགྲ་བོ 	ལྟར 	གྱུར་ཅིང 	།_། 	bstod tshogs ka_.txt	རང་གི  དོན་ལ  མི  ལྟ་བས  །_།  ཉིད ་ཀྱི  དགྲ་བོ  ལྟར  གྱུར་ཅིང  །_། 
 ཉིད ་བཞིན 						ཉིད	་བཞིན 	།_། 	ཁྱོད་ཀྱི 	ཉན་ཐོས 	སྲེད 	bstod tshogs ka_.txt	     ཉིད ་བཞིན  །_།  ཁྱོད་ཀྱི  ཉན་ཐོས  སྲེད 
བདག  ཉིད  འཇིགས་པ 	ཆེ་བ 	ལྟ་བུ 	-ར་མཆོད 	།_། 	བདག 	ཉིད 	འཇིགས་པ 	-ས་བདེ 	ཐོབ་པའི 	།_། 	ཡུལ 	bstod tshogs ka_.txt	ཆེ་བ  ལྟ་བུ  -ར་མཆོད  །_།  བདག  ཉིད  འཇིགས་པ  -ས་བདེ  ཐོབ་པའི  །_།  ཡུལ 
བྱ་བ  ཉིད ་དུ་གྱུར 	རྣམས་ཀྱི 	།_། 	སྨོན 	པར 	བྱ་བ 	ཉིད	་དུ་གྱུར 	།_། 	སངས 	རྒྱས 	བཅོམ་ལྡན 	bstod tshogs ka_.txt	རྣམས་ཀྱི  །_།  སྨོན  པར  བྱ་བ  ཉིད ་དུ་གྱུར  །_།  སངས  རྒྱས  བཅོམ་ལྡན 
ཆོས  ཉིད  བཅོམ་ལྡན་དེ 	རྒྱས 	རྣམས་ཀྱི 	སངས་རྒྱས་ཀྱི 	།_། 	ཆོས 	ཉིད 	བཅོམ་ལྡན་དེ 	རྨད་དོ 	།_། 	ཞི 	གནས 	bstod tshogs ka_.txt	རྒྱས  རྣམས་ཀྱི  སངས་རྒྱས་ཀྱི  །_།  ཆོས  ཉིད  བཅོམ་ལྡན་དེ  རྨད་དོ  །_།  ཞི  གནས 
དེ  ཉིད ་ཀྱིས་ནི 	གཞན 	རྣམས་ལ་ནི 	ཕན་པ་མཛད 	།_། 	དེ 	ཉིད	་ཀྱིས་ནི 	མི 	འགྲང་བའི 	།_། 	མི 	bstod tshogs ka_.txt	གཞན  རྣམས་ལ་ནི  ཕན་པ་མཛད  །_།  དེ  ཉིད ་ཀྱིས་ནི  མི  འགྲང་བའི  །_།  མི 
 ཉིད ་ལ 						ཉིད	་ལ 	།_། 	མངའ 	མ 	མཆིས་པ 	bstod tshogs ka_.txt	     ཉིད ་ལ  །_།  མངའ  མ  མཆིས་པ 
།_།  ཉིད ་ཀྱི 	སྐད 	སྐུལ་ཡང 	མི 	སྤོང་སྟེ 	།_། 	ཉིད	་ཀྱི 	སྒྲུབ་པ 	བཟང་པོ་ལས 	།_། 	འདའ 	bstod tshogs ka_.txt	སྐད  སྐུལ་ཡང  མི  སྤོང་སྟེ  །_།  ཉིད ་ཀྱི  སྒྲུབ་པ  བཟང་པོ་ལས  །_།  འདའ 
སྐད་ཅིག  ཉིད ་ལ 	ཁྱོད་ཀྱིས 	ངན་སོང་རྣམ 	བཟློག་ནས 	།_། 	སྐད་ཅིག 	ཉིད	་ལ 	ཡོངས་སུ་བསྒྱུར 	།_། 	ཤིན་ཏུ 	བཟང 	bstod tshogs ka_.txt	ཁྱོད་ཀྱིས  ངན་སོང་རྣམ  བཟློག་ནས  །_།  སྐད་ཅིག  ཉིད ་ལ  ཡོངས་སུ་བསྒྱུར  །_།  ཤིན་ཏུ  བཟང 
བདག  ཉིད  དག་པ 	ཁྱོད་ལ 	ཕྱག 	འཚལ་ལོ 	།_། 	བདག 	ཉིད 	དག་པ 	འབའ་ཞིག་གིས 	།_། 	ཁྱོད་ཀྱིས 	འགྲོ་བ 	bstod tshogs ka_.txt	ཁྱོད་ལ  ཕྱག  འཚལ་ལོ  །_།  བདག  ཉིད  དག་པ  འབའ་ཞིག་གིས  །_།  ཁྱོད་ཀྱིས  འགྲོ་བ 
 ཉིད ་ལོག་པས 						ཉིད	་ལོག་པས 	།_། 	རྒྱུད་ལ 	གཟིགས་པ 	-འི 	bstod tshogs ka_.txt	     ཉིད ་ལོག་པས  །_།  རྒྱུད་ལ  གཟིགས་པ  -འི 
མཛད  ཉིད  གཟིགས་ནས 	།_། 	སེམས 	ཅན 	དོན 	མཛད 	ཉིད 	གཟིགས་ནས 	།_། 	ཉིད་ཀྱི་བདེ་ལ 	ཆགས 	མི་མངའ 	bstod tshogs ka_.txt	།_།  སེམས  ཅན  དོན  མཛད  ཉིད  གཟིགས་ནས  །_།  ཉིད་ཀྱི་བདེ་ལ  ཆགས  མི་མངའ 
 ཉིད  །_། 						ཉིད 	།_། 	གང་ཞིག 	ཐོག་མ 	དབུས 	མཐའ 	bstod tshogs ka_.txt	     ཉིད  །_།  གང་ཞིག  ཐོག་མ  དབུས  མཐའ 
ཉམས  ཉིད ་དུ་འཁུམས 	-ར་ཡང 	།_། 	ཁྱོད་ཀྱིས 	མ 	ཉམས 	ཉིད	་དུ་འཁུམས 	།_། 	དེ 	སླད 	ཆོས་སྐུ 	bstod tshogs ka_.txt	-ར་ཡང  །_།  ཁྱོད་ཀྱིས  མ  ཉམས  ཉིད ་དུ་འཁུམས  །_།  དེ  སླད  ཆོས་སྐུ 
 ཉིད ་ཀྱིས 						ཉིད	་ཀྱིས 	།_། 	སེམས 	ཅན 	དོན་ལ 	bstod tshogs ka_.txt	     ཉིད ་ཀྱིས  །_།  སེམས  ཅན  དོན་ལ 
 ཉིད  །_། 						ཉིད 	།_། 	ཚད 	མ 	མཆིས་ལ 	བསམ 	bstod tshogs ka_.txt	     ཉིད  །_།  ཚད  མ  མཆིས་ལ  བསམ 
 ཉིད ་ཀྱིས 						ཉིད	་ཀྱིས 	མཁྱེན 	ལགས་གྲང 	།_། 	བསམ 	bstod tshogs ka_.txt	     ཉིད ་ཀྱིས  མཁྱེན  ལགས་གྲང  །_།  བསམ 
མེད་པ  ཉིད ་དོ 	བྱ་བ 	འདི 	-ས་ནི 	སྒྲོ་འདོགས་པ 	མེད་པ 	ཉིད	་དོ 	།_། 	རབ་ཏུ་ཆུང་ཡང་ཞེས 	བྱ་བ 	འདི 	bstod tshogs ka_.txt	བྱ་བ  འདི  -ས་ནི  སྒྲོ་འདོགས་པ  མེད་པ  ཉིད ་དོ  །_།  རབ་ཏུ་ཆུང་ཡང་ཞེས  བྱ་བ  འདི 
 ཉིད ་དོ 	-ས་ནི 	ང་རྒྱལ 	མེད་པ 			ཉིད	་དོ 	།_། 	དོན 	འདི 	-ར 	bstod tshogs ka_.txt	-ས་ནི  ང་རྒྱལ  མེད་པ    ཉིད ་དོ  །_།  དོན  འདི  -ར 
ཡོད་པ  ཉིད ་ཡིན་ནོ 	དག་ཏུ་ཞེས 	བྱ་བ 	འདི་དག་ནི 	རིགས 	ཡོད་པ 	ཉིད	་ཡིན་ནོ 	།_། 	གང 	སླད 	གལ་ཏེ 	bstod tshogs ka_.txt	དག་ཏུ་ཞེས  བྱ་བ  འདི་དག་ནི  རིགས  ཡོད་པ  ཉིད ་ཡིན་ནོ  །_།  གང  སླད  གལ་ཏེ 
བདག  ཉིད  ཞི་བ 	ཕ་རོལ་ཏུ 	ཕྱིན་པ 	བསྟན་ཏོ 	།_། 	བདག 	ཉིད 	ཞི་བ 	-ར 	བགྱི 	སླད 	ཅེས་བྱ་བ 	bstod tshogs ka_.txt	ཕ་རོལ་ཏུ  ཕྱིན་པ  བསྟན་ཏོ  །_།  བདག  ཉིད  ཞི་བ  -ར  བགྱི  སླད  ཅེས་བྱ་བ 
ཚོགས་པ  ཉིད ་དོ 	འདི་དག་གིས་ནི 	བསམ་པ 	ཕུན 	སུམ 	ཚོགས་པ 	ཉིད	་དོ 	།_། 	སྦྱིན 	པར 	སྤྲོ 	bstod tshogs ka_.txt	འདི་དག་གིས་ནི  བསམ་པ  ཕུན  སུམ  ཚོགས་པ  ཉིད ་དོ  །_།  སྦྱིན  པར  སྤྲོ 
དོན  ཉིད ་བསྟན 	།_། 	འབྲས 	བུ 	སེམས་ཅན 	དོན 	ཉིད	་བསྟན 	།_། 	བསྟན་པ 	སྦྱོར་བ 	དབང 	bstod tshogs ka_.txt	།_།  འབྲས  བུ  སེམས་ཅན  དོན  ཉིད ་བསྟན  །_།  བསྟན་པ  སྦྱོར་བ  དབང 
 ཉིད  ས 						ཉིད 	ས 	-ར 	གནས་པས 	།_། 	འདིར་ནི 	bstod tshogs ka_.txt	     ཉིད  ས  -ར  གནས་པས  །_།  འདིར་ནི 
སྐུ  ཉིད ་ཀྱང 	རྒྱས་པ 	ལྟ་བུ 	-འི 	སྤྱན་ལྡན 	སྐུ 	ཉིད	་ཀྱང 	།_། 	གསེར་གྱི 	རི 	འདྲ 	bstod tshogs ka_.txt	རྒྱས་པ  ལྟ་བུ  -འི  སྤྱན་ལྡན  སྐུ  ཉིད ་ཀྱང  །_།  གསེར་གྱི  རི  འདྲ 
།_།  ཉིད ་ཀྱི 	རྒྱ་ཆེན་ལམ་གྱི 	རང་བཞིན 	གཟིངས 	བཅས་ཏེ 	།_། 	ཉིད	་ཀྱི 	དོན་དང 	འགྲོ་བ 	ཆེན་པོ 	-འི 	bstod tshogs ka_.txt	རྒྱ་ཆེན་ལམ་གྱི  རང་བཞིན  གཟིངས  བཅས་ཏེ  །_།  ཉིད ་ཀྱི  དོན་དང  འགྲོ་བ  ཆེན་པོ  -འི 
 ཉིད  ཆོས་མཆོག་ཅན 						ཉིད 	ཆོས་མཆོག་ཅན 	།_ 	ཞེས 	བྱ་བ་ལ 	སོགས་པ 	bstod tshogs ka_.txt	     ཉིད  ཆོས་མཆོག་ཅན  །_  ཞེས  བྱ་བ་ལ  སོགས་པ 
 ཉིད  ཅན 						ཉིད 	ཅན 	བརྩེ་བ 	ཆེན་པོ 	-འི 	དབང་དུ 	bstod tshogs ka_.txt	     ཉིད  ཅན  བརྩེ་བ  ཆེན་པོ  -འི  དབང་དུ 
 ཉིད  ཅན 						ཉིད 	ཅན 	རྣམས་ནི 	རང་ལ 	ཕན་པ 	-འང 	bstod tshogs ka_.txt	     ཉིད  ཅན  རྣམས་ནི  རང་ལ  ཕན་པ  -འང 
 ཉིད  ཅན 						ཉིད 	ཅན 	ཡིན་ཡང 	སྙིང་རྗེ 	ཆེན་པོ་དང 	བྲལ་ན 	bstod tshogs ka_.txt	     ཉིད  ཅན  ཡིན་ཡང  སྙིང་རྗེ  ཆེན་པོ་དང  བྲལ་ན 
བྲལ་བ  ཉིད ་ཀྱིས 	འབྲས་བུ་དང 	མཐུན་པ 	-འི 	ཡོན་ཏན་དང 	བྲལ་བ 	ཉིད	་ཀྱིས 	ནུས་པ 	མེད་པ 	-འི 	ཕྱིར 	bstod tshogs ka_.txt	འབྲས་བུ་དང  མཐུན་པ  -འི  ཡོན་ཏན་དང  བྲལ་བ  ཉིད ་ཀྱིས  ནུས་པ  མེད་པ  -འི  ཕྱིར 
 ཉིད  རྡོས 						ཉིད 	རྡོས 	ནོན་པ 	དབྱུང་བ 	-འི་ཕྱིར 	།_ 	bstod tshogs ka_.txt	     ཉིད  རྡོས  ནོན་པ  དབྱུང་བ  -འི་ཕྱིར  །_ 
ཅན  ཉིད  ཤེས་པ 	ཡོངས་སུ 	དག་པ 	-འི 	བདག་ཉིད 	ཅན 	ཉིད 	ཤེས་པ 	-ར 	བྱ་བ 	-འི་ཕྱིར 	།_ 	bstod tshogs ka_.txt	ཡོངས་སུ  དག་པ  -འི  བདག་ཉིད  ཅན  ཉིད  ཤེས་པ  -ར  བྱ་བ  -འི་ཕྱིར  །_ 
 ཉིད  ཆོས་མཆོག་ཅན 						ཉིད 	ཆོས་མཆོག་ཅན 	།_། 	ཞེས 	བྱ་བ 	འདི 	bstod tshogs ka_.txt	     ཉིད  ཆོས་མཆོག་ཅན  །_།  ཞེས  བྱ་བ  འདི 
གྱུར་པ  ཉིད  བསྟན་པ 	བརྩེ 	བ 	-འི 	ངང་དུ 	གྱུར་པ 	ཉིད 	བསྟན་པ 	-འི་ཕྱིར 	།_ 	ཐུགས 	རྗེ 	bstod tshogs ka_.txt	བརྩེ  བ  -འི  ངང་དུ  གྱུར་པ  ཉིད  བསྟན་པ  -འི་ཕྱིར  །_  ཐུགས  རྗེ 
 ཉིད  ཅེས་བྱ་བ 						ཉིད 	ཅེས་བྱ་བ 	འདི 	གསུངས་སོ 	།_། 	ཐུགས 	bstod tshogs ka_.txt	     ཉིད  ཅེས་བྱ་བ  འདི  གསུངས་སོ  །_།  ཐུགས 
 ཉིད  བརྗོད་པ 	རྗེ 	-འི 	འབྲས་བུ་གཉིས 	མཛད་པ 		ཉིད 	བརྗོད་པ 	-འི་ཕྱིར 	།_ 	འགྲོ 	བ 	bstod tshogs ka_.txt	རྗེ  -འི  འབྲས་བུ་གཉིས  མཛད་པ   ཉིད  བརྗོད་པ  -འི་ཕྱིར  །_  འགྲོ  བ 
ལྡན་པ  ཉིད  རབ་ཏུ 	འབྲས་བུ་གཉིས་དང 	མཐུན་པ 	-འི 	ཡོན་ཏན་དང 	ལྡན་པ 	ཉིད 	རབ་ཏུ 	བསྟན་པ 	-འི་ཕྱིར 	།_། 	དྲི 	bstod tshogs ka_.txt	འབྲས་བུ་གཉིས་དང  མཐུན་པ  -འི  ཡོན་ཏན་དང  ལྡན་པ  ཉིད  རབ་ཏུ  བསྟན་པ  -འི་ཕྱིར  །_།  དྲི 
མཉམ་པ  ཉིད ་ཀྱང 	མཉམ་པ 	མེད་པ་དང 	མི་གཡོ་བ 	-འང་ཡིན་ལ 	མཉམ་པ 	ཉིད	་ཀྱང 	ཡིན་པ 	-ས 	དེ་སྐད་ཅེས 	བྱ་སྟེ 	bstod tshogs ka_.txt	མཉམ་པ  མེད་པ་དང  མི་གཡོ་བ  -འང་ཡིན་ལ  མཉམ་པ  ཉིད ་ཀྱང  ཡིན་པ  -ས  དེ་སྐད་ཅེས  བྱ་སྟེ 
 ཉིད  དེ་ལྟ 	།_ 	མཉམ་པ 				ཉིད 	དེ་ལྟ 	བུ 	དེ་ཉིད 	མཆོག 	ཆོས་ཡིན་ནོ 	bstod tshogs ka_.txt	།_  མཉམ་པ     ཉིད  དེ་ལྟ  བུ  དེ་ཉིད  མཆོག  ཆོས་ཡིན་ནོ 
དེ་བཞིན  ཉིད ་ཀྱི 	འདིས་ནི 	དེ་བཞིན 	གཤེགས་པ 	རྣམས་ཀྱི 	དེ་བཞིན 	ཉིད	་ཀྱི 	ཆོས་ཀྱི 	སྐུ 	ཉིད 	བསྟན་ཏོ 	bstod tshogs ka_.txt	འདིས་ནི  དེ་བཞིན  གཤེགས་པ  རྣམས་ཀྱི  དེ་བཞིན  ཉིད ་ཀྱི  ཆོས་ཀྱི  སྐུ  ཉིད  བསྟན་ཏོ 
དེ་བཞིན  ཉིད  ཕྱིན་ཅི 	ན་མཉམ 	མེད་དོ 	།_། 	འདིས་ནི 	དེ་བཞིན 	ཉིད 	ཕྱིན་ཅི 	མ 	ལོག་པ 	-ར 	ཡོངས་སུ 	bstod tshogs ka_.txt	ན་མཉམ  མེད་དོ  །_།  འདིས་ནི  དེ་བཞིན  ཉིད  ཕྱིན་ཅི  མ  ལོག་པ  -ར  ཡོངས་སུ 
 ཉིད  ཤིན་ཏུ 						ཉིད 	ཤིན་ཏུ 	རྣམ་པ 	-ར 	དག་པ 	ལས་མི 	bstod tshogs ka_.txt	     ཉིད  ཤིན་ཏུ  རྣམ་པ  -ར  དག་པ  ལས་མི 
སྟོང་པ  ཉིད ་ཀྱི 	མཉམ་ཉིད་དེ 	།_ 	དངོས་པོ 	འགའ་ཡང 	སྟོང་པ 	ཉིད	་ཀྱི 	རང་བཞིན 	ལས་མི་འདའོ 	།_། 	དེའི 	bstod tshogs ka_.txt	མཉམ་ཉིད་དེ  །_  དངོས་པོ  འགའ་ཡང  སྟོང་པ  ཉིད ་ཀྱི  རང་བཞིན  ལས་མི་འདའོ  །_།  དེའི 
 ཉིད ་དུ 						ཉིད	་དུ 	རོ་གཅིག་ཅིང 	མཉམ་མོ 	།_། 	འདི་ནི 	bstod tshogs ka_.txt	     ཉིད ་དུ  རོ་གཅིག་ཅིང  མཉམ་མོ  །_།  འདི་ནི 
བཞིན  ཉིད  རིགས་པ་དང 	ཡིན་པ 	-འི་ཕྱིར 	།_ 	དེ 	བཞིན 	ཉིད 	རིགས་པ་དང 	མ 	བྲལ་བ་ཡིན་ནོ 	།_། 	དེ་ཇི 	bstod tshogs ka_.txt	ཡིན་པ  -འི་ཕྱིར  །_  དེ  བཞིན  ཉིད  རིགས་པ་དང  མ  བྲལ་བ་ཡིན་ནོ  །_།  དེ་ཇི 
བྲལ་བ  ཉིད  འཛིན་པ 	-ར 	བྱེད་པ 	-འི 	མཚན་ཉིད་དང 	བྲལ་བ 	ཉིད 	འཛིན་པ 	-འི 	ཕྱིར་ཏེ 	།_ 	དེ 	bstod tshogs ka_.txt	-ར  བྱེད་པ  -འི  མཚན་ཉིད་དང  བྲལ་བ  ཉིད  འཛིན་པ  -འི  ཕྱིར་ཏེ  །_  དེ 
འཛིན་པ  ཉིད ་ཀྱི 					འཛིན་པ 	ཉིད	་ཀྱི 	ཕྱིར 	ཆོས་ཀྱང་ཡིན་ནོ 	།_། 	རྣམ་པ 	bstod tshogs ka_.txt	    འཛིན་པ  ཉིད ་ཀྱི  ཕྱིར  ཆོས་ཀྱང་ཡིན་ནོ  །_།  རྣམ་པ 
སྟོང་པ  ཉིད ་ནི 	-ར 	བྱེད་དོ 	།_། 	ཡང 	སྟོང་པ 	ཉིད	་ནི 	སེམས་ཅན་གྱི 	ཚོགས 	ཐམས་ཅད 	ལ 	bstod tshogs ka_.txt	-ར  བྱེད་དོ  །_།  ཡང  སྟོང་པ  ཉིད ་ནི  སེམས་ཅན་གྱི  ཚོགས  ཐམས་ཅད  ལ 
དག་པ  ཉིད ་ཀྱིས 	།_ 	ཤིན་ཏུ 	རྣམ་པ 	-ར 	དག་པ 	ཉིད	་ཀྱིས 	དེ་དག་གི 	རྒྱུད 	ཁོ་ན་ལ 	གསལ་བ 	bstod tshogs ka_.txt	།_  ཤིན་ཏུ  རྣམ་པ  -ར  དག་པ  ཉིད ་ཀྱིས  དེ་དག་གི  རྒྱུད  ཁོ་ན་ལ  གསལ་བ 
ངོ་བོ  ཉིད  ཡོད་པ 	དག་ལ 	ཐུགས་རྗེ 	-འི 	བདག་ཉིད 	ངོ་བོ 	ཉིད 	ཡོད་པ 	དེ་དག་ནི 	ཐུགས་རྗེ 	-འི 	བདག་ཉིད 	bstod tshogs ka_.txt	དག་ལ  ཐུགས་རྗེ  -འི  བདག་ཉིད  ངོ་བོ  ཉིད  ཡོད་པ  དེ་དག་ནི  ཐུགས་རྗེ  -འི  བདག་ཉིད 
དེ  ཉིད ་ཀྱི 	ཐོབ་པ 	-འི 	ཕྱིར་རོ 	།_། 	དེ 	ཉིད	་ཀྱི 	ཕྱིར 	ཁ་ཅིག་ནི 	།_ 	ཡོན་ཏན 	bstod tshogs ka_.txt	ཐོབ་པ  -འི  ཕྱིར་རོ  །_།  དེ  ཉིད ་ཀྱི  ཕྱིར  ཁ་ཅིག་ནི  །_  ཡོན་ཏན 
གྲུབ་པ  ཉིད ་དུ 	བསྒྲིམ 	མི 	དགོས་པ 	-ར 	གྲུབ་པ 	ཉིད	་དུ 	བསྟན་པ 	-འི 	ཕྱིར 	ཕན་པ 	bstod tshogs ka_.txt	བསྒྲིམ  མི  དགོས་པ  -ར  གྲུབ་པ  ཉིད ་དུ  བསྟན་པ  -འི  ཕྱིར  ཕན་པ 
སྒྱུར་བ  ཉིད ་ལ 	-འི 	ངོ་བོ 	འཁོར་ལོ 	-ས 	སྒྱུར་བ 	ཉིད	་ལ 	སོགས་པ 	ཕན་པ 	གཞན་ཡང 	སྩོལ་བ 	bstod tshogs ka_.txt	-འི  ངོ་བོ  འཁོར་ལོ  -ས  སྒྱུར་བ  ཉིད ་ལ  སོགས་པ  ཕན་པ  གཞན་ཡང  སྩོལ་བ 
 ཉིད ་དོ 	-ར 	མཛད་པ 				ཉིད	་དོ 	།_། 	དྲི 	མེད 	མི 	bstod tshogs ka_.txt	-ར  མཛད་པ     ཉིད ་དོ  །_།  དྲི  མེད  མི 
 ཉིད ་ཀྱིས་སམ 						ཉིད	་ཀྱིས་སམ 	།_ 	འཁོར་བ 	ཇི་སྲིད 	པར 	bstod tshogs ka_.txt	     ཉིད ་ཀྱིས་སམ  །_  འཁོར་བ  ཇི་སྲིད  པར 
དཔེ་མེད་པ  ཉིད ་ཀྱི 	།_། 	མཉམ་པ་ནི 	སྔ་མ 	བཞིན་དུ 	དཔེ་མེད་པ 	ཉིད	་ཀྱི 	ཕྱིར་རོ 	།_། 	མཆོག་གཙོ་བོ 	།_། 	bstod tshogs ka_.txt	།_།  མཉམ་པ་ནི  སྔ་མ  བཞིན་དུ  དཔེ་མེད་པ  ཉིད ་ཀྱི  ཕྱིར་རོ  །_།  མཆོག་གཙོ་བོ  །_། 
རྫོགས་པ  ཉིད ་དུ 	-འི 	དོན་གྱི་དེ 	ཁོ་ན་ཉིད 	ཐམས་ཅད 	རྫོགས་པ 	ཉིད	་དུ 	བསྟན་ཏོ 	།_། 	འདི་ལས 	གཞན 	bstod tshogs ka_.txt	-འི  དོན་གྱི་དེ  ཁོ་ན་ཉིད  ཐམས་ཅད  རྫོགས་པ  ཉིད ་དུ  བསྟན་ཏོ  །_།  འདི་ལས  གཞན 
ན་མཉམ་པ  ཉིད ་དང 	འདི་ཡིན་ཏེ 	།_ 	ཇི 	ལྟར 	ན་མཉམ་པ 	ཉིད	་དང 	།_ 	སོ་སོ 	ཡང་དག 	པར 	bstod tshogs ka_.txt	འདི་ཡིན་ཏེ  །_  ཇི  ལྟར  ན་མཉམ་པ  ཉིད ་དང  །_  སོ་སོ  ཡང་དག  པར 
 ཉིད ་ཀྱིས 						ཉིད	་ཀྱིས 	འདི་དག་གི 	དཔེ 	-ར 	བྱས་ཏེ 	bstod tshogs ka_.txt	     ཉིད ་ཀྱིས  འདི་དག་གི  དཔེ  -ར  བྱས་ཏེ 
དཔེ་མེད་པ  ཉིད  མི 	ལྟ་བུ་ཡིན་ནོ 	།_། 	དེ 	བས་ན 	དཔེ་མེད་པ 	ཉིད 	མི 	འགྲུབ་པོ 	ཞེ་ན 	།_ 	དེའི་ཕྱིར 	bstod tshogs ka_.txt	ལྟ་བུ་ཡིན་ནོ  །_།  དེ  བས་ན  དཔེ་མེད་པ  ཉིད  མི  འགྲུབ་པོ  ཞེ་ན  །_  དེའི་ཕྱིར 
 ཉིད  ནམ་མཁའ་ལ 	།_ 	མཉམ་པ 	-འི 	དཔེ 		ཉིད 	ནམ་མཁའ་ལ 	མེད་དེ 	།_། 	ཞེས 	བྱ་བ་ལ 	bstod tshogs ka_.txt	།_  མཉམ་པ  -འི  དཔེ   ཉིད  ནམ་མཁའ་ལ  མེད་དེ  །_།  ཞེས  བྱ་བ་ལ 
དཔེ  ཉིད ་དུ 	།_། 	ནམ 	མཁའ་ནི 	ནམ་མཁའ་སྟེ་དེ 	དཔེ 	ཉིད	་དུ 	བརྗོད་པ 	-ར 	འདོད་ན་ཡང 	བཅོམ་ལྡན 	bstod tshogs ka_.txt	།_།  ནམ  མཁའ་ནི  ནམ་མཁའ་སྟེ་དེ  དཔེ  ཉིད ་དུ  བརྗོད་པ  -ར  འདོད་ན་ཡང  བཅོམ་ལྡན 
དཔེ  ཉིད ་དོ 	འདས 	རྣམས་ལ 	མཉམ་པ 	-འི 	དཔེ 	ཉིད	་དོ 	།_། 	གང 	དག 	མཉམ་པ 	bstod tshogs ka_.txt	འདས  རྣམས་ལ  མཉམ་པ  -འི  དཔེ  ཉིད ་དོ  །_།  གང  དག  མཉམ་པ 
དཔེ  ཉིད ་དོ 	དག་གི 	ངོ་བོ་ནི 	མཉམ་པ 	-འི 	དཔེ 	ཉིད	་དོ 	།_། 	རེ་ཞིག 	དེ་ཡང 	མེད་ན 	bstod tshogs ka_.txt	དག་གི  ངོ་བོ་ནི  མཉམ་པ  -འི  དཔེ  ཉིད ་དོ  །_།  རེ་ཞིག  དེ་ཡང  མེད་ན 
 ཉིད  ལྟ་ཞིག 	ལྷག་པ 	-འི 	དཔེ 			ཉིད 	ལྟ་ཞིག 	ག་ལ་ཡོད 	།_ 	དམན་པ 	-འི 	bstod tshogs ka_.txt	ལྷག་པ  -འི  དཔེ    ཉིད  ལྟ་ཞིག  ག་ལ་ཡོད  །_  དམན་པ  -འི 
དཔེ  ཉིད ་ནི 					དཔེ 	ཉིད	་ནི 	མི 	དགག་གོ 	།_། 	ནམ 	bstod tshogs ka_.txt	    དཔེ  ཉིད ་ནི  མི  དགག་གོ  །_།  ནམ 
རྒྱས  ཉིད ་ཀྱི 	མི 	ནུས་པའོ 	།_། 	སངས 	རྒྱས 	ཉིད	་ཀྱི 	གནས་སྐབས་ན 	ཡོད་པ 	-འི 	ཡོན་ཏན 	bstod tshogs ka_.txt	མི  ནུས་པའོ  །_།  སངས  རྒྱས  ཉིད ་ཀྱི  གནས་སྐབས་ན  ཡོད་པ  -འི  ཡོན་ཏན 
དཔེ  ཉིད  མེད་པ 	།_ 	འདི་ནི 	མཉམ་པ 	-འི 	དཔེ 	ཉིད 	མེད་པ 	-འི 	རྒྱུ་ཡིན་ནོ 	།_། 	ཇི 	bstod tshogs ka_.txt	།_  འདི་ནི  མཉམ་པ  -འི  དཔེ  ཉིད  མེད་པ  -འི  རྒྱུ་ཡིན་ནོ  །_།  ཇི 
སྩོལ་བ  ཉིད ་ཀྱིས 	མཉམ་པ་དང 	མཐའ་མེད་པ 	-འི 	དངོས་གྲུབ 	སྩོལ་བ 	ཉིད	་ཀྱིས 	དཔེ་མེད་པ 	ཉིད་དུ 	བརྗོད་པ 	-ར 	bstod tshogs ka_.txt	མཉམ་པ་དང  མཐའ་མེད་པ  -འི  དངོས་གྲུབ  སྩོལ་བ  ཉིད ་ཀྱིས  དཔེ་མེད་པ  ཉིད་དུ  བརྗོད་པ  -ར 
འགྱུར་བ  ཉིད ་ན 	མཆོག་གི 	དངོས་གྲུབ 	སྩོལ་བ 	-ར 	འགྱུར་བ 	ཉིད	་ན 	།_ 	རྒྱུ་དང 	འབྲས་བུ 	-འི 	bstod tshogs ka_.txt	མཆོག་གི  དངོས་གྲུབ  སྩོལ་བ  -ར  འགྱུར་བ  ཉིད ་ན  །_  རྒྱུ་དང  འབྲས་བུ  -འི 
 ཉིད  ཅན་ཡིན་ན 						ཉིད 	ཅན་ཡིན་ན 	།_ 	དེས་ན 	ཇི་ལྟར 	དྲི་མ 	bstod tshogs ka_.txt	     ཉིད  ཅན་ཡིན་ན  །_  དེས་ན  ཇི་ལྟར  དྲི་མ 
 ཉིད  ཡིན་པ 						ཉིད 	ཡིན་པ 	-ས་དེ་དང 	ལྡན་ན 	སྐབས་མེད་དོ 	།_། 	bstod tshogs ka_.txt	     ཉིད  ཡིན་པ  -ས་དེ་དང  ལྡན་ན  སྐབས་མེད་དོ  །_། 
དེ  ཉིད ་ཀྱི 					དེ 	ཉིད	་ཀྱི 	ཕྱིར 	འདི་ནི 	བདེ་བ 	འགོག་པ 	bstod tshogs ka_.txt	    དེ  ཉིད ་ཀྱི  ཕྱིར  འདི་ནི  བདེ་བ  འགོག་པ 
འབྱུང་བ  ཉིད ་དོ 	བར 	མ 	ཆད་པ 	-ར 	འབྱུང་བ 	ཉིད	་དོ 	།_། 	དེ་ལས 	བྱུང་བ་ནི 	ཡང་དག 	bstod tshogs ka_.txt	བར  མ  ཆད་པ  -ར  འབྱུང་བ  ཉིད ་དོ  །_།  དེ་ལས  བྱུང་བ་ནི  ཡང་དག 
མཁྱེན་པ  ཉིད ་དོ 	དེ 	གྲུབ་པ་ནི 	འབྲས་བུ་སྟེ 	ཐམས་ཅད 	མཁྱེན་པ 	ཉིད	་དོ 	།_། 	དེ 	ལྟ་བུ་ཞིག་ཅི 	ཞེ་ན 	bstod tshogs ka_.txt	དེ  གྲུབ་པ་ནི  འབྲས་བུ་སྟེ  ཐམས་ཅད  མཁྱེན་པ  ཉིད ་དོ  །_།  དེ  ལྟ་བུ་ཞིག་ཅི  ཞེ་ན 
ཆོས  ཉིད ་ཀྱི 	མི 	འགག 	ཆོས་ཉིད་དེ 	།_ 	ཆོས 	ཉིད	་ཀྱི 	རང་བཞིན་གང་ལ 	འགག་པ་སྟེ 	རྒྱུན 	ཆད་པ 	bstod tshogs ka_.txt	མི  འགག  ཆོས་ཉིད་དེ  །_  ཆོས  ཉིད ་ཀྱི  རང་བཞིན་གང་ལ  འགག་པ་སྟེ  རྒྱུན  ཆད་པ 
 ཉིད ་དོ 						ཉིད	་དོ 	།_། 	སྨོན་ལམ 	གྲུབ་པ་གང་ལ 	མི 	bstod tshogs ka_.txt	     ཉིད ་དོ  །_།  སྨོན་ལམ  གྲུབ་པ་གང་ལ  མི 
 ཉིད  ཡོད་པ་དེ་ལ 						ཉིད 	ཡོད་པ་དེ་ལ 	དེ་སྐད་ཅེས་བྱའོ 	།_། 	སྨོན་ལམ 	གྲུབ་པ 	bstod tshogs ka_.txt	     ཉིད  ཡོད་པ་དེ་ལ  དེ་སྐད་ཅེས་བྱའོ  །_།  སྨོན་ལམ  གྲུབ་པ 
ངོ་བོ  ཉིད ་དམ 	ཐུགས་རྗེ 	ཆེན་པོ 	-འི 	བདག 	ངོ་བོ 	ཉིད	་དམ 	རྒྱུ 	ཡོད་པ 	དེ་དག་ལ 	དེ་སྐད་ཅེས་བྱའོ 	bstod tshogs ka_.txt	ཐུགས་རྗེ  ཆེན་པོ  -འི  བདག  ངོ་བོ  ཉིད ་དམ  རྒྱུ  ཡོད་པ  དེ་དག་ལ  དེ་སྐད་ཅེས་བྱའོ 
 ཉིད  ཆེན་པོ 						ཉིད 	ཆེན་པོ 	-འི 	ཐུགས་རྗེ 	རྟག 	རྣམ་སྣང་ཞེས 	bstod tshogs ka_.txt	     ཉིད  ཆེན་པོ  -འི  ཐུགས་རྗེ  རྟག  རྣམ་སྣང་ཞེས 
 ཉིད ་ནི 						ཉིད	་ནི 	མཇུག 	སྡུད་པ་ཡིན་ཏེ 	།_ 	གང 	bstod tshogs ka_.txt	     ཉིད ་ནི  མཇུག  སྡུད་པ་ཡིན་ཏེ  །_  གང 
གཅོད་པ  ཉིད ་ཀྱིས 	ཕན་པ 	མཛད་པ 	རྒྱུན 	མི 	གཅོད་པ 	ཉིད	་ཀྱིས 	བདག་ཉིད 	ཆེ་བ 	ཡོད་པ 	དེ་དག་ལ 	bstod tshogs ka_.txt	ཕན་པ  མཛད་པ  རྒྱུན  མི  གཅོད་པ  ཉིད ་ཀྱིས  བདག་ཉིད  ཆེ་བ  ཡོད་པ  དེ་དག་ལ 
 ཉིད ་ནི 						ཉིད	་ནི 	འདི་ཡིན་ཏེ 	།_ 	བྱང 	ཆུབ 	bstod tshogs ka_.txt	     ཉིད ་ནི  འདི་ཡིན་ཏེ  །_  བྱང  ཆུབ 
མཁྱེན་པ  ཉིད ་ཀྱིས 	མ་ལུས་པ་དང 	བྲལ་བ 	རྣམ་པ 	ཐམས་ཅད 	མཁྱེན་པ 	ཉིད	་ཀྱིས 	འཕན་པ 	-ར 	བྱེད་པ་ཡིན་ནོ 	།_། 	bstod tshogs ka_.txt	མ་ལུས་པ་དང  བྲལ་བ  རྣམ་པ  ཐམས་ཅད  མཁྱེན་པ  ཉིད ་ཀྱིས  འཕན་པ  -ར  བྱེད་པ་ཡིན་ནོ  །_། 
 ཉིད ་ཅེས་བྱའོ 						ཉིད	་ཅེས་བྱའོ 	།_། 	རྣམ་པ 	གཅིག་ཏུ་ནི 	རྣམ་པ 	bstod tshogs ka_.txt	     ཉིད ་ཅེས་བྱའོ  །_།  རྣམ་པ  གཅིག་ཏུ་ནི  རྣམ་པ 
 ཉིད  བསྒོམ་པ 						ཉིད 	བསྒོམ་པ 	མཆོག་གིས 	གོམས་པ་དང 	ལྡན་པ 	-ས 	bstod tshogs ka_.txt	     ཉིད  བསྒོམ་པ  མཆོག་གིས  གོམས་པ་དང  ལྡན་པ  -ས 
 ཉིད ་ཅེས་ཀྱང 						ཉིད	་ཅེས་ཀྱང 	བྱ་བ་ལ 	།_ 	དེ་ནི་དེ 	འཕེན་པ 	bstod tshogs ka_.txt	     ཉིད ་ཅེས་ཀྱང  བྱ་བ་ལ  །_  དེ་ནི་དེ  འཕེན་པ 
འདི  ཉིད ་ལ 	བྱ་བ 	-ར 	ཟད་དོ 	།_། 	འདི 	ཉིད	་ལ 	གླན 	ཀ 	ངན་པ 	ཇི་ལྟར་ན 	bstod tshogs ka_.txt	བྱ་བ  -ར  ཟད་དོ  །_།  འདི  ཉིད ་ལ  གླན  ཀ  ངན་པ  ཇི་ལྟར་ན 
 ཉིད  ཅན་ཡིན 						ཉིད 	ཅན་ཡིན 	།_ 	ཇི 	ལྟར་ན 	མཐའ་ཡས་པ 	bstod tshogs ka_.txt	     ཉིད  ཅན་ཡིན  །_  ཇི  ལྟར་ན  མཐའ་ཡས་པ 
 ཉིད  ཆེན་པོ 						ཉིད 	ཆེན་པོ 	-འི 	ཐུགས་རྗེ 	རྟག 	རྣམ་སྣང་བ་ཡིན་ཏེ 	bstod tshogs ka_.txt	     ཉིད  ཆེན་པོ  -འི  ཐུགས་རྗེ  རྟག  རྣམ་སྣང་བ་ཡིན་ཏེ 
འགག  ཉིད  མི 	འཆད་དོ 	ཞེ་ན 	།_ 	དེའི 	འགག 	ཉིད 	མི 	འགྱུར་ཞེས 	བྱ་བ་ལ 	སོགས་པ 	སྨོས་སོ 	bstod tshogs ka_.txt	འཆད་དོ  ཞེ་ན  །_  དེའི  འགག  ཉིད  མི  འགྱུར་ཞེས  བྱ་བ་ལ  སོགས་པ  སྨོས་སོ 
འགག་པ  ཉིད  འགག 	འགག་པ་ནི 	རྒྱུན 	འཆད་པའོ 	།_། 	འགག་པ 	ཉིད 	འགག 	ཉིད་དོ 	།_། 	འགྱུར་བ་ནི 	འགྲོ་བ་སྟེ 	bstod tshogs ka_.txt	འགག་པ་ནི  རྒྱུན  འཆད་པའོ  །_།  འགག་པ  ཉིད  འགག  ཉིད་དོ  །_།  འགྱུར་བ་ནི  འགྲོ་བ་སྟེ 
མཁྱེན་པ  ཉིད ་དོ 	སྤྱོད་པ་ནི 	སྤྱོད་པ་སྟེ 	དེ་ཉིད 	ཐམས་ཅད 	མཁྱེན་པ 	ཉིད	་དོ 	།_། 	ཅིའི 	ཕྱིར 	མི 	bstod tshogs ka_.txt	སྤྱོད་པ་ནི  སྤྱོད་པ་སྟེ  དེ་ཉིད  ཐམས་ཅད  མཁྱེན་པ  ཉིད ་དོ  །_།  ཅིའི  ཕྱིར  མི 
སྟོན་པ  ཉིད ་དོ 	སྐྱེ་བ་ལ 	སོགས་པ 	ཉེ་བ 	-ར 	སྟོན་པ 	ཉིད	་དོ 	།_། 	ཇི 	ལྟ་བུ་ཞིག་ཅེ་ན 	།_ 	bstod tshogs ka_.txt	སྐྱེ་བ་ལ  སོགས་པ  ཉེ་བ  -ར  སྟོན་པ  ཉིད ་དོ  །_།  ཇི  ལྟ་བུ་ཞིག་ཅེ་ན  །_ 
གནས  ཉིད ་ལེགས 	-ར 	མི 	འགྱུར་རོ 	།_། 	གནས 	ཉིད	་ལེགས 	རྫོགས་པ 	།_ 	བདེ 	གནས 	bstod tshogs ka_.txt	-ར  མི  འགྱུར་རོ  །_།  གནས  ཉིད ་ལེགས  རྫོགས་པ  །_  བདེ  གནས 
དོན  ཉིད ་ཀྱི 	གནས་སྐབས་སོ 	།_། 	འདིར་ཡང 	རང་གི 	དོན 	ཉིད	་ཀྱི 	རྐྱེན་ཡིན་ནོ 	།_། 	དེ 	ཉིད་བདེ 	bstod tshogs ka_.txt	གནས་སྐབས་སོ  །_།  འདིར་ཡང  རང་གི  དོན  ཉིད ་ཀྱི  རྐྱེན་ཡིན་ནོ  །_།  དེ  ཉིད་བདེ 
 ཉིད  བཟང་ཞེས 						ཉིད 	བཟང་ཞེས 	བྱ་བ 	གསུངས་སོ 	།_། 	དེ 	bstod tshogs ka_.txt	     ཉིད  བཟང་ཞེས  བྱ་བ  གསུངས་སོ  །_།  དེ 
 ཉིད  རང་བཞིན་ནི 						ཉིད 	རང་བཞིན་ནི 	ཤིན་ཏུ 	རྨད་དུ 	བྱུང་བ 	-འི 	bstod tshogs ka_.txt	     ཉིད  རང་བཞིན་ནི  ཤིན་ཏུ  རྨད་དུ  བྱུང་བ  -འི 
གནས་མཆོག  ཉིད ་བརྙེས 	ཞེ་ན 	།_ 	སྦྱིན 	མཆོག་ཉིད 	གནས་མཆོག 	ཉིད	་བརྙེས 	།_། 	ཞེས 	བྱ་བ 	གསུངས་སོ 	bstod tshogs ka_.txt	ཞེ་ན  །_  སྦྱིན  མཆོག་ཉིད  གནས་མཆོག  ཉིད ་བརྙེས  །_།  ཞེས  བྱ་བ  གསུངས་སོ 
ངོ་བོ  ཉིད ་ནི 	ཅན་ནོ 	།_། 	དེ 	དག་གི 	ངོ་བོ 	ཉིད	་ནི 	སྦྱིན 	མཆོག་ཉིད་དོ 	།_། 	གང 	bstod tshogs ka_.txt	ཅན་ནོ  །_།  དེ  དག་གི  ངོ་བོ  ཉིད ་ནི  སྦྱིན  མཆོག་ཉིད་དོ  །_།  གང 
གནས་མཆོག  ཉིད ་དོ 	།_། 	དེ 	དག་གི 	ངོ་བོ་ནི 	གནས་མཆོག 	ཉིད	་དོ 	།_། 	དེ 	ཉིད 	ཐམས་ཅད 	bstod tshogs ka_.txt	།_།  དེ  དག་གི  ངོ་བོ་ནི  གནས་མཆོག  ཉིད ་དོ  །_།  དེ  ཉིད  ཐམས་ཅད 
མཁྱེན་པ  ཉིད ་དེ 					མཁྱེན་པ 	ཉིད	་དེ 	སངས་རྒྱས་ཀྱི 	ས 	ཀུན་དུ 	འོད་ཡིན་ནོ 	bstod tshogs ka_.txt	    མཁྱེན་པ  ཉིད ་དེ  སངས་རྒྱས་ཀྱི  ས  ཀུན་དུ  འོད་ཡིན་ནོ 
 ཉིད ་ཀྱིས 						ཉིད	་ཀྱིས 	གནས་ཀྱི 	མཆོག་ཉིད་ཀྱི་ནི 	སྦྱིན 	མཆོག་ཉིད 	bstod tshogs ka_.txt	     ཉིད ་ཀྱིས  གནས་ཀྱི  མཆོག་ཉིད་ཀྱི་ནི  སྦྱིན  མཆོག་ཉིད 
གནས་མཆོག  ཉིད ་དོ 					གནས་མཆོག 	ཉིད	་དོ 	།_། 	དེ 	བརྙེས་པ་ནི 	དེ 	bstod tshogs ka_.txt	    གནས་མཆོག  ཉིད ་དོ  །_།  དེ  བརྙེས་པ་ནི  དེ 
 ཉིད ་དུ 						ཉིད	་དུ 	བསྒྲུབས་པ 	-ས 	ཐོབ་པ་སྟེ 	།_ 	bstod tshogs ka_.txt	     ཉིད ་དུ  བསྒྲུབས་པ  -ས  ཐོབ་པ་སྟེ  །_ 
སངས་རྒྱས  ཉིད  བསྒྲུབས་པ་དང 	ཡོངས་སུ 	དག་པ 	-འི 	རྒྱུས 	སངས་རྒྱས 	ཉིད 	བསྒྲུབས་པ་དང 	ལྡན་པ་ཞེས 	བྱ་བ 	-འི 	དོན་ཏོ 	bstod tshogs ka_.txt	ཡོངས་སུ  དག་པ  -འི  རྒྱུས  སངས་རྒྱས  ཉིད  བསྒྲུབས་པ་དང  ལྡན་པ་ཞེས  བྱ་བ  -འི  དོན་ཏོ 
གནས་མཆོག  ཉིད  སྐྱེས་པ་སྟེ 	དོན་གྱི 	རྐྱེན་ཡིན་ནོ 	།_། 	དེས 	གནས་མཆོག 	ཉིད 	སྐྱེས་པ་སྟེ 	གནས་ལ 	ཕན་པ 	བྱས་པ 	ཁོ་ན 	bstod tshogs ka_.txt	དོན་གྱི  རྐྱེན་ཡིན་ནོ  །_།  དེས  གནས་མཆོག  ཉིད  སྐྱེས་པ་སྟེ  གནས་ལ  ཕན་པ  བྱས་པ  ཁོ་ན 
 ཉིད  འབྱུང་བ་དེ་ནི 						ཉིད 	འབྱུང་བ་དེ་ནི 	དམ་ཚིག་གསུམ་པའོ 	།_། 	ཡང་ན 	དམ་ཚིག་གསུམ་ནི 	bstod tshogs ka_.txt	     ཉིད  འབྱུང་བ་དེ་ནི  དམ་ཚིག་གསུམ་པའོ  །_།  ཡང་ན  དམ་ཚིག་གསུམ་ནི 
དེ  ཉིད  ཤེས་པ 	-འི 	བརྟུལ་ཞུགས 	བརྟན་པ་དང 	།_། 	དེ 	ཉིད 	ཤེས་པ 	བཙལ་བ་སྤྱད 	།_། 	ཅེས 	བྱ་བ 	bstod tshogs ka_.txt	-འི  བརྟུལ་ཞུགས  བརྟན་པ་དང  །_།  དེ  ཉིད  ཤེས་པ  བཙལ་བ་སྤྱད  །_།  ཅེས  བྱ་བ 
བྱར་རུང་བ  ཉིད ་དུ 	འདི་དག་ཡིན་ཏེ 	།_ 	རྒྱུད 	འདི་ཉིད་ལས 	བྱར་རུང་བ 	ཉིད	་དུ 	།_། 	གང་གི 	བྱང་ཆུབ 	སེམས 	bstod tshogs ka_.txt	འདི་དག་ཡིན་ཏེ  །_  རྒྱུད  འདི་ཉིད་ལས  བྱར་རུང་བ  ཉིད ་དུ  །_།  གང་གི  བྱང་ཆུབ  སེམས 
ཚོམ  ཉིད ་ནི 	ངེས 	འགྲུབ་སྟེ 	།_། 	ཐེ 	ཚོམ 	ཉིད	་ནི 	མི་བྱའོ 	།_། 	ཞེས 	གསུངས་པ 	bstod tshogs ka_.txt	ངེས  འགྲུབ་སྟེ  །_།  ཐེ  ཚོམ  ཉིད ་ནི  མི་བྱའོ  །_།  ཞེས  གསུངས་པ 
མཁྱེན་པ  ཉིད  ཕུན 	མཆོག་ནི 	།_ 	རྣམ་པ 	ཐམས་ཅད 	མཁྱེན་པ 	ཉིད 	ཕུན 	སུམ 	ཚོགས་པའོ 	།_། 	ཡང་ན 	bstod tshogs ka_.txt	མཆོག་ནི  །_  རྣམ་པ  ཐམས་ཅད  མཁྱེན་པ  ཉིད  ཕུན  སུམ  ཚོགས་པའོ  །_།  ཡང་ན 
སྒྱུར་བ  ཉིད ་ལ 	སྔགས་འཆང་དང 	།_ 	འཁོར 	ལོས 	སྒྱུར་བ 	ཉིད	་ལ 	སོགས་པ 	-འི 	དངོས་གྲུབ 	ཐམས་ཅད་ཀྱི 	bstod tshogs ka_.txt	སྔགས་འཆང་དང  །_  འཁོར  ལོས  སྒྱུར་བ  ཉིད ་ལ  སོགས་པ  -འི  དངོས་གྲུབ  ཐམས་ཅད་ཀྱི 
དེ  ཉིད  ཐམས་ཅད 	ནང་ན 	མཆོག་གི 	དངོས་གྲུབ་སྟེ 	།_ 	དེ 	ཉིད 	ཐམས་ཅད 	མཁྱེན་པ 	ཉིད་དོ 	།_། 	དེ 	bstod tshogs ka_.txt	ནང་ན  མཆོག་གི  དངོས་གྲུབ་སྟེ  །_  དེ  ཉིད  ཐམས་ཅད  མཁྱེན་པ  ཉིད་དོ  །_།  དེ 
བྱར་རུང་བ  ཉིད ་དུ 	གྲུབ་པ་ནི 	ཡོངས་སུ 	གྲུབ་པ་སྟེ 	མངོན་སུམ་དུ 	བྱར་རུང་བ 	ཉིད	་དུ 	སྒྲུབ་པ་དེ 	བདག་ལ་མྱུར་དུ 	སྩོལ་ཅིག་པའོ 	།_། 	bstod tshogs ka_.txt	གྲུབ་པ་ནི  ཡོངས་སུ  གྲུབ་པ་སྟེ  མངོན་སུམ་དུ  བྱར་རུང་བ  ཉིད ་དུ  སྒྲུབ་པ་དེ  བདག་ལ་མྱུར་དུ  སྩོལ་ཅིག་པའོ  །_། 
 ཉིད  །_། 						ཉིད 	།_། 	རྣམ 	པར 	ཕྱེ་ལས 	བསོད་ནམས 	bstod tshogs ka_.txt	     ཉིད  །_།  རྣམ  པར  ཕྱེ་ལས  བསོད་ནམས 