 ཡང  །_། 						ཡང 	།_། 	མཉམ 	པར 	གཞག་ཅིང 	འདྲི 	bstod tshogs ka_.txt	     ཡང  །_།  མཉམ  པར  གཞག་ཅིང  འདྲི 
 ཡང  །_། 						ཡང 	།_། 	ཀུན 	མཁྱེན 	མ 	ལགས 	bstod tshogs ka_.txt	     ཡང  །_།  ཀུན  མཁྱེན  མ  ལགས 
 ཡང ་དག 	སྤྱོད 	མི་མངའ 	།_། 	ཁྱོད་ནི 		ཡང	་དག 	དོན་དུ་ན 	།_། 	ཀུན 	མཁྱེན 	bstod tshogs ka_.txt	སྤྱོད  མི་མངའ  །_།  ཁྱོད་ནི   ཡང ་དག  དོན་དུ་ན  །_།  ཀུན  མཁྱེན 
 ཡང  དེ་ཉིད་དོ 						ཡང 	དེ་ཉིད་དོ 	།_། 	ཇི 	ལྟར 	འོ་མ་དང 	bstod tshogs ka_.txt	     ཡང  དེ་ཉིད་དོ  །_།  ཇི  ལྟར  འོ་མ་དང 
 ཡང  འགག་པ 						ཡང 	འགག་པ 	-ར 	འགྱུར་བ་མེད 	།_། 	དུས 	bstod tshogs ka_.txt	     ཡང  འགག་པ  -ར  འགྱུར་བ་མེད  །_།  དུས 
 ཡང  _།_། 						ཡང 	_།_། 	རྡོ་ཡི 	ནང་ན 	གནས 	གྱུར་ན 	bstod tshogs ka_.txt	     ཡང  _།_།  རྡོ་ཡི  ནང་ན  གནས  གྱུར་ན 
 ཡང  _།_། 						ཡང 	_།_། 	སྤྲིན་དང 	ཁུག་རྣ 	དུ་བ་དང 	_།_། 	bstod tshogs ka_.txt	     ཡང  _།_།  སྤྲིན་དང  ཁུག་རྣ  དུ་བ་དང  _།_། 
 ཡང  _།_། 						ཡང 	_།_། 	འབྱུང་དང 	འབྱུང་ལས 	གྱུར་པ 	-ས་སོ 	bstod tshogs ka_.txt	     ཡང  _།_།  འབྱུང་དང  འབྱུང་ལས  གྱུར་པ  -ས་སོ 
 ཡང  _།_། 						ཡང 	_།_། 	སྣང་བ 	མེད་ཅིང 	མཚན་ཉིད་མེད 	།_། 	bstod tshogs ka_.txt	     ཡང  _།_།  སྣང་བ  མེད་ཅིང  མཚན་ཉིད་མེད  །_། 
 ཡང  དམིགས 						ཡང 	དམིགས 	མ་ཡིན 	།_། 	ཇི 	ལྟར 	bstod tshogs ka_.txt	     ཡང  དམིགས  མ་ཡིན  །_།  ཇི  ལྟར 
 ཡང  _།_། 						ཡང 	_།_། 	དཔག་ཏུ 	མེད་པ 	-འི 	བསྐལ་པ 	bstod tshogs ka_.txt	     ཡང  _།_།  དཔག་ཏུ  མེད་པ  -འི  བསྐལ་པ 
 ཡང ་གང་གིས 						ཡང	་གང་གིས 	བསྲུངས 	གྱུར་ཅིང 	_།_། 	སྲོག་ཆགས 	bstod tshogs ka_.txt	     ཡང ་གང་གིས  བསྲུངས  གྱུར་ཅིང  _།_།  སྲོག་ཆགས 
 ཡང ་ནི 						ཡང	་ནི 	བསམ 	མི་བྱ 	།_། 	ཡུལ་དྲུག 	bstod tshogs ka_.txt	     ཡང ་ནི  བསམ  མི་བྱ  །_།  ཡུལ་དྲུག 
 ཡང  དག 	སྣང་བ 	མེད་པ 	-ར་ནི 	།_། 		ཡང 	དག 	ཇི་བཞིན 	རིག 	གྱུར་པའོ 	།_། 	bstod tshogs ka_.txt	སྣང་བ  མེད་པ  -ར་ནི  །_།   ཡང  དག  ཇི་བཞིན  རིག  གྱུར་པའོ  །_། 
 ཡང  བྱང་ཆུབ 						ཡང 	བྱང་ཆུབ 	རྒྱས་བྱེད་ཡིན 	།_། 	ཐབས 	དང་བཅས་པ 	bstod tshogs ka_.txt	     ཡང  བྱང་ཆུབ  རྒྱས་བྱེད་ཡིན  །_།  ཐབས  དང་བཅས་པ 
 ཡང  རྫོགས་ཤིང་གསལ 						ཡང 	རྫོགས་ཤིང་གསལ 	།_། 	སངས 	རྒྱས 	ཆོས་དང 	bstod tshogs ka_.txt	     ཡང  རྫོགས་ཤིང་གསལ  །_།  སངས  རྒྱས  ཆོས་དང 
 ཡང  དག 						ཡང 	དག 	སྐྱེད 	བྱས་ནས 	།_། 	ཕྱིར 	bstod tshogs ka_.txt	     ཡང  དག  སྐྱེད  བྱས་ནས  །_།  ཕྱིར 
 ཡང ་ཡང 	མི་ལྡོག 	པར 				ཡང	་ཡང 	འབྱུང 	_།_། 	ནག་པོ 	-འི 	bstod tshogs ka_.txt	མི་ལྡོག  པར     ཡང ་ཡང  འབྱུང  _།_།  ནག་པོ  -འི 
སོ་སོ  ཡང ་དག 	འཁོར་གྱིས 	མི 	གཡོས་པའོ 	།_། 	སོ་སོ 	ཡང	་དག 	རིག 	ཀུན་ལ 	།_། 	ཆོས 	bstod tshogs ka_.txt	འཁོར་གྱིས  མི  གཡོས་པའོ  །_།  སོ་སོ  ཡང ་དག  རིག  ཀུན་ལ  །_།  ཆོས 
 ཡང  རུང་ལ 						ཡང 	རུང་ལ 	ཕྱག 	འཚལ་བསྟོད 	།_། 	རིམ་གྱིས 	bstod tshogs ka_.txt	     ཡང  རུང་ལ  ཕྱག  འཚལ་བསྟོད  །_།  རིམ་གྱིས 
 ཡང ་དེ 						ཡང	་དེ 	སྤྱོད་ཡུལ 	།_། 	དེ 	མཐོང 	bstod tshogs ka_.txt	     ཡང ་དེ  སྤྱོད་ཡུལ  །_།  དེ  མཐོང 
 ཡང  །_། 						ཡང 	།_། 	སྡུག 	བསྔལ 	གྱུར་པ 	-འི 	bstod tshogs ka_.txt	     ཡང  །_།  སྡུག  བསྔལ  གྱུར་པ  -འི 
 ཡང  །_། 						ཡང 	།_། 	ཁྱོད་ཀྱིས 	བདུད་རྩི 	ཉིད་དུ་བསྒྲུབས 	།_། 	bstod tshogs ka_.txt	     ཡང  །_།  ཁྱོད་ཀྱིས  བདུད་རྩི  ཉིད་དུ་བསྒྲུབས  །_། 
 ཡང  །_། 						ཡང 	།_། 	མཐོང་ངོ་ཞེས་ནི 	རྗོད་པ 	-ར་བྱེད 	།_། 	bstod tshogs ka_.txt	     ཡང  །_།  མཐོང་ངོ་ཞེས་ནི  རྗོད་པ  -ར་བྱེད  །_། 
 ཡང  རབ་ཏུ་བསྟན 						ཡང 	རབ་ཏུ་བསྟན 	།_། 	ཆོས་ཀྱི 	དབྱིངས་ལ 	དབྱེ 	bstod tshogs ka_.txt	     ཡང  རབ་ཏུ་བསྟན  །_།  ཆོས་ཀྱི  དབྱིངས་ལ  དབྱེ 
 ཡང ་མཐོང 						ཡང	་མཐོང 	།_། 	མགོན་པོ 	སེམས་པ 	མི 	bstod tshogs ka_.txt	     ཡང ་མཐོང  །_།  མགོན་པོ  སེམས་པ  མི 
 ཡང  །_། 						ཡང 	།_། 	ཁྱོད 	ཉིད 	ངང་གིས 	འཇིག་རྟེན་ལ 	bstod tshogs ka_.txt	     ཡང  །_།  ཁྱོད  ཉིད  ངང་གིས  འཇིག་རྟེན་ལ 
 ཡང  རང་བཞིན་གྱིས 						ཡང 	རང་བཞིན་གྱིས 	།_། 	ཡོད་པ 	མིན་པ 	-ར 	bstod tshogs ka_.txt	     ཡང  རང་བཞིན་གྱིས  །_།  ཡོད་པ  མིན་པ  -ར 
 ཡང  བཀག་པ 						ཡང 	བཀག་པ 	མ 	མཆིས་ལ 	།_། 	སྔོན་གྱི 	bstod tshogs ka_.txt	     ཡང  བཀག་པ  མ  མཆིས་ལ  །_།  སྔོན་གྱི 
 ཡང  །_། 						ཡང 	།_། 	དེ 	ཀུན 	སེམས་ཀྱི 	དྲ་བ་རུ 	bstod tshogs ka_.txt	     ཡང  །_།  དེ  ཀུན  སེམས་ཀྱི  དྲ་བ་རུ 
 ཡང  གང་འདྲ་བས 						ཡང 	གང་འདྲ་བས 	།_། 	དེ 	བཞིན 	ཉིད 	bstod tshogs ka_.txt	     ཡང  གང་འདྲ་བས  །_།  དེ  བཞིན  ཉིད 
།_།  ཡང ་ན 	-འི 	བསྟོད་པ 	-ས 	བསྟོད་བགྱིའམ 	།_། 	ཡང	་ན 	འདི 	-ར་ནི་ཅི་ཞིག་བསྟོད 	།_། 	ཆོས 	bstod tshogs ka_.txt	-འི  བསྟོད་པ  -ས  བསྟོད་བགྱིའམ  །_།  ཡང ་ན  འདི  -ར་ནི་ཅི་ཞིག་བསྟོད  །_།  ཆོས 
 ཡང ་ནི 						ཡང	་ནི 	རྫོགས་པ 	-ར 	བྱང་ཆུབ 	ཆོས་ཀྱི 	bstod tshogs ka_.txt	     ཡང ་ནི  རྫོགས་པ  -ར  བྱང་ཆུབ  ཆོས་ཀྱི 
 ཡང  དགོས་པ 						ཡང 	དགོས་པ 	བརྗོད་པ 	-ར 	བྱ་སྟེ 	།_ 	bstod tshogs ka_.txt	     ཡང  དགོས་པ  བརྗོད་པ  -ར  བྱ་སྟེ  །_ 
འདི་ལ  ཡང ་དག 	-ར་ཅི་ཞིག 	འཆད་པ 	-ར 	འགྱུར་ཞེས 	འདི་ལ 	ཡང	་དག 	པར 	རྨོངས་པ 	དག 	དྲན་པ 	bstod tshogs ka_.txt	-ར་ཅི་ཞིག  འཆད་པ  -ར  འགྱུར་ཞེས  འདི་ལ  ཡང ་དག  པར  རྨོངས་པ  དག  དྲན་པ 
 ཡང  དགོས་པ 						ཡང 	དགོས་པ 	ཡིན་པ 	-ར 	ཤེས་པ 	-ར 	bstod tshogs ka_.txt	     ཡང  དགོས་པ  ཡིན་པ  -ར  ཤེས་པ  -ར 
 ཡང  མ་ཡིན 						ཡང 	མ་ཡིན 	ཞེ་ན 	།_ 	དེའི 	ཕྱིར 	bstod tshogs ka_.txt	     ཡང  མ་ཡིན  ཞེ་ན  །_  དེའི  ཕྱིར 
 ཡང  ཁྱད་པར་དུ 						ཡང 	ཁྱད་པར་དུ 	བྱ་བ 	-འི 	ཕྱིར 	བདག་དང 	bstod tshogs ka_.txt	     ཡང  ཁྱད་པར་དུ  བྱ་བ  -འི  ཕྱིར  བདག་དང 
 ཡང  མ་རིག་པ 						ཡང 	མ་རིག་པ 	-འི 	བག་ཆགས་སུ 	གྱུར་པ་ནི 	གླ་རྩི་ལ 	bstod tshogs ka_.txt	     ཡང  མ་རིག་པ  -འི  བག་ཆགས་སུ  གྱུར་པ་ནི  གླ་རྩི་ལ 
 ཡང  དགེ་བ 						ཡང 	དགེ་བ 	-འི 	བཤེས་གཉེན་དང 	ཕྲད་ཅིང 	ལམ་བཟང་པོ 	bstod tshogs ka_.txt	     ཡང  དགེ་བ  -འི  བཤེས་གཉེན་དང  ཕྲད་ཅིང  ལམ་བཟང་པོ 
།_།  ཡང  དག་པ 	ཅི 	-འི 	ཕྱིར 	ཞེ་ན 	།_། 	ཡང 	དག་པ 	-འི 	དོན 	རྟོགས་པ 	ཁོ་ན 	bstod tshogs ka_.txt	ཅི  -འི  ཕྱིར  ཞེ་ན  །_།  ཡང  དག་པ  -འི  དོན  རྟོགས་པ  ཁོ་ན 
 ཡང ་མེད 						ཡང	་མེད 	།_། 	གཞལ 	བར 	བྱ་བ 	bstod tshogs ka_.txt	     ཡང ་མེད  །_།  གཞལ  བར  བྱ་བ 
ཉིད་ལ  ཡང ་དག་ལྟ 	གང་ཡང་མེད 	།_། 	ཡང 	དག 	ཉིད་ལ 	ཡང	་དག་ལྟ 	།_། 	ཡང 	དག 	མཐོང་ན 	bstod tshogs ka_.txt	གང་ཡང་མེད  །_།  ཡང  དག  ཉིད་ལ  ཡང ་དག་ལྟ  །_།  ཡང  དག  མཐོང་ན 
 ཡང  ཁྱད་པར་དུ 						ཡང 	ཁྱད་པར་དུ 	བྱ་བ 	-འི་ཕྱིར 	།_ 	དངོས 	bstod tshogs ka_.txt	     ཡང  ཁྱད་པར་དུ  བྱ་བ  -འི་ཕྱིར  །_  དངོས 
 ཡང ་སོ་སོ 						ཡང	་སོ་སོ 	རང་རིག 	ཅེས་བྱ་བ་སྟེ 	།_ 	སེམས 	bstod tshogs ka_.txt	     ཡང ་སོ་སོ  རང་རིག  ཅེས་བྱ་བ་སྟེ  །_  སེམས 
 ཡང  །_ 						ཡང 	།_ 	མཚུངས་པ 	འགའ་ཡང 	ཡོད 	མིན་ཏེ 	bstod tshogs ka_.txt	     ཡང  །_  མཚུངས་པ  འགའ་ཡང  ཡོད  མིན་ཏེ 
 ཡང  གང་ཞིག་ཡོད 						ཡང 	གང་ཞིག་ཡོད 	།_། 	ཅུང 	ཟད 	ཉེ་བ 	bstod tshogs ka_.txt	     ཡང  གང་ཞིག་ཡོད  །_།  ཅུང  ཟད  ཉེ་བ 
 ཡང  ཡོད་པ 						ཡང 	ཡོད་པ 	མ་ཡིན་ནོ 	།_། 	འདྲེན་པ 	མཉམ་པ 	bstod tshogs ka_.txt	     ཡང  ཡོད་པ  མ་ཡིན་ནོ  །_།  འདྲེན་པ  མཉམ་པ 
 ཡང  ཆོས་ཀྱི 						ཡང 	ཆོས་ཀྱི 	རྒྱལ་སྲིད 	ཆེན་པོ་ལ 	བཞུགས་པ 	གང་ཡིན་ཞེས 	bstod tshogs ka_.txt	     ཡང  ཆོས་ཀྱི  རྒྱལ་སྲིད  ཆེན་པོ་ལ  བཞུགས་པ  གང་ཡིན་ཞེས 
 ཡང  ཡིན་པ 						ཡང 	ཡིན་པ 	-ས་ན 	ཆོས་ཀྱི 	རྒྱལ་སྲིད 	ཆེན་པོ་སྟེ 	bstod tshogs ka_.txt	     ཡང  ཡིན་པ  -ས་ན  ཆོས་ཀྱི  རྒྱལ་སྲིད  ཆེན་པོ་སྟེ 
 ཡང  ཁྱད་པར་དུ 						ཡང 	ཁྱད་པར་དུ 	བྱ་བ 	-འི 	ཕྱིར 	ཕྱོགས 	bstod tshogs ka_.txt	     ཡང  ཁྱད་པར་དུ  བྱ་བ  -འི  ཕྱིར  ཕྱོགས 
-ས  ཡང ་དག 	རྣམ་པ 	ལྔ 	-འི 	རིམ་པ 	-ས 	ཡང	་དག 	པར 	སངས་རྒྱས་སོ 	།_། 	དེ་ནས 	bstod tshogs ka_.txt	རྣམ་པ  ལྔ  -འི  རིམ་པ  -ས  ཡང ་དག  པར  སངས་རྒྱས་སོ  །_།  དེ་ནས 
 ཡང  དགའ་ལྡན་གྱི 						ཡང 	དགའ་ལྡན་གྱི 	གནས་མཆོག་ཏུ 	བཞུགས་པ 	-འི 	དམ་པ 	bstod tshogs ka_.txt	     ཡང  དགའ་ལྡན་གྱི  གནས་མཆོག་ཏུ  བཞུགས་པ  -འི  དམ་པ 
།_།  ཡང  དག 	-འི 	གནས་ཀྱི 	སྟེང 	བཞུགས་ཏེ 	།_། 	ཡང 	དག 	སངས་རྒྱས 	དེ 	-ར 	སངས་རྒྱས 	bstod tshogs ka_.txt	-འི  གནས་ཀྱི  སྟེང  བཞུགས་ཏེ  །_།  ཡང  དག  སངས་རྒྱས  དེ  -ར  སངས་རྒྱས 
 ཡང  སྨོན་ལམ 						ཡང 	སྨོན་ལམ 	བྱེད་པ 	-ར 	འདོད་པ 	-འི 	bstod tshogs ka_.txt	     ཡང  སྨོན་ལམ  བྱེད་པ  -ར  འདོད་པ  -འི 
།_།  ཡང ་ན 	-ས་ན 	བདེ་བ 	-ར 	གཤེགས་པའོ 	།_། 	ཡང	་ན 	ཉིད་ཀྱི 	དོན 	མཐའ 	-ར 	bstod tshogs ka_.txt	-ས་ན  བདེ་བ  -ར  གཤེགས་པའོ  །_།  ཡང ་ན  ཉིད་ཀྱི  དོན  མཐའ  -ར 
 ཡང  མཉེས 						ཡང 	མཉེས 	བྱས 	དེ 	-ས་ནི 	བསྟན་པ 	bstod tshogs ka_.txt	     ཡང  མཉེས  བྱས  དེ  -ས་ནི  བསྟན་པ 
 ཡང ་བཟུང 						ཡང	་བཟུང 	།_། 	ཚུལ 	ཁྲིམས 	ཐོས་པ 	bstod tshogs ka_.txt	     ཡང ་བཟུང  །_།  ཚུལ  ཁྲིམས  ཐོས་པ 
འདི  ཡང ་དག་བཟུང 	-འི 	དོན་དུ 	ང་ཡིས 	སྐུ 	འདི 	ཡང	་དག་བཟུང 	།_། 	སེམས 	ཅན 	རྣམས་ལ་ཡིད་ཀྱིས 	bstod tshogs ka_.txt	-འི  དོན་དུ  ང་ཡིས  སྐུ  འདི  ཡང ་དག་བཟུང  །_།  སེམས  ཅན  རྣམས་ལ་ཡིད་ཀྱིས 
 ཡང  དེ 						ཡང 	དེ 	-ས་ནི 	མཆོད་པ 	འབྱུང་འགྱུར་ཏེ 	།_། 	bstod tshogs ka_.txt	     ཡང  དེ  -ས་ནི  མཆོད་པ  འབྱུང་འགྱུར་ཏེ  །_། 
 ཡང  ཉེ་བ 						ཡང 	ཉེ་བ 	-ར 	གྱུར་པ 	-ས 	ང་ཡིས 	bstod tshogs ka_.txt	     ཡང  ཉེ་བ  -ར  གྱུར་པ  -ས  ང་ཡིས 
 ཡང  བསམ 						ཡང 	བསམ 	དག་པས 	།_། 	ཁྱོད་ལ 	ཚུལ་བཞིན 	bstod tshogs ka_.txt	     ཡང  བསམ  དག་པས  །_།  ཁྱོད་ལ  ཚུལ་བཞིན 
 ཡང  །_། 						ཡང 	།_། 	མངོན 	པར 	ཆགས་པ 	མངའ 	bstod tshogs ka_.txt	     ཡང  །_།  མངོན  པར  ཆགས་པ  མངའ 
 ཡང ་ནི 						ཡང	་ནི 	མི 	གཤེགས་པས 	།_། 	གནས་ནི 	bstod tshogs ka_.txt	     ཡང ་ནི  མི  གཤེགས་པས  །_།  གནས་ནི 
 ཡང  །_། 						ཡང 	།_། 	མཁས་པ 	རྣམས་ཀྱིས 	དམིགས 	མ་ལགས 	bstod tshogs ka_.txt	     ཡང  །_།  མཁས་པ  རྣམས་ཀྱིས  དམིགས  མ་ལགས 
 ཡང  འཆིང་བ 						ཡང 	འཆིང་བ 	-ར་འགྱུར 	།_། 	ཁྱོད 	ཉིད 	bstod tshogs ka_.txt	     ཡང  འཆིང་བ  -ར་འགྱུར  །_།  ཁྱོད  ཉིད 
 ཡང  གྲོལ་བ 						ཡང 	གྲོལ་བ 	-ར་འགྱུར 	།_། 	ཨེ 	མ 	bstod tshogs ka_.txt	     ཡང  གྲོལ་བ  -ར་འགྱུར  །_།  ཨེ  མ 
 ཡང ་ལགས 						ཡང	་ལགས 	།_། 	སངས 	རྒྱས 	རང 	bstod tshogs ka_.txt	     ཡང ་ལགས  །_།  སངས  རྒྱས  རང 
 ཡང ་གདའ 						ཡང	་གདའ 	།_། 	འདིར 	ཁྱོད 	བསྟོད་པ 	bstod tshogs ka_.txt	     ཡང ་གདའ  །_།  འདིར  ཁྱོད  བསྟོད་པ 
 ཡང  རྟེན 						ཡང 	རྟེན 	མི་མངའ 	།_། 	དེ 	ལྟར 	bstod tshogs ka_.txt	     ཡང  རྟེན  མི་མངའ  །_།  དེ  ལྟར 
 ཡང  ཀུན་རྫོབ་ཏུ 						ཡང 	ཀུན་རྫོབ་ཏུ 	།_། 	བདག 	ཅག 	ངག་ལམ 	bstod tshogs ka_.txt	     ཡང  ཀུན་རྫོབ་ཏུ  །_།  བདག  ཅག  ངག་ལམ 
 ཡང  _།_། 						ཡང 	_།_། 	དེ་བཞིན 	སྲིད་པ 	ཀུན་དུ 	འབྱུང 	bstod tshogs ka_.txt	     ཡང  _།_།  དེ་བཞིན  སྲིད་པ  ཀུན་དུ  འབྱུང 
 ཡང  ཇི་ལྟར་ལྟོས 						ཡང 	ཇི་ལྟར་ལྟོས 	།_། 	རང་ལས 	དངོས་པ 	སྐྱེ་བ་མེད 	bstod tshogs ka_.txt	     ཡང  ཇི་ལྟར་ལྟོས  །_།  རང་ལས  དངོས་པ  སྐྱེ་བ་མེད 
།_།  ཡང  དག 	།_། 	ཉོན་མོངས 	རྣམས་ཀྱང 	དེ་བཞིན་ཏེ 	།_། 	ཡང 	དག 	ལོག་པ 	-འང 	རང་ལས་ཅི 	།_། 	bstod tshogs ka_.txt	།_།  ཉོན་མོངས  རྣམས་ཀྱང  དེ་བཞིན་ཏེ  །_།  ཡང  དག  ལོག་པ  -འང  རང་ལས་ཅི  །_། 
།_།  ཡང  དག་པ 	།_། 	རང 	བཞིན་གྱིས་ཀྱང 	མྱ་ངན་འདས 	།_། 	ཡང 	དག་པ 	-ར་ནི 	མ 	སྐྱེས་ལགས 	།_། 	bstod tshogs ka_.txt	།_།  རང  བཞིན་གྱིས་ཀྱང  མྱ་ངན་འདས  །_།  ཡང  དག་པ  -ར་ནི  མ  སྐྱེས་ལགས  །_། 
གལ་ཏེ  ཡང ་དག 	དབང་པོ 	རྣམས་ཀྱིས་གང 	དམིགས་དེ 	།_། 	གལ་ཏེ 	ཡང	་དག 	མཆིས 	གྱུར་ན 	།_། 	བྱིས་པ 	bstod tshogs ka_.txt	དབང་པོ  རྣམས་ཀྱིས་གང  དམིགས་དེ  །_།  གལ་ཏེ  ཡང ་དག  མཆིས  གྱུར་ན  །_།  བྱིས་པ 
-ས  ཡང ་དག 					-ས 	ཡང	་དག 	རིག་པ 	-ར་འགྱུར 	།_། 	གང 	bstod tshogs ka_.txt	    -ས  ཡང ་དག  རིག་པ  -ར་འགྱུར  །_།  གང 
ཚེ  ཡང ་དག 					ཚེ 	ཡང	་དག 	ཤེས་པ 	-ས་ཅི 	།_། 	དབང་པོ 	bstod tshogs ka_.txt	    ཚེ  ཡང ་དག  ཤེས་པ  -ས་ཅི  །_།  དབང་པོ 
།_།  ཡང  དག 	།_། 	གང་གིས་ཅི་ཞིག 	མ 	རྟོགས་པ 	།_། 	ཡང 	དག 	ཇི་བཞིན 	ཐུགས་ཆུད་ནས 	།_། 	དེས་ན 	bstod tshogs ka_.txt	།_།  གང་གིས་ཅི་ཞིག  མ  རྟོགས་པ  །_།  ཡང  དག  ཇི་བཞིན  ཐུགས་ཆུད་ནས  །_།  དེས་ན 
 ཡང  _།_། 						ཡང 	_།_། 	རྨི་ལམ 	འདྲ་བ 	-ར 	ཁྱོད་ཀྱིས་གསུངས 	bstod tshogs ka_.txt	     ཡང  _།_།  རྨི་ལམ  འདྲ་བ  -ར  ཁྱོད་ཀྱིས་གསུངས 
 ཡང  _།_། 						ཡང 	_།_། 	དེ་བཞིན 	བཅིངས 	གྲོལ 	ཡེ་ཤེས་ལ 	bstod tshogs ka_.txt	     ཡང  _།_།  དེ་བཞིན  བཅིངས  གྲོལ  ཡེ་ཤེས་ལ 
 ཡང ་དག 	།_། 	གཉིས 	འདོད 			ཡང	་དག 	རིག་མ་ལགས 	།_། 	གང་ལས 	སྐྱེས་པ 	bstod tshogs ka_.txt	།_།  གཉིས  འདོད    ཡང ་དག  རིག་མ་ལགས  །_།  གང་ལས  སྐྱེས་པ 
།_།  ཡང  དག་པ 	དེ 	བཞིན 	ཐམས་ཅད 	སྐྱེས་པའམ 	།_། 	ཡང 	དག་པ 	-ར་ནི 	མ 	སྐྱེས་ལགས 	།_། 	bstod tshogs ka_.txt	དེ  བཞིན  ཐམས་ཅད  སྐྱེས་པའམ  །_།  ཡང  དག་པ  -ར་ནི  མ  སྐྱེས་ལགས  །_། 
 ཡང ་གང་གིས 						ཡང	་གང་གིས 	མ 	བཀྲོལ་ཞེས 	།_། 	དེ 	bstod tshogs ka_.txt	     ཡང ་གང་གིས  མ  བཀྲོལ་ཞེས  །_།  དེ 
 ཡང  གཞན་གྱིས་བགྱིས 						ཡང 	གཞན་གྱིས་བགྱིས 	།_། 	བྱས་པ 	ཅན་དུ 	འགྱུར་བ་ལགས 	bstod tshogs ka_.txt	     ཡང  གཞན་གྱིས་བགྱིས  །_།  བྱས་པ  ཅན་དུ  འགྱུར་བ་ལགས 
།_།  ཡང ་ན་དེ་ཡི 					།_། 	ཡང	་ན་དེ་ཡི 	བྱ་བ་བྱེད 	།_། 	བྱེད་པ་པོ 	-ར་ནི 	bstod tshogs ka_.txt	    །_།  ཡང ་ན་དེ་ཡི  བྱ་བ་བྱེད  །_།  བྱེད་པ་པོ  -ར་ནི 
 ཡང ་ནི 						ཡང	་ནི 	མེད་ཅེས་གསུངས 	།_། 	དངོས་དང 	དངོས་མེད་གཉིས 	bstod tshogs ka_.txt	     ཡང ་ནི  མེད་ཅེས་གསུངས  །_།  དངོས་དང  དངོས་མེད་གཉིས 
 ཡང ་ལགས 						ཡང	་ལགས 	།_། 	ཤེས་པ 	མེད་ཅིང 	ཤེས་བྱ 	bstod tshogs ka_.txt	     ཡང ་ལགས  །_།  ཤེས་པ  མེད་ཅིང  ཤེས་བྱ 
 ཡང  གཅིག 						ཡང 	གཅིག 	མིན 	དུ་མ 	-འང་མིན 	།_། 	bstod tshogs ka_.txt	     ཡང  གཅིག  མིན  དུ་མ  -འང་མིན  །_། 
 ཡང ་མེད 						ཡང	་མེད 	།_། 	གཞི 	མེད་པ་དང 	མི 	bstod tshogs ka_.txt	     ཡང ་མེད  །_།  གཞི  མེད་པ་དང  མི 
 ཡང  མི 						ཡང 	མི 	སྐྱེ 	མི 	འགག་དང 	_།_། 	bstod tshogs ka_.txt	     ཡང  མི  སྐྱེ  མི  འགག་དང  _།_། 
དེ་ནི  ཡང ་དག 	བཞིན 	ཉིད་དང 	རྫས་སུ་བཞེད 	།_། 	དེ་ནི 	ཡང	་དག 	མི 	སླུ་བ 	།_། 	དེ 	bstod tshogs ka_.txt	བཞིན  ཉིད་དང  རྫས་སུ་བཞེད  །_།  དེ་ནི  ཡང ་དག  མི  སླུ་བ  །_།  དེ 
 ཡང  དངོས་པོ་མེད 						ཡང 	དངོས་པོ་མེད 	།_། 	དེ 	ཕྱིར 	རྟེན་ཅིང 	bstod tshogs ka_.txt	     ཡང  དངོས་པོ་མེད  །_།  དེ  ཕྱིར  རྟེན་ཅིང 
_།_།  ཡང ་དག 	།_། 	ངོ་བོ 	ཉིད་དང 	རང་བཞིན་དང 	_།_། 	ཡང	་དག 	རྫས 	དངོས་ཡོད་པ 	-འང་ལགས 	།_། 	bstod tshogs ka_.txt	།_།  ངོ་བོ  ཉིད་དང  རང་བཞིན་དང  _།_།  ཡང ་དག  རྫས  དངོས་ཡོད་པ  -འང་ལགས  །_། 
།_།  ཡང  དག 	ཆད་པ 	ལགས 	པར 	ཁྱོད་ཀྱིས་གསུངས 	།_། 	ཡང 	དག 	ཤེས་པ 	-ས 	ཆད་པ་མེད 	།_། 	bstod tshogs ka_.txt	ཆད་པ  ལགས  པར  ཁྱོད་ཀྱིས་གསུངས  །_།  ཡང  དག  ཤེས་པ  -ས  ཆད་པ་མེད  །_། 
 ཡང  འགྱུར་བ་ལགས 						ཡང 	འགྱུར་བ་ལགས 	།_། 	ཤེས་པ 	ཡོད་པ 	-ས 	bstod tshogs ka_.txt	     ཡང  འགྱུར་བ་ལགས  །_།  ཤེས་པ  ཡོད་པ  -ས 
དེ་ནི  ཡང ་དག 	མེད་པ 	ཉིད 	བསྟན་པ 	།_། 	དེ་ནི 	ཡང	་དག 	དམ་པ་ལགས 	།_། 	དངོས་པོ 	-འི 	bstod tshogs ka_.txt	མེད་པ  ཉིད  བསྟན་པ  །_།  དེ་ནི  ཡང ་དག  དམ་པ་ལགས  །_།  དངོས་པོ  -འི 
 ཡང  སྐྱེ་དང 						ཡང 	སྐྱེ་དང 	འགག་ལ་སོགས 	།_། 	སེམས 	ཅན 	bstod tshogs ka_.txt	     ཡང  སྐྱེ་དང  འགག་ལ་སོགས  །_།  སེམས  ཅན 
 ཡང ་ནི 						ཡང	་ནི 	མཆིས 	མ་ལགས 	།_། 	དངོས་པོ 	bstod tshogs ka_.txt	     ཡང ་ནི  མཆིས  མ་ལགས  །_།  དངོས་པོ 
 ཡང  ཡོངས་སུ 						ཡང 	ཡོངས་སུ 	བཏགས་པ་སྟེ 	།_། 	དངོས་སུ 	མགོན་པོ 	bstod tshogs ka_.txt	     ཡང  ཡོངས་སུ  བཏགས་པ་སྟེ  །_།  དངོས་སུ  མགོན་པོ 
 ཡང  དངོས 						ཡང 	དངོས 	མ་མཆིས 	།_། 	གལ་ཏེ 	སྐྱེ 	bstod tshogs ka_.txt	     ཡང  དངོས  མ་མཆིས  །_།  གལ་ཏེ  སྐྱེ 
 ཡང  སྐྱེ་ལ་སོགས 						ཡང 	སྐྱེ་ལ་སོགས 	།_། 	གསུམ་པ 	ཐ 	དད 	bstod tshogs ka_.txt	     ཡང  སྐྱེ་ལ་སོགས  །_།  གསུམ་པ  ཐ  དད 
 ཡང ་ནི 						ཡང	་ནི 	མཆིས 	མ་ལགས 	།_། 	དེ 	bstod tshogs ka_.txt	     ཡང ་ནི  མཆིས  མ་ལགས  །_།  དེ 
ལྟར  ཡང ་དག 	འབྱུང་བ 	-ར་འགྱུར 	།_། 	དེ 	ལྟར 	ཡང	་དག 	རིག་པ 	-འི་མཆོག 	_། 	དེ 	bstod tshogs ka_.txt	འབྱུང་བ  -ར་འགྱུར  །_།  དེ  ལྟར  ཡང ་དག  རིག་པ  -འི་མཆོག  _།  དེ 
རྟེན  ཡང ་དག 	བསོད་ནམས 	གང་ཡིན་དེས 	།_། 	འཇིག 	རྟེན 	ཡང	་དག 	རིག 	མཆོག་ཤོག 	_། 	བསྟོད་པ་ལས 	bstod tshogs ka_.txt	བསོད་ནམས  གང་ཡིན་དེས  །_།  འཇིག  རྟེན  ཡང ་དག  རིག  མཆོག་ཤོག  _།  བསྟོད་པ་ལས 
ལྕི་བ་དང་ནི  ཡང ་བ 	གང་ཞིག 	རགས་དང 	ཕྲ་བ་དང 	།_། 	ལྕི་བ་དང་ནི 	ཡང	་བ 	-འི་རྡུལ 	།_། 	སྦྲུལ་གྱི 	རྐང་པ 	bstod tshogs ka_.txt	གང་ཞིག  རགས་དང  ཕྲ་བ་དང  །_།  ལྕི་བ་དང་ནི  ཡང ་བ  -འི་རྡུལ  །_།  སྦྲུལ་གྱི  རྐང་པ 
དོན་དམ  ཡང ་དག 	མ 	མགོན་པོ 	འཇམ་དབྱངས་ཀྱི 	།_། 	དོན་དམ 	ཡང	་དག 	མཚན 	བརྗོད་པའི 	།_། 	བསོད 	bstod tshogs ka_.txt	མ  མགོན་པོ  འཇམ་དབྱངས་ཀྱི  །_།  དོན་དམ  ཡང ་དག  མཚན  བརྗོད་པའི  །_།  བསོད 
 ཡང  མ 						ཡང 	མ 	སྩལ་བས 	།_། 	དེ 	ཕྱིར 	bstod tshogs ka_.txt	     ཡང  མ  སྩལ་བས  །_།  དེ  ཕྱིར 
 ཡང  །_། 						ཡང 	།_། 	ཕོངས་པ 	-ས 	གདུངས་པ 	ཉིད་དུ 	bstod tshogs ka_.txt	     ཡང  །_།  ཕོངས་པ  -ས  གདུངས་པ  ཉིད་དུ 
 ཡང  །_། 						ཡང 	།_། 	སྐལ 	ཉེས་པ་ཡི 	ཚ་བ 	-ས 	bstod tshogs ka_.txt	     ཡང  །_།  སྐལ  ཉེས་པ་ཡི  ཚ་བ  -ས 
 ཡང ་ནི 						ཡང	་ནི 	།_། 	ཐག 	རིང་དུ་ནི 	མི 	bstod tshogs ka_.txt	     ཡང ་ནི  །_།  ཐག  རིང་དུ་ནི  མི 
 ཡང  བརྩེ་བ 						ཡང 	བརྩེ་བ 	མི 	མངའ་གྱུར 	།_། 	འཇིག 	bstod tshogs ka_.txt	     ཡང  བརྩེ་བ  མི  མངའ་གྱུར  །_།  འཇིག 
 ཡང  སྐུ་ཚེ 						ཡང 	སྐུ་ཚེ 	བྱིན 	བརླབས་པ 	།_། 	རྣམ 	bstod tshogs ka_.txt	     ཡང  སྐུ་ཚེ  བྱིན  བརླབས་པ  །_།  རྣམ 
གྲོལ  ཡང ས་པ 					གྲོལ 	ཡང	ས་པ 	ཅན་གྱི་ནི 	།_། 	བྱིན 	བརླབས 	bstod tshogs ka_.txt	    གྲོལ  ཡང ས་པ  ཅན་གྱི་ནི  །_།  བྱིན  བརླབས 
ཁྱབ  ཡང ་དག 	ཆོས་སྐུ 	མཁའ 	ལྟར 	འགྲོ་བ་ལ 	ཁྱབ 	ཡང	་དག 	ཕྱག 	འཚལ་བས 	།_། 	བསོད 	bstod tshogs ka_.txt	ཆོས་སྐུ  མཁའ  ལྟར  འགྲོ་བ་ལ  ཁྱབ  ཡང ་དག  ཕྱག  འཚལ་བས  །_།  བསོད 
།_།  ཡང  དག 	-ར 	མཛད་ལ 	ཕྱག 	འཚལ་ལོ 	།_། 	ཡང 	དག 	ཉིད་དུ 	འཇིག་པ 	མེད 	ཕྱིར་དང 	bstod tshogs ka_.txt	-ར  མཛད་ལ  ཕྱག  འཚལ་ལོ  །_།  ཡང  དག  ཉིད་དུ  འཇིག་པ  མེད  ཕྱིར་དང 
 ཡང  །_། 						ཡང 	།_། 	བདེ 	གཤེགས 	ཉིད་ཀྱི 	སྤྱོད་དང 	bstod tshogs ka_.txt	     ཡང  །_།  བདེ  གཤེགས  ཉིད་ཀྱི  སྤྱོད་དང 
།_།  ཡང  དག 	བྱུང 	སངས་རྒྱས 	བདག 	ཕྱག་འཚལ 	།_། 	ཡང 	དག 	ཐུགས་ཆུད 	རྫོགས 	སངས་རྒྱས 	།_། 	bstod tshogs ka_.txt	བྱུང  སངས་རྒྱས  བདག  ཕྱག་འཚལ  །_།  ཡང  དག  ཐུགས་ཆུད  རྫོགས  སངས་རྒྱས  །_། 
-ར  ཡང ་དག་ལྡན 	འབར་བ་ཡི 	།_། 	བསོད་དང 	དུལ་བ 	-ར 	ཡང	་དག་ལྡན 	།_། 	ཐུབ་པ 	-འི 	དབང་པོ 	bstod tshogs ka_.txt	འབར་བ་ཡི  །_།  བསོད་དང  དུལ་བ  -ར  ཡང ་དག་ལྡན  །_།  ཐུབ་པ  -འི  དབང་པོ 
 ཡང  དག 	མཆོག་གྱུར་པ 	།_། 				ཡང 	དག 	བྱང་ཆུབ 	བརྙེས་པ་ལ 	།_། 	ཆེས 	bstod tshogs ka_.txt	མཆོག་གྱུར་པ  །_།     ཡང  དག  བྱང་ཆུབ  བརྙེས་པ་ལ  །_།  ཆེས 
_།  ཡང  དག 	དོན 	ཕྱིར 	སྙིང་རྗེ 	-ས་འཇུག 	_། 	ཡང 	དག 	དོན་ལ 	ཞུགས 	གྱུར་པས 	།_། 	bstod tshogs ka_.txt	དོན  ཕྱིར  སྙིང་རྗེ  -ས་འཇུག  _།  ཡང  དག  དོན་ལ  ཞུགས  གྱུར་པས  །_། 
 ཡང  ཡོད 						ཡང 	ཡོད 	མ་མཆིས 	།_། 	གང་ལ 	སྐྱབས་སུ 	bstod tshogs ka_.txt	     ཡང  ཡོད  མ་མཆིས  །_།  གང་ལ  སྐྱབས་སུ 
ཅིར  ཡང ་སྤྲུལ 	སྤྱོད 	རྫོགས་པ 	-འི་སྐུ 	།_། 	ཅིར 	ཡང	་སྤྲུལ 	སྐུ་ལ 	།_། 	གུས་པ 	-ས 	bstod tshogs ka_.txt	སྤྱོད  རྫོགས་པ  -འི་སྐུ  །_།  ཅིར  ཡང ་སྤྲུལ  སྐུ་ལ  །_།  གུས་པ  -ས 
 ཡང  ཉམས 						ཡང 	ཉམས 	མི་མངའ 	།_། 	ཉེས་པ 	བག་ཆགས 	bstod tshogs ka_.txt	     ཡང  ཉམས  མི་མངའ  །_།  ཉེས་པ  བག་ཆགས 
 ཡང  །_། 						ཡང 	།_། 	སྐྱོབ་པ 	གཅིག་པུ་ལ 	མི་མངའ 	།_། 	bstod tshogs ka_.txt	     ཡང  །_།  སྐྱོབ་པ  གཅིག་པུ་ལ  མི་མངའ  །_། 
 ཡང  བསྐལ་པ 						ཡང 	བསྐལ་པ 	-འི 	སྐྱོན་གྱིས་གནས 	།_། 	ལྕེ་ནི 	bstod tshogs ka_.txt	     ཡང  བསྐལ་པ  -འི  སྐྱོན་གྱིས་གནས  །_།  ལྕེ་ནི 
 ཡང  སྩོལ 						ཡང 	སྩོལ 	མཛད་ན 	།_། 	དངོས་པོ 	གཞན 	bstod tshogs ka_.txt	     ཡང  སྩོལ  མཛད་ན  །_།  དངོས་པོ  གཞན 
 ཡང  །_། 						ཡང 	།_། 	མ 	འོངས 	སྡུག་བསྔལ 	བསྙེངས་པ་ཡིས 	bstod tshogs ka_.txt	     ཡང  །_།  མ  འོངས  སྡུག་བསྔལ  བསྙེངས་པ་ཡིས 
 ཡང  །_། 						ཡང 	།_། 	ཉེས་པ 	རྣམས་ནི 	མི 	སེམས་པ 	bstod tshogs ka_.txt	     ཡང  །_།  ཉེས་པ  རྣམས་ནི  མི  སེམས་པ 
 ཡང  གཤེད་མ 						ཡང 	གཤེད་མ 	ཉིད་ཀྱིས་ནི 	།_། 	རལ 	གྲི 	bstod tshogs ka_.txt	     ཡང  གཤེད་མ  ཉིད་ཀྱིས་ནི  །_།  རལ  གྲི 
 ཡང  །_། 						ཡང 	།_། 	སེམས 	ཅན 	རྟག་ཏུ 	སྡུག་བསྔལ་ཅན 	bstod tshogs ka_.txt	     ཡང  །_།  སེམས  ཅན  རྟག་ཏུ  སྡུག་བསྔལ་ཅན 
 ཡང  །_། 						ཡང 	།_། 	ཐུགས་ནི 	ཀུན་དུ 	མི 	བསྙེལ་ཏེ 	bstod tshogs ka_.txt	     ཡང  །_།  ཐུགས་ནི  ཀུན་དུ  མི  བསྙེལ་ཏེ 
 ཡང  །_། 						ཡང 	།_། 	དམ་པ 	-འི 	སྤྱོད 	ལྡན 	bstod tshogs ka_.txt	     ཡང  །_།  དམ་པ  -འི  སྤྱོད  ལྡན 
 ཡང  །_། 						ཡང 	།_། 	གང་ཞིག 	ཡེ་ཤེས 	རྣམ་དག་ཕྱིར 	།_། 	bstod tshogs ka_.txt	     ཡང  །_།  གང་ཞིག  ཡེ་ཤེས  རྣམ་དག་ཕྱིར  །_། 
 ཡང  །_། 						ཡང 	།_། 	གང་ཞིག 	ཤེས་རབ་རྣམ 	འཕེལ་ཕྱིར 	།_། 	bstod tshogs ka_.txt	     ཡང  །_།  གང་ཞིག  ཤེས་རབ་རྣམ  འཕེལ་ཕྱིར  །_། 
 ཡང  །_། 						ཡང 	།_། 	སྤྱོད 	མེད 	ཞ་བོ 	རྣམས་ཀྱི་གང 	bstod tshogs ka_.txt	     ཡང  །_།  སྤྱོད  མེད  ཞ་བོ  རྣམས་ཀྱི་གང 
 ཡང  མནལ 						ཡང 	མནལ 	མི་མངའ 	།_། 	ཉེ 	བར 	bstod tshogs ka_.txt	     ཡང  མནལ  མི་མངའ  །_།  ཉེ  བར 
།_།  ཡང  དག 	མངོན 	དགྱེས 	འབྲས་བུ 	རྣམས་ལ་མིན 	།_། 	ཡང 	དག 	སྒྲུབ་པ 	དེ་ཉིད་ཀྱིས 	།_། 	ཁྱོད་ནི 	bstod tshogs ka_.txt	མངོན  དགྱེས  འབྲས་བུ  རྣམས་ལ་མིན  །_།  ཡང  དག  སྒྲུབ་པ  དེ་ཉིད་ཀྱིས  །_།  ཁྱོད་ནི 
 ཡང  །_། 						ཡང 	།_། 	བསོད 	ནམ 	-ས 	སྐྱེ་བ 	bstod tshogs ka_.txt	     ཡང  །_།  བསོད  ནམ  -ས  སྐྱེ་བ 
ཁྱོད་ནི  ཡང ་དག 	-འི 	མཐའ 	-ར་ཡང་ནི 	།_། 	ཁྱོད་ནི 	ཡང	་དག 	བྱུང་བ་ཡིས 	།_། 	ཉེས་པ 	ཉམས 	bstod tshogs ka_.txt	-འི  མཐའ  -ར་ཡང་ནི  །_།  ཁྱོད་ནི  ཡང ་དག  བྱུང་བ་ཡིས  །_།  ཉེས་པ  ཉམས 
 ཡང  མི 						ཡང 	མི 	གདའ་བ 	།_། 	དེ 	ལྟར 	bstod tshogs ka_.txt	     ཡང  མི  གདའ་བ  །_།  དེ  ལྟར 
 ཡང  །_། 						ཡང 	།_། 	མེ 	ཁྱེར 	ཙམ་དུ 	མི 	bstod tshogs ka_.txt	     ཡང  །_།  མེ  ཁྱེར  ཙམ་དུ  མི 
 ཡང  ཉེས་པ 						ཡང 	ཉེས་པ 	མི 	མངའ་ལ 	།_། 	ཁྱོད་ཀྱི 	bstod tshogs ka_.txt	     ཡང  ཉེས་པ  མི  མངའ་ལ  །_།  ཁྱོད་ཀྱི 
 ཡང ་ནི 						ཡང	་ནི 	མང་པོ་ཡིན 	།_། 	འཇིག 	རྟེན 	bstod tshogs ka_.txt	     ཡང ་ནི  མང་པོ་ཡིན  །_།  འཇིག  རྟེན 
 ཡང  ཁྱོད་ཀྱི 						ཡང 	ཁྱོད་ཀྱི 	རྗེས་འགྲོ་སློབ 	།_། 	གྲོལ་བ 	ཙམ་གྱིས 	bstod tshogs ka_.txt	     ཡང  ཁྱོད་ཀྱི  རྗེས་འགྲོ་སློབ  །_།  གྲོལ་བ  ཙམ་གྱིས 
།_།  ཡང ་ན 	ཁྱོད་དང 	བསྒྲུན་ལྡོན 	ཁོ་ན 	-ར་བས 	།_། 	ཡང	་ན 	དེ་ཡང 	ཁྱོད 	མཚུངས་མིན 	།_། 	bstod tshogs ka_.txt	ཁྱོད་དང  བསྒྲུན་ལྡོན  ཁོ་ན  -ར་བས  །_།  ཡང ་ན  དེ་ཡང  ཁྱོད  མཚུངས་མིན  །_། 
 ཡང  །_། 						ཡང 	།_། 	བདག་གི 	ཆོས་ཉིད 	རྗེས 	བསམས་ནས 	bstod tshogs ka_.txt	     ཡང  །_།  བདག་གི  ཆོས་ཉིད  རྗེས  བསམས་ནས 
 ཡང  །_། 						ཡང 	།_། 	གང་གིས 	རྒྱལ་བ 	-ར 	བྱ་བ 	bstod tshogs ka_.txt	     ཡང  །_།  གང་གིས  རྒྱལ་བ  -ར  བྱ་བ 
 ཡང  །_། 						ཡང 	།_། 	གཞན་ལ 	མི 	བསྟེན་པ་ཡིས་ནི 	།_། 	bstod tshogs ka_.txt	     ཡང  །_།  གཞན་ལ  མི  བསྟེན་པ་ཡིས་ནི  །_། 
 ཡང  །_། 						ཡང 	།_། 	ལྷག 	པར 	ཉོན་མོངས་ལས 	རྒྱལ་གྱུར 	bstod tshogs ka_.txt	     ཡང  །_།  ལྷག  པར  ཉོན་མོངས་ལས  རྒྱལ་གྱུར 
 ཡང  །_། 						ཡང 	།_། 	ཉེས 	ཟད 	ཤིན་ཏུ 	མ 	bstod tshogs ka_.txt	     ཡང  །_།  ཉེས  ཟད  ཤིན་ཏུ  མ 
།_།  ཡང ་ན 	།_། 	དེ་ལ 	མིག་ནི 	མེད་པ་སྟེ 	།_། 	ཡང	་ན 	ཡོད་ཀྱང 	དོན་མེད་པའོ 	།_། 	ཉེ 	bstod tshogs ka_.txt	།_།  དེ་ལ  མིག་ནི  མེད་པ་སྟེ  །_།  ཡང ་ན  ཡོད་ཀྱང  དོན་མེད་པའོ  །_།  ཉེ 
 ཡང  ལྟ་དང 						ཡང 	ལྟ་དང 	ཞི་བའམ 	།_། 	ཡུལ་ནི 	ཤིན་ཏུ 	bstod tshogs ka_.txt	     ཡང  ལྟ་དང  ཞི་བའམ  །_།  ཡུལ་ནི  ཤིན་ཏུ 
 ཡང  །_། 						ཡང 	།_། 	མཐོང 	བས 	ངོམས་པ 	ཅི 	bstod tshogs ka_.txt	     ཡང  །_།  མཐོང  བས  ངོམས་པ  ཅི 
 ཡང  །_། 						ཡང 	།_། 	གང་ཞིག་ཡི 	དགས 	རྣམས་ཀྱིས་ནི 	།_། 	bstod tshogs ka_.txt	     ཡང  །_།  གང་ཞིག་ཡི  དགས  རྣམས་ཀྱིས་ནི  །_། 
 ཡང  །_། 						ཡང 	།_། 	འགྲོ་བ 	འདི་དག 	ཐམས་ཅད་ནི 	།_། 	bstod tshogs ka_.txt	     ཡང  །_།  འགྲོ་བ  འདི་དག  ཐམས་ཅད་ནི  །_། 
 ཡང  བཟོད་པ 						ཡང 	བཟོད་པ 	-ར་མཛད 	།_། 	དབེན་པ 	-འི 	bstod tshogs ka_.txt	     ཡང  བཟོད་པ  -ར་མཛད  །_།  དབེན་པ  -འི 
།_།  ཡང ་ན 	རྗེ་བཙུན 	མོས 	མི 	བྱ་མེད 	།_། 	ཡང	་ན 	ཁྱོད་ནི་དེ 	ཆགས་པས 	།_། 	རང་དང 	bstod tshogs ka_.txt	རྗེ་བཙུན  མོས  མི  བྱ་མེད  །_།  ཡང ་ན  ཁྱོད་ནི་དེ  ཆགས་པས  །_།  རང་དང 
 ཡང  །_། 						ཡང 	།_། 	ཁྱོད་ཀྱི 	ཞབས་ཀྱིས 	འདོར་བ 	-ར་མཛད 	bstod tshogs ka_.txt	     ཡང  །_།  ཁྱོད་ཀྱི  ཞབས་ཀྱིས  འདོར་བ  -ར་མཛད 
།_།  ཡང ་ན 	རྗེས 	ཐུགས་རྗེ 	མཛད 	མ་གྱུར 	།_། 	ཡང	་ན 	ཁྱོད 	ཉིད 	དཀའ་བ་རྣམས 	།_། 	bstod tshogs ka_.txt	རྗེས  ཐུགས་རྗེ  མཛད  མ་གྱུར  །_།  ཡང ་ན  ཁྱོད  ཉིད  དཀའ་བ་རྣམས  །_། 
 ཡང  །_། 						ཡང 	།_། 	རྗེས་སུ 	མཐུན 	མིན 	གཏོང་བ་ཡང 	bstod tshogs ka_.txt	     ཡང  །_།  རྗེས་སུ  མཐུན  མིན  གཏོང་བ་ཡང 
 ཡང  །_། 						ཡང 	།_། 	དངོས་པོ 	ཤེས་ན 	རྗེས་སུ་མཐུན 	།_། 	bstod tshogs ka_.txt	     ཡང  །_།  དངོས་པོ  ཤེས་ན  རྗེས་སུ་མཐུན  །_། 
 ཡང  །_། 						ཡང 	།_། 	ཁྱོད་ཀྱི 	གསུང་ནི 	དེ་ལྟ་བུ 	།_། 	bstod tshogs ka_.txt	     ཡང  །_།  ཁྱོད་ཀྱི  གསུང་ནི  དེ་ལྟ་བུ  །_། 
 ཡང  །_། 						ཡང 	།_། 	ཐམས་ཅད 	མཁྱེན་པ 	ལགས་སོ་ཞེས 	།_། 	bstod tshogs ka_.txt	     ཡང  །_།  ཐམས་ཅད  མཁྱེན་པ  ལགས་སོ་ཞེས  །_། 
 ཡང ་དེ་གཉིས 						ཡང	་དེ་གཉིས 	ལྡན་པ་དག 	_། 	ཐམས་ཅད 	རོ་གཅིག 	bstod tshogs ka_.txt	     ཡང ་དེ་གཉིས  ལྡན་པ་དག  _།  ཐམས་ཅད  རོ་གཅིག 
དགོངས་པ  ཡང ་དག 	རྗེ 	བརྩོན་འགྲུས 	ཕུན་ཚོགས་པས 	།_། 	དགོངས་པ 	ཡང	་དག 	ཤེས་རབ་ཀྱང 	།_། 	ཐམས་ཅད་ལ་ནི 	བརྩོན་དང་ལྡན 	bstod tshogs ka_.txt	རྗེ  བརྩོན་འགྲུས  ཕུན་ཚོགས་པས  །_།  དགོངས་པ  ཡང ་དག  ཤེས་རབ་ཀྱང  །_།  ཐམས་ཅད་ལ་ནི  བརྩོན་དང་ལྡན 
 ཡང  །_། 						ཡང 	།_། 	སྤྱོད་པ 	-འི 	གཉེན་པོ 	-འི 	bstod tshogs ka_.txt	     ཡང  །_།  སྤྱོད་པ  -འི  གཉེན་པོ  -འི 
 ཡང  རྟེན་ཅིང 						ཡང 	རྟེན་ཅིང 	འབྲེལ 	འབྱུང་བའི 	།_། 	རྣམ་པ 	bstod tshogs ka_.txt	     ཡང  རྟེན་ཅིང  འབྲེལ  འབྱུང་བའི  །_།  རྣམ་པ 
།_།  ཡང ་དང་ཡང་དུ 	མེད་པ་གང 	དབྱེ 	-ར 	མེད་པས 	།_། 	ཡང	་དང་ཡང་དུ 	མི 	ཤེས་པའི 	།_། 	རབ་རིབ 	bstod tshogs ka_.txt	མེད་པ་གང  དབྱེ  -ར  མེད་པས  །_།  ཡང ་དང་ཡང་དུ  མི  ཤེས་པའི  །_།  རབ་རིབ 
 ཡང ་བདེན 						ཡང	་བདེན 	དོན་ཕྱིར 	།_། 	རེ་ཞིག 	དང་པོ 	bstod tshogs ka_.txt	     ཡང ་བདེན  དོན་ཕྱིར  །_།  རེ་ཞིག  དང་པོ 
 ཡང  །_། 						ཡང 	།_། 	གཞན་ཡང 	འགྲོ་བ 	གཞན་དབང་ལ 	།_། 	bstod tshogs ka_.txt	     ཡང  །_།  གཞན་ཡང  འགྲོ་བ  གཞན་དབང་ལ  །_། 
 ཡང ་སྤེལ 						ཡང	་སྤེལ 	།_། 	ཐ 	མ 	-འི 	bstod tshogs ka_.txt	     ཡང ་སྤེལ  །_།  ཐ  མ  -འི 
 ཡང ་འབེབས 						ཡང	་འབེབས 	།_། 	འདུལ 	བ 	-འི 	bstod tshogs ka_.txt	     ཡང ་འབེབས  །_།  འདུལ  བ  -འི 
 ཡང  སླུ 						ཡང 	སླུ 	མི་མངའ 	།_། 	ཁྱོད་ཀྱི 	ཉན་ཐོས 	bstod tshogs ka_.txt	     ཡང  སླུ  མི་མངའ  །_།  ཁྱོད་ཀྱི  ཉན་ཐོས 
 ཡང ་ནི 						ཡང	་ནི 	དེ་བཞིན་བཞུགས 	།_། 	འགྲོ་བ་ཡི་ནི 	དོན 	bstod tshogs ka_.txt	     ཡང ་ནི  དེ་བཞིན་བཞུགས  །_།  འགྲོ་བ་ཡི་ནི  དོན 
 ཡང  །_། 						ཡང 	།_། 	གནས 	པར 	བགྱི་བ་ལ 	ཐུག་ན 	bstod tshogs ka_.txt	     ཡང  །_།  གནས  པར  བགྱི་བ་ལ  ཐུག་ན 
 ཡང ་ལས 						ཡང	་ལས 	རྣམས་ལའང 	།_། 	བྱས་པ 	གཟོ་བ 	bstod tshogs ka_.txt	     ཡང ་ལས  རྣམས་ལའང  །_།  བྱས་པ  གཟོ་བ 
 ཡང  གནས་ལ 						ཡང 	གནས་ལ 	།_། 	གང་དུ 	བདུད་ཀྱིས 	མི 	bstod tshogs ka_.txt	     ཡང  གནས་ལ  །_།  གང་དུ  བདུད་ཀྱིས  མི 
 ཡང  དགའ་མགུ 						ཡང 	དགའ་མགུ 	-ར 	རབ་ཏུ་མཆི 	།_། 	ཐབས 	bstod tshogs ka_.txt	     ཡང  དགའ་མགུ  -ར  རབ་ཏུ་མཆི  །_།  ཐབས 
 ཡང  །_། 						ཡང 	།_། 	ལྟ་ལ 	སྲིད་པ 	-འི 	གདོན་གྱིས་དཀྲུགས 	bstod tshogs ka_.txt	     ཡང  །_།  ལྟ་ལ  སྲིད་པ  -འི  གདོན་གྱིས་དཀྲུགས 
།_།  ཡང ་ན 	གང་ཞིག 	སྔ་མ 	-ར 	སྨོན་ལམ་མཛད 	།_། 	ཡང	་ན 	མཐོང་དང 	ཐོས་པ་ཡང 	།_། 	འགྲོ་བ 	bstod tshogs ka_.txt	གང་ཞིག  སྔ་མ  -ར  སྨོན་ལམ་མཛད  །_།  ཡང ་ན  མཐོང་དང  ཐོས་པ་ཡང  །_།  འགྲོ་བ 
 ཡང ་ནི 						ཡང	་ནི 	དོན་ལྡན་འཁུམས 	།_། 	ཁྱོད 	ཐོས་པ 	bstod tshogs ka_.txt	     ཡང ་ནི  དོན་ལྡན་འཁུམས  །_།  ཁྱོད  ཐོས་པ 
 ཡང  །_། 						ཡང 	།_། 	ཁྱོད་ནི 	དྲན་པ 	ཙམ་གྱིས་གང 	།_། 	bstod tshogs ka_.txt	     ཡང  །_།  ཁྱོད་ནི  དྲན་པ  ཙམ་གྱིས་གང  །_། 
 ཡང  །_། 						ཡང 	།_། 	མཚར 	མིན 	གང་ཞིག 	ཐུགས་རྗེ 	bstod tshogs ka_.txt	     ཡང  །_།  མཚར  མིན  གང་ཞིག  ཐུགས་རྗེ 
 ཡང  ཁྱོད 						ཡང 	ཁྱོད 	ལགས་སོ 	།_། 	གང་ཞིག་གིས 	ཁྱོད 	bstod tshogs ka_.txt	     ཡང  ཁྱོད  ལགས་སོ  །_།  གང་ཞིག་གིས  ཁྱོད 
 ཡང  །_། 						ཡང 	།_། 	ཉེ 	བར 	ཞི་བ་དེ་ལ་ཡང 	།_། 	bstod tshogs ka_.txt	     ཡང  །_།  ཉེ  བར  ཞི་བ་དེ་ལ་ཡང  །_། 
དཔལ  ཡང  -ས་ཏེ 	དོན 	ཀུན 	འགྲུབ 	ཕྱིར 	དཔལ 	ཡང 	-ས་ཏེ 	།_། 	ཡོན་ཏན་ལེགས 	རྟེན 	བཀྲ་ཤིས་ལགས 	bstod tshogs ka_.txt	དོན  ཀུན  འགྲུབ  ཕྱིར  དཔལ  ཡང  -ས་ཏེ  །_།  ཡོན་ཏན་ལེགས  རྟེན  བཀྲ་ཤིས་ལགས 
 ཡང ་གཅོད 						ཡང	་གཅོད 	།_། 	གྱ་གྱུ 	ཅན 	རྣམས་རྣལ་དུ་འགོད 	bstod tshogs ka_.txt	     ཡང ་གཅོད  །_།  གྱ་གྱུ  ཅན  རྣམས་རྣལ་དུ་འགོད 
 ཡང  བྱས 						ཡང 	བྱས 	འཇོམས་པའི 	།_། 	གཉེན་དང 	གྲོགས 	bstod tshogs ka_.txt	     ཡང  བྱས  འཇོམས་པའི  །_།  གཉེན་དང  གྲོགས 
 ཡང  །_། 						ཡང 	།_། 	དེ 	རྣམས 	དགེ་བ་ལ 	བཙུད་ནས 	bstod tshogs ka_.txt	     ཡང  །_།  དེ  རྣམས  དགེ་བ་ལ  བཙུད་ནས 
 ཡང  ས 						ཡང 	ས 	-འི 	མུ་ན 	གནས 	རྣམས 	bstod tshogs ka_.txt	     ཡང  ས  -འི  མུ་ན  གནས  རྣམས 
 ཡང  ཐུགས་ནི 						ཡང 	ཐུགས་ནི 	མ 	བསྙེལ་ཞིང 	།_། 	སྨན 	bstod tshogs ka_.txt	     ཡང  ཐུགས་ནི  མ  བསྙེལ་ཞིང  །_།  སྨན 
 ཡང  །_། 						ཡང 	།_། 	འཕགས་པ 	-འི་ལམ་ནས 	འགོད 	མཛད་དང 	bstod tshogs ka_.txt	     ཡང  །_།  འཕགས་པ  -འི་ལམ་ནས  འགོད  མཛད་དང 
 ཡང  ལྷ 						ཡང 	ལྷ 	རྣམས་ཀྱི 	།_། 	སྨོན 	པར 	bstod tshogs ka_.txt	     ཡང  ལྷ  རྣམས་ཀྱི  །_།  སྨོན  པར 
 ཡང  ཡོན་ཏན 						ཡང 	ཡོན་ཏན 	བཞིན 	དགོངས་ཤིང 	།_། 	གཞན 	bstod tshogs ka_.txt	     ཡང  ཡོན་ཏན  བཞིན  དགོངས་ཤིང  །_།  གཞན 
 ཡང  །_། 						ཡང 	།_། 	སྤངས་པ 	-འི 	མཛད་པ 	ངོ་མཚར་ཏོ 	bstod tshogs ka_.txt	     ཡང  །_།  སྤངས་པ  -འི  མཛད་པ  ངོ་མཚར་ཏོ 
 ཡང  ཕྱག་གི 						ཡང 	ཕྱག་གི 	བདུད་རྩི་ཡིས 	།_། 	གཞན 	རྣམས་ལ་ནི 	bstod tshogs ka_.txt	     ཡང  ཕྱག་གི  བདུད་རྩི་ཡིས  །_།  གཞན  རྣམས་ལ་ནི 
 ཡང  །_། 						ཡང 	།_། 	དེ 	ལྟ 	-འི 	སྡུག་བསྔལ 	bstod tshogs ka_.txt	     ཡང  །_།  དེ  ལྟ  -འི  སྡུག་བསྔལ 
 ཡང  དགོངས་པའང 						ཡང 	དགོངས་པའང 	།_། 	དེ 	ཚེ 	ཁྱོད 	bstod tshogs ka_.txt	     ཡང  དགོངས་པའང  །_།  དེ  ཚེ  ཁྱོད 
 ཡང  །_། 						ཡང 	།_། 	ཇི 	སྐད 	སྐུལ་ཡང 	མི 	bstod tshogs ka_.txt	     ཡང  །_།  ཇི  སྐད  སྐུལ་ཡང  མི 
 ཡང ་ན 						ཡང	་ན 	གཞན་ལེགས་ལ 	།_། 	བྱམས་པ 	-འམ་ཡང་ན 	bstod tshogs ka_.txt	     ཡང ་ན  གཞན་ལེགས་ལ  །_།  བྱམས་པ  -འམ་ཡང་ན 
བཟློག་ལ  ཡང ་དག 	།_། 	ཐུགས་ཀྱིས་ཀྱང་ནི 	རྟག་ཏུ་བཏུལ 	།_། 	བཟློག་ལ 	ཡང	་དག 	འཇོག 	མཛད་པའི 	།_། 	རྒྱལ 	bstod tshogs ka_.txt	།_།  ཐུགས་ཀྱིས་ཀྱང་ནི  རྟག་ཏུ་བཏུལ  །_།  བཟློག་ལ  ཡང ་དག  འཇོག  མཛད་པའི  །_།  རྒྱལ 
 ཡང  །_། 						ཡང 	།_། 	ཁྱོད་ཀྱིས 	ངན་སོང་རྣམ 	བཟློག་ནས 	།_། 	bstod tshogs ka_.txt	     ཡང  །_།  ཁྱོད་ཀྱིས  ངན་སོང་རྣམ  བཟློག་ནས  །_། 
 ཡང  །_། 						ཡང 	།_། 	ཡུན 	རིང་གྱིས་གིས་ནི 	འཕེལ 	མཛད་པ 	bstod tshogs ka_.txt	     ཡང  །_།  ཡུན  རིང་གྱིས་གིས་ནི  འཕེལ  མཛད་པ 
 ཡང ་ན 						ཡང	་ན 	གཞན 	གསོད་ཕྱིར 	།_། 	དོན 	bstod tshogs ka_.txt	     ཡང ་ན  གཞན  གསོད་ཕྱིར  །_།  དོན 
 ཡང  །_། 						ཡང 	།_། 	སྤྱོད་པ་དང་ནི 	དོན་མཐུན་པའི 	།_། 	ལེགས 	bstod tshogs ka_.txt	     ཡང  །_།  སྤྱོད་པ་དང་ནི  དོན་མཐུན་པའི  །_།  ལེགས 
 ཡང  །_། 						ཡང 	།_། 	སླར་ཡང 	དཀའ་ལ 	བརྩོན 	ལྡན་པ 	bstod tshogs ka_.txt	     ཡང  །_།  སླར་ཡང  དཀའ་ལ  བརྩོན  ལྡན་པ 
།_།  ཡང ་ན 	ཡལ་བ 	-ར 	མ 	དོར་རོ 	།_། 	ཡང	་ན 	གཟུགས་སྐུ 	-འི 	མཐའ 	-ར་ཡང་ནི 	bstod tshogs ka_.txt	ཡལ་བ  -ར  མ  དོར་རོ  །_།  ཡང ་ན  གཟུགས་སྐུ  -འི  མཐའ  -ར་ཡང་ནི 
 ཡང  །_། 						ཡང 	།_། 	ཁྱོད་ཀྱིས 	མ 	ཉམས 	ཉིད་དུ་འཁུམས 	bstod tshogs ka_.txt	     ཡང  །_།  ཁྱོད་ཀྱིས  མ  ཉམས  ཉིད་དུ་འཁུམས 
 ཡང  ཕྱག 						ཡང 	ཕྱག 	འཚལ་ལགས 	།_། 	ཁྱོད་ཀྱི 	ཞབས 	bstod tshogs ka_.txt	     ཡང  ཕྱག  འཚལ་ལགས  །_།  ཁྱོད་ཀྱི  ཞབས 
 ཡང ་བྱས 						ཡང	་བྱས 	།_། 	མཚོ་ཆེན 	ཆབ་ནི 	བས་པ 	bstod tshogs ka_.txt	     ཡང ་བྱས  །_།  མཚོ་ཆེན  ཆབ་ནི  བས་པ 
 ཡང ་ཞེས 						ཡང	་ཞེས 	བྱ་བ 	འདི 	-ས་ནི 	ང་རྒྱལ 	bstod tshogs ka_.txt	     ཡང ་ཞེས  བྱ་བ  འདི  -ས་ནི  ང་རྒྱལ 
 ཡང  བརྩོན་པ་ལགས 						ཡང 	བརྩོན་པ་ལགས 	།_ 	ཞེས 	བྱ་བ 	འདི 	bstod tshogs ka_.txt	     ཡང  བརྩོན་པ་ལགས  །_  ཞེས  བྱ་བ  འདི 
 ཡང  གནས་སྐབས་གསུམ་པོ 						ཡང 	གནས་སྐབས་གསུམ་པོ 	རྒྱུ 	-འི 	གནས་སྐབས་དང 	།_ 	bstod tshogs ka_.txt	     ཡང  གནས་སྐབས་གསུམ་པོ  རྒྱུ  -འི  གནས་སྐབས་དང  །_ 
གནས་སྐབས་ནི  ཡང ་དག 	།_། 	འབྲས 	བུ 	-འི 	གནས་སྐབས་ནི 	ཡང	་དག 	པར 	རྫོགས་པ 	-ར 	བྱང་ཆུབ་པ 	bstod tshogs ka_.txt	།_།  འབྲས  བུ  -འི  གནས་སྐབས་ནི  ཡང ་དག  པར  རྫོགས་པ  -ར  བྱང་ཆུབ་པ 
 ཡང  བཞི་སྟེ 						ཡང 	བཞི་སྟེ 	།_ 	སྡུག 	བསྔལ 	བསྐྱེད་པ 	bstod tshogs ka_.txt	     ཡང  བཞི་སྟེ  །_  སྡུག  བསྔལ  བསྐྱེད་པ 
སོར་རྟོག་པ་དང  ཡང ་དག 	།_ 	གྲོགས 	བྱས་པ 	ལ་སོ 	སོར་རྟོག་པ་དང 	ཡང	་དག 	པར 	ལོངས 	སྤྱད་པ 	ལ་སོ 	bstod tshogs ka_.txt	།_  གྲོགས  བྱས་པ  ལ་སོ  སོར་རྟོག་པ་དང  ཡང ་དག  པར  ལོངས  སྤྱད་པ  ལ་སོ 
འདི་དག་ནི  ཡང ་དག 	སྤྱད 	འདས 	དགོངས་ཞེས 	བྱ་བ 	འདི་དག་ནི 	ཡང	་དག 	པར 	ལོངས 	སྤྱད་པ 	ལ་སོ 	bstod tshogs ka_.txt	སྤྱད  འདས  དགོངས་ཞེས  བྱ་བ  འདི་དག་ནི  ཡང ་དག  པར  ལོངས  སྤྱད་པ  ལ་སོ 
 ཡང  རྣམ་པ 						ཡང 	རྣམ་པ 	བཞི་སྟེ 	།_ 	དེ་ལ 	རེ་ཞིག 	bstod tshogs ka_.txt	     ཡང  རྣམ་པ  བཞི་སྟེ  །_  དེ་ལ  རེ་ཞིག 
 ཡང  ཕ་རོལ་ཏུ 						ཡང 	ཕ་རོལ་ཏུ 	ཕྱིན་པ 	སྟོན་པ 	ཇི་སྙེད་པ་ཡིན་ནོ 	།_། 	bstod tshogs ka_.txt	     ཡང  ཕ་རོལ་ཏུ  ཕྱིན་པ  སྟོན་པ  ཇི་སྙེད་པ་ཡིན་ནོ  །_། 
 ཡང  རྣམ་པ་གཉིས་ཏེ 						ཡང 	རྣམ་པ་གཉིས་ཏེ 	།_ 	མོས་པ 	-ས 	སྤྱོད་པ 	bstod tshogs ka_.txt	     ཡང  རྣམ་པ་གཉིས་ཏེ  །_  མོས་པ  -ས  སྤྱོད་པ 
 ཡང  །_། 						ཡང 	།_། 	ཞེས 	བྱ་བ 	འདི་དག་གིས་ནི 	སྦྱིན་པ 	bstod tshogs ka_.txt	     ཡང  །_།  ཞེས  བྱ་བ  འདི་དག་གིས་ནི  སྦྱིན་པ 
 ཡང ་ཞེས 						ཡང	་ཞེས 	བྱ་བ 	འདི་དག་གིས་ནི 	ཚུལ་ཁྲིམས་ཀྱི 	ཕ་རོལ་ཏུ 	bstod tshogs ka_.txt	     ཡང ་ཞེས  བྱ་བ  འདི་དག་གིས་ནི  ཚུལ་ཁྲིམས་ཀྱི  ཕ་རོལ་ཏུ 
-ས  ཡང ་དག་པ་ཇི 	ཐབས 	དང་བཅས་པ 	-འི 	བརྩོན་པ 	-ས 	ཡང	་དག་པ་ཇི 	ལྟ་བ 	བཞིན་དུ 	ཐུགས་སུ 	ཆུད་པ 	bstod tshogs ka_.txt	ཐབས  དང་བཅས་པ  -འི  བརྩོན་པ  -ས  ཡང ་དག་པ་ཇི  ལྟ་བ  བཞིན་དུ  ཐུགས་སུ  ཆུད་པ 
 ཡང  མེད་པ 						ཡང 	མེད་པ 	-འི 	སྐྱེ་མཆེད་ཀྱིས་ནི 	ཡུལ་ཅན 	ཕྲ་རྒྱས 	bstod tshogs ka_.txt	     ཡང  མེད་པ  -འི  སྐྱེ་མཆེད་ཀྱིས་ནི  ཡུལ་ཅན  ཕྲ་རྒྱས 
བསྐོར་བ  ཡང ་དག 	བྱ་བ 	འདི་དག་གིས་ནི 	ཆོས་ཀྱི 	འཁོར་ལོ 	བསྐོར་བ 	ཡང	་དག 	པར 	བསྟན་ཏོ 	།_། 	སྡུག 	bstod tshogs ka_.txt	བྱ་བ  འདི་དག་གིས་ནི  ཆོས་ཀྱི  འཁོར་ལོ  བསྐོར་བ  ཡང ་དག  པར  བསྟན་ཏོ  །_།  སྡུག 
གནས་པ  ཡང ་དག 	སྣང་བ་ཞེས 	བྱ་བ 	འདི་དག་གིས་ནི 	ཡུན་དུ 	གནས་པ 	ཡང	་དག 	པར 	བསྟན་ཏོ 	།_། 	དེ 	bstod tshogs ka_.txt	སྣང་བ་ཞེས  བྱ་བ  འདི་དག་གིས་ནི  ཡུན་དུ  གནས་པ  ཡང ་དག  པར  བསྟན་ཏོ  །_།  དེ 
-འི་རྫིང  ཡང  -ས 	ཟད་མཐའ 	-ར་གྱུར 	།_། 	དག་པ 	-འི་རྫིང 	ཡང 	-ས 	ཚུལ་ཁྲིམས 	ཆུ་ཡིས 	བསིལ་བ 	-ར་བལྟམས 	bstod tshogs ka_.txt	ཟད་མཐའ  -ར་གྱུར  །_།  དག་པ  -འི་རྫིང  ཡང  -ས  ཚུལ་ཁྲིམས  ཆུ་ཡིས  བསིལ་བ  -ར་བལྟམས 
 ཡང ་ཡིན་ཏེ 						ཡང	་ཡིན་ཏེ 	།_ 	འདི 	ལྟར 	མཇུག་ཏུ 	bstod tshogs ka_.txt	     ཡང ་ཡིན་ཏེ  །_  འདི  ལྟར  མཇུག་ཏུ 
 ཡང  སྙིང་རྗེ 						ཡང 	སྙིང་རྗེ 	ཆེན་པོ་དང 	བྲལ་ན 	གཞན་གྱི 	དོན 	bstod tshogs ka_.txt	     ཡང  སྙིང་རྗེ  ཆེན་པོ་དང  བྲལ་ན  གཞན་གྱི  དོན 
 ཡང  མཉམ་ཞིང 						ཡང 	མཉམ་ཞིང 	མཚུངས་པ 	མེད་པའམ 	།_ 	འདི་དང 	bstod tshogs ka_.txt	     ཡང  མཉམ་ཞིང  མཚུངས་པ  མེད་པའམ  །_  འདི་དང 
 ཡང  མེད་པ 						ཡང 	མེད་པ 	-ས 	ན་མཉམ 	མེད་དོ 	།_། 	bstod tshogs ka_.txt	     ཡང  མེད་པ  -ས  ན་མཉམ  མེད་དོ  །_། 
 ཡང  སྟོང་པ 						ཡང 	སྟོང་པ 	ཉིད་ཀྱི 	རང་བཞིན 	ལས་མི་འདའོ 	།_། 	bstod tshogs ka_.txt	     ཡང  སྟོང་པ  ཉིད་ཀྱི  རང་བཞིན  ལས་མི་འདའོ  །_། 
།_།  ཡང  སྟོང་པ 	-འང 	ཐོབ་པ 	-ར 	བྱེད་དོ 	།_། 	ཡང 	སྟོང་པ 	ཉིད་ནི 	སེམས་ཅན་གྱི 	ཚོགས 	ཐམས་ཅད 	bstod tshogs ka_.txt	-འང  ཐོབ་པ  -ར  བྱེད་དོ  །_།  ཡང  སྟོང་པ  ཉིད་ནི  སེམས་ཅན་གྱི  ཚོགས  ཐམས་ཅད 
 ཡང  རུང་སྟེ 						ཡང 	རུང་སྟེ 	མདོར་ན 	ཉེ་བ 	-ར 	ལེན་པ 	bstod tshogs ka_.txt	     ཡང  རུང་སྟེ  མདོར་ན  ཉེ་བ  -ར  ལེན་པ 
 ཡང  སྩོལ་བ 						ཡང 	སྩོལ་བ 	-ར 	མཛད་པ 	ཉིད་དོ 	།_། 	bstod tshogs ka_.txt	     ཡང  སྩོལ་བ  -ར  མཛད་པ  ཉིད་དོ  །_། 
ཚོགས་པ་སོ་སོ  ཡང ་དག 	-འི 	རྒྱུ 	ཕུན 	སུམ 	ཚོགས་པ་སོ་སོ 	ཡང	་དག 	པར 	རིག་པ་ལ 	སོགས་པ 	-འི 	bstod tshogs ka_.txt	-འི  རྒྱུ  ཕུན  སུམ  ཚོགས་པ་སོ་སོ  ཡང ་དག  པར  རིག་པ་ལ  སོགས་པ  -འི 
།_།  ཡང ་ན 	གཙོ་བོ 	རྣམས་ཀྱི་ཡང 	གཙོ་བོ་ཞེས 	བཤད་པ་ཡིན་ནོ 	།_། 	ཡང	་ན 	ཆོས་ཀྱི 	དབྱིངས 	ཤིན་ཏུ 	རྣམ་པ 	bstod tshogs ka_.txt	གཙོ་བོ  རྣམས་ཀྱི་ཡང  གཙོ་བོ་ཞེས  བཤད་པ་ཡིན་ནོ  །_།  ཡང ་ན  ཆོས་ཀྱི  དབྱིངས  ཤིན་ཏུ  རྣམ་པ 
སོ་སོ  ཡང ་དག 	ལྟར 	ན་མཉམ་པ 	ཉིད་དང 	།_ 	སོ་སོ 	ཡང	་དག 	པར 	རིག་པ་ལ 	སོགས་པ 	-འི 	bstod tshogs ka_.txt	ལྟར  ན་མཉམ་པ  ཉིད་དང  །_  སོ་སོ  ཡང ་དག  པར  རིག་པ་ལ  སོགས་པ  -འི 
 ཡང  དེ་ཙམ 						ཡང 	དེ་ཙམ 	ཁོ་ན 	-ར་བཤད 	།_། 	ཅེས 	bstod tshogs ka_.txt	     ཡང  དེ་ཙམ  ཁོ་ན  -ར་བཤད  །_།  ཅེས 
 ཡང  བཅོམ་ལྡན 						ཡང 	བཅོམ་ལྡན 	འདས 	རྣམས་ལ 	མཉམ་པ 	-འི 	bstod tshogs ka_.txt	     ཡང  བཅོམ་ལྡན  འདས  རྣམས་ལ  མཉམ་པ  -འི 
 ཡང  མེད་ན 						ཡང 	མེད་ན 	ལྷག་པ 	-འི 	དཔེ 	ཉིད 	bstod tshogs ka_.txt	     ཡང  མེད་ན  ལྷག་པ  -འི  དཔེ  ཉིད 
དེའི  ཡང ་ཆ་ནི་གང 	ཤིན་ཏུ 	ཕྲ་བ 	-འི་ཆའོ 	།_། 	དེའི 	ཡང	་ཆ་ནི་གང 	ཕན་ཆད 	བློ 	-ས་ཀྱང 	དབྲི་བ 	bstod tshogs ka_.txt	ཤིན་ཏུ  ཕྲ་བ  -འི་ཆའོ  །_།  དེའི  ཡང ་ཆ་ནི་གང  ཕན་ཆད  བློ  -ས་ཀྱང  དབྲི་བ 
 ཡང  རུང་བ 						ཡང 	རུང་བ 	འགའ་ཞིག་གོ 	།_། 	དེའི 	ཕྲ་མོ་ནི་དེ 	bstod tshogs ka_.txt	     ཡང  རུང་བ  འགའ་ཞིག་གོ  །_།  དེའི  ཕྲ་མོ་ནི་དེ 
 ཡང  མཚུངས་པ 						ཡང 	མཚུངས་པ 	མ་ཡིན་ཞིང 	འདྲ་བ 	མ་ཡིན་ཏེ 	།_ 	bstod tshogs ka_.txt	     ཡང  མཚུངས་པ  མ་ཡིན་ཞིང  འདྲ་བ  མ་ཡིན་ཏེ  །_ 
 ཡང  ནམ་མཁའ 						ཡང 	ནམ་མཁའ 	མཚུངས་པ 	མ་ཡིན 	ཞེ་ན 	།_ 	bstod tshogs ka_.txt	     ཡང  ནམ་མཁའ  མཚུངས་པ  མ་ཡིན  ཞེ་ན  །_ 
 ཡང  རུང་སྟེ 						ཡང 	རུང་སྟེ 	།_ 	ཚད 	མེད་པ 	ཡིན་ཡང་གང་གིས་ན 	bstod tshogs ka_.txt	     ཡང  རུང་སྟེ  །_  ཚད  མེད་པ  ཡིན་ཡང་གང་གིས་ན 
 ཡང  གལ་ཏེ 						ཡང 	གལ་ཏེ 	ས་གསུམ་གྱི 	བླ་མ 	རྣམས 	ཐུགས་རྗེ 	bstod tshogs ka_.txt	     ཡང  གལ་ཏེ  ས་གསུམ་གྱི  བླ་མ  རྣམས  ཐུགས་རྗེ 
 ཡང  ཐམས་ཅད 						ཡང 	ཐམས་ཅད 	རང་གི 	རྣམ་པ་ལ 	ཕྱི་རོལ་གྱི 	ངོ་བོ 	bstod tshogs ka_.txt	     ཡང  ཐམས་ཅད  རང་གི  རྣམ་པ་ལ  ཕྱི་རོལ་གྱི  ངོ་བོ 
བྱུང་བ་ནི  ཡང ་དག 	འབྱུང་བ 	ཉིད་དོ 	།_། 	དེ་ལས 	བྱུང་བ་ནི 	ཡང	་དག 	པར 	བྱུང་བའོ 	།_། 	སྨོན་ལམ་ནི 	bstod tshogs ka_.txt	འབྱུང་བ  ཉིད་དོ  །_།  དེ་ལས  བྱུང་བ་ནི  ཡང ་དག  པར  བྱུང་བའོ  །_།  སྨོན་ལམ་ནི 
 ཡང ་ཞེས 						ཡང	་ཞེས 	བྱ་བ 	-ར་ཡང 	ཁོང་དུ 	ཆུད་པ 	bstod tshogs ka_.txt	     ཡང ་ཞེས  བྱ་བ  -ར་ཡང  ཁོང་དུ  ཆུད་པ 
 ཡང  རྒྱུན 						ཡང 	རྒྱུན 	འཆད་པ 	-ར 	མི 	འགྱུར་རོ 	bstod tshogs ka_.txt	     ཡང  རྒྱུན  འཆད་པ  -ར  མི  འགྱུར་རོ 
 ཡང  རང་གི 						ཡང 	རང་གི 	དོན 	ཉིད་ཀྱི 	རྐྱེན་ཡིན་ནོ 	།_། 	bstod tshogs ka_.txt	     ཡང  རང་གི  དོན  ཉིད་ཀྱི  རྐྱེན་ཡིན་ནོ  །_། 
།_།  ཡང ་ན 	སྡེབ་སྦྱོར 	མི་ཚང 	བར 	འགྱུར་རོ 	།_། 	ཡང	་ན 	ངེས་པ 	མེད་པ 	-འི 	ཕྱིར 	bstod tshogs ka_.txt	སྡེབ་སྦྱོར  མི་ཚང  བར  འགྱུར་རོ  །_།  ཡང ་ན  ངེས་པ  མེད་པ  -འི  ཕྱིར 
 ཡང  སྨྲ་པོ 						ཡང 	སྨྲ་པོ 	-འི 	འདོད 	རྒྱུ 	-འི་བྱུང 	bstod tshogs ka_.txt	     ཡང  སྨྲ་པོ  -འི  འདོད  རྒྱུ  -འི་བྱུང 
 ཡང  གསོལ་བ 						ཡང 	གསོལ་བ 	གདབ་པ 	-འི 	རྒྱུ་ཡིན་ཏེ 	།_ 	bstod tshogs ka_.txt	     ཡང  གསོལ་བ  གདབ་པ  -འི  རྒྱུ་ཡིན་ཏེ  །_ 
།_།  ཡང ་ན 	ལྡན་པ་ཞེས 	བྱ་བ 	-འི 	དོན་ཏོ 	།_། 	ཡང	་ན 	མཆོག་གི 	སྦྱིན་པ 	སེམས་ཅན 	རྣམས་ལ 	bstod tshogs ka_.txt	ལྡན་པ་ཞེས  བྱ་བ  -འི  དོན་ཏོ  །_།  ཡང ་ན  མཆོག་གི  སྦྱིན་པ  སེམས་ཅན  རྣམས་ལ 
 ཡང  མཚུངས་པ 						ཡང 	མཚུངས་པ 	-ར 	ཤེས་པ 	-ར 	འགྱུར་བ 	bstod tshogs ka_.txt	     ཡང  མཚུངས་པ  -ར  ཤེས་པ  -ར  འགྱུར་བ 
 ཡང  _།_ 						ཡང 	_།_ 	འཇིག་རྟེན་གསུམ 	རྟག 	དམ་པ 	སྩོལ 	bstod tshogs ka_.txt	     ཡང  _།_  འཇིག་རྟེན་གསུམ  རྟག  དམ་པ  སྩོལ 
 ཡང  སྔ་མ་ཡིན་ནོ 						ཡང 	སྔ་མ་ཡིན་ནོ 	།_། 	མགོན་པོ་ནི 	ས་གསུམ་གྱི་རྗེའོ 	།_། 	bstod tshogs ka_.txt	     ཡང  སྔ་མ་ཡིན་ནོ  །_།  མགོན་པོ་ནི  ས་གསུམ་གྱི་རྗེའོ  །_། 
།_།  ཡང ་ན 	-འི 	བདག་ཉིད 	འབྱུང་བ་དེ་ནི 	དམ་ཚིག་གསུམ་པའོ 	།_། 	ཡང	་ན 	དམ་ཚིག་གསུམ་ནི 	།_ 	དོན 	ཀུན་གྲུབ 	bstod tshogs ka_.txt	-འི  བདག་ཉིད  འབྱུང་བ་དེ་ནི  དམ་ཚིག་གསུམ་པའོ  །_།  ཡང ་ན  དམ་ཚིག་གསུམ་ནི  །_  དོན  ཀུན་གྲུབ 
།_།  ཡང ་ན 	ཉིད 	ཕུན 	སུམ 	ཚོགས་པའོ 	།_། 	ཡང	་ན 	རིག 	སྔགས་འཆང་དང 	།_ 	འཁོར 	bstod tshogs ka_.txt	ཉིད  ཕུན  སུམ  ཚོགས་པའོ  །_།  ཡང ་ན  རིག  སྔགས་འཆང་དང  །_  འཁོར 
 ཡང  དཔལ 						ཡང 	དཔལ 	གྱུར་པ 	།_། 	མཚན་གྱི 	རྒྱལ་པོ་དེ་ལ 	bstod tshogs ka_.txt	     ཡང  དཔལ  གྱུར་པ  །_།  མཚན་གྱི  རྒྱལ་པོ་དེ་ལ 