མཁྱེན  འོ ངས་པ་དང 	དེ་དག་གི 	།_། 	ཚིག་དང 	སྤྱོད 	མཁྱེན 	འོ	ངས་པ་དང 	།_། 	འགྲོ་དང 	ངེས་འབྱུང 	སེམས་ཅན་ལ 	bstod tshogs ka_.txt	དེ་དག་གི  །_།  ཚིག་དང  སྤྱོད  མཁྱེན  འོ ངས་པ་དང  །_།  འགྲོ་དང  ངེས་འབྱུང  སེམས་ཅན་ལ 
ལྟར  འོ ་མ་དང 	སྐུ་ཡང 	དེ་ཉིད་དོ 	།_། 	ཇི 	ལྟར 	འོ	་མ་དང 	འདྲེས་པས 	།_། 	མར་གྱི 	སྙིང་པོ 	bstod tshogs ka_.txt	སྐུ་ཡང  དེ་ཉིད་དོ  །_།  ཇི  ལྟར  འོ ་མ་དང  འདྲེས་པས  །_།  མར་གྱི  སྙིང་པོ 
ཇི་ལྟར  འོ ་མ་རྣམ 	དབྱིངས་ཀྱང 	མི 	མཐོང་ངོ 	_།_། 	ཇི་ལྟར 	འོ	་མ་རྣམ 	སྦྱངས་པས 	།_། 	མར་གྱི 	སྙིང་པོ 	bstod tshogs ka_.txt	དབྱིངས་ཀྱང  མི  མཐོང་ངོ  _།_།  ཇི་ལྟར  འོ ་མ་རྣམ  སྦྱངས་པས  །_།  མར་གྱི  སྙིང་པོ 
།_།  འོ ད་ཀྱི 	།_། 	དེ་དང་དེ་ཡི 	ཕྱོགས 	ཉིད་ནས 	།_། 	འོ	ད་ཀྱི 	རང་བཞིན 	འབྱུང་བ 	-ར་འགྱུར 	།_། 	bstod tshogs ka_.txt	།_།  དེ་དང་དེ་ཡི  ཕྱོགས  ཉིད་ནས  །_།  འོ ད་ཀྱི  རང་བཞིན  འབྱུང་བ  -ར་འགྱུར  །_། 
ཀུན་དུ  འོ ད་གསལ་ཡང 	རིན་ཆེན་བཻཌཱུརྱ 	།_། 	དུས 	རྣམས 	ཀུན་དུ 	འོ	ད་གསལ་ཡང 	_།_། 	རྡོ་ཡི 	ནང་ན 	གནས 	bstod tshogs ka_.txt	རིན་ཆེན་བཻཌཱུརྱ  །_།  དུས  རྣམས  ཀུན་དུ  འོ ད་གསལ་ཡང  _།_།  རྡོ་ཡི  ནང་ན  གནས 
 འོ ད་ནི 	གྱུར་ན 	།_། 	དེ་ཡི 			འོ	ད་ནི 	གསལ 	མ་ཡིན 	།_། 	དེ 	bstod tshogs ka_.txt	གྱུར་ན  །_།  དེ་ཡི    འོ ད་ནི  གསལ  མ་ཡིན  །_།  དེ 
-ར  འོ ད་ནི 	དྲི་མེད་པ 	-འང 	_།_། 	འཁོར་བ 	-ར 	འོ	ད་ནི 	གསལ 	མ་ཡིན 	།_། 	མྱ་ངན 	bstod tshogs ka_.txt	དྲི་མེད་པ  -འང  _།_།  འཁོར་བ  -ར  འོ ད་ནི  གསལ  མ་ཡིན  །_།  མྱ་ངན 
འདས་ན  འོ ད་གསལ་འགྱུར 					འདས་ན 	འོ	ད་གསལ་འགྱུར 	།_། 	ཁམས 	ཡོད་ན 	ནི་ལ 	bstod tshogs ka_.txt	    འདས་ན  འོ ད་གསལ་འགྱུར  །_།  ཁམས  ཡོད་ན  ནི་ལ 
བཞིན  འོ ད་གསལ་བ་ཡི་སེམས 	བསྒྲིབས་པ 	-ར་གྱུར 	།_། 	དེ 	བཞིན 	འོ	ད་གསལ་བ་ཡི་སེམས 	།_། 	འདོད་དང 	གནོད་སེམས 	ལེ་ལོ་དང 	bstod tshogs ka_.txt	བསྒྲིབས་པ  -ར་གྱུར  །_།  དེ  བཞིན  འོ ད་གསལ་བ་ཡི་སེམས  །_།  འདོད་དང  གནོད་སེམས  ལེ་ལོ་དང 
བཞིན  འོ ད་གསལ་བ་ཡི་སེམས 	གོས 	མིན་ལྟར 	།_། 	དེ 	བཞིན 	འོ	ད་གསལ་བ་ཡི་སེམས 	།_། 	འདོད 	ཆགས་ལ 	སོགས 	bstod tshogs ka_.txt	གོས  མིན་ལྟར  །_།  དེ  བཞིན  འོ ད་གསལ་བ་ཡི་སེམས  །_།  འདོད  ཆགས་ལ  སོགས 
ཉིད  འོ ད་གསལ 	མེ་ཡིས 	ཉོན་མོངས་བསྲེག 	_། 	དེ 	ཉིད 	འོ	ད་གསལ 	མ་ཡིན་ནོ 	།_། 	སྟོང་པ 	ཉིད་ནི 	bstod tshogs ka_.txt	མེ་ཡིས  ཉོན་མོངས་བསྲེག  _།  དེ  ཉིད  འོ ད་གསལ  མ་ཡིན་ནོ  །_།  སྟོང་པ  ཉིད་ནི 
 འོ ་ཞེས་ནི 						འོ	་ཞེས་ནི 	རྗོད་པ 	-ར་བྱེད 	།_། 	དེ 	bstod tshogs ka_.txt	     འོ ་ཞེས་ནི  རྗོད་པ  -ར་བྱེད  །_།  དེ 
མིན  འོ ང་བ 	རིང་མིན 	ཉེ་བ་མིན 	།_། 	འགྲོ 	མིན 	འོ	ང་བ 	མ་ཡིན་ཞིང 	_།_། 	ཉོན་མོངས 	གཟེབ 	bstod tshogs ka_.txt	རིང་མིན  ཉེ་བ་མིན  །_།  འགྲོ  མིན  འོ ང་བ  མ་ཡིན་ཞིང  _།_།  ཉོན་མོངས  གཟེབ 
།_།  འོ ད་ཀྱིས 	ཅན 	བསོད་ནམས 	བྱས 	རྣམས་ལ 	།_། 	འོ	ད་ཀྱིས 	གསལ་ཞིང 	དཔལ་ལྡན་པའི 	།_། 	སུམ 	bstod tshogs ka_.txt	ཅན  བསོད་ནམས  བྱས  རྣམས་ལ  །_།  འོ ད་ཀྱིས  གསལ་ཞིང  དཔལ་ལྡན་པའི  །_།  སུམ 
_།_།  འོ ག་མིན 	ཕྱུག 	ཆེན་པོ 	-འི 	གནས་མཆོག་དང 	_།_། 	འོ	ག་མིན 	ཉིད་དེ་རྣམ 	མཛེས་པ 	།_། 	ཤེས་པ་གསུམ་པོ 	bstod tshogs ka_.txt	ཕྱུག  ཆེན་པོ  -འི  གནས་མཆོག་དང  _།_།  འོ ག་མིན  ཉིད་དེ་རྣམ  མཛེས་པ  །_།  ཤེས་པ་གསུམ་པོ 
 འོ  །_། 						འོ 	།_། 	བྱིས་པ 	-འི 	ནང་ན 	ཡོངས 	bstod tshogs ka_.txt	     འོ  །_།  བྱིས་པ  -འི  ནང་ན  ཡོངས 
ལྟར  འོ ་མ་དང 	རིག 	གྱུར་པའོ 	།_། 	ཇི 	ལྟར 	འོ	་མ་དང 	འདྲེས་ཆུ 	།_། 	སྣོད 	གཅིག་ན་ནི 	bstod tshogs ka_.txt	རིག  གྱུར་པའོ  །_།  ཇི  ལྟར  འོ ་མ་དང  འདྲེས་ཆུ  །_།  སྣོད  གཅིག་ན་ནི 
 འོ ་མ 	གནས་པ་ལས 	།_། 	ངང་པ 			འོ	་མ 	འཐུང་བྱེད་ཅིང 	_།_། 	ཆུ་ནི 	མ་ཡིན 	bstod tshogs ka_.txt	གནས་པ་ལས  །_།  ངང་པ    འོ ་མ  འཐུང་བྱེད་ཅིང  _།_།  ཆུ་ནི  མ་ཡིན 
 འོ  །_། 						འོ 	།_། 	བྱང 	ཆུབ 	སེམས 	ཕྱག 	bstod tshogs ka_.txt	     འོ  །_།  བྱང  ཆུབ  སེམས  ཕྱག 
-ས  འོ ད་བྱེད་པའོ 	_། 	སེལ 	བར 	བྱེད་པ 	-ས 	འོ	ད་བྱེད་པའོ 	།_། 	རྟག་ཏུ 	དག་པ 	-འི 	bstod tshogs ka_.txt	_།  སེལ  བར  བྱེད་པ  -ས  འོ ད་བྱེད་པའོ  །_།  རྟག་ཏུ  དག་པ  -འི 
 འོ ད་ཀྱིས་གསལ 						འོ	ད་ཀྱིས་གསལ 	།_། 	འདུ 	འཛི 	རྣམ་པ 	bstod tshogs ka_.txt	     འོ ད་ཀྱིས་གསལ  །_།  འདུ  འཛི  རྣམ་པ 
ཤེས  འོ ད་ཀྱིས 	-ར 	སྤངས་པ་ཡི 	།_། 	ཡེ 	ཤེས 	འོ	ད་ཀྱིས 	རབ 	བསྐོར 	བས 	།_།_ 	bstod tshogs ka_.txt	-ར  སྤངས་པ་ཡི  །_།  ཡེ  ཤེས  འོ ད་ཀྱིས  རབ  བསྐོར  བས  །_།_ 
-ས་དེ  འོ ད་འཕྲོ 					-ས་དེ 	འོ	ད་འཕྲོ 	ཅན་དུ་འདོད 	།_། 	རིག་དང 	སྒྱུ་རྩལ 	bstod tshogs ka_.txt	    -ས་དེ  འོ ད་འཕྲོ  ཅན་དུ་འདོད  །_།  རིག་དང  སྒྱུ་རྩལ 
།_།  འོ ད་ཀྱི 	ལོ 	-འི 	བཀོད་པ 	རྣམ་ཀུན་དུ 	།_། 	འོ	ད་ཀྱི 	དྲ་བ 	-ས 	རྩེ་བ་དང 	_།_། 	bstod tshogs ka_.txt	ལོ  -འི  བཀོད་པ  རྣམ་ཀུན་དུ  །_།  འོ ད་ཀྱི  དྲ་བ  -ས  རྩེ་བ་དང  _།_། 
 འོ  །_། 						འོ 	།_། 	སོ་སོ 	ཡང་དག 	རིག 	ཀུན་ལ 	bstod tshogs ka_.txt	     འོ  །_།  སོ་སོ  ཡང་དག  རིག  ཀུན་ལ 
 འོ ད 						འོ	ད 	།_། 	འདོད 	པར 	བྱ་བ 	bstod tshogs ka_.txt	     འོ ད  །_།  འདོད  པར  བྱ་བ 
སྐུ་ལས  འོ ད་ཟེར་རྣམས 	གཟིགས 	གྱུར་ནས 	།_། 	དེ་ཡི 	སྐུ་ལས 	འོ	ད་ཟེར་རྣམས 	།_། 	འབད་པ 	མེད་པ 	-ར 	bstod tshogs ka_.txt	གཟིགས  གྱུར་ནས  །_།  དེ་ཡི  སྐུ་ལས  འོ ད་ཟེར་རྣམས  །_།  འབད་པ  མེད་པ  -ར 
 འོ  །_། 						འོ 	།_། 	སེམས 	ཅན 	ཀུན་གྱི 	དངོས་མེད་པའི 	bstod tshogs ka_.txt	     འོ  །_།  སེམས  ཅན  ཀུན་གྱི  དངོས་མེད་པའི 
 འོ  །།_༄༅།_། 						འོ 	།།_༄༅།_། 	དཔེ 	མེད་པ 	-ར 	བསྟོད་པ 	bstod tshogs ka_.txt	     འོ  །།_༄༅།_།  དཔེ  མེད་པ  -ར  བསྟོད་པ 
 འོ  མཆོག་ཏུ 						འོ 	མཆོག་ཏུ 	རྟོགས་དཀའ་བའི 	།_། 	ཆོས 	ཉིད 	bstod tshogs ka_.txt	     འོ  མཆོག་ཏུ  རྟོགས་དཀའ་བའི  །_།  ཆོས  ཉིད 
 འོ ང་མེད 						འོ	ང་མེད 	།_། 	དེ 	བཞིན 	ཁྱོད་ཀྱིས 	bstod tshogs ka_.txt	     འོ ང་མེད  །_།  དེ  བཞིན  ཁྱོད་ཀྱིས 
 འོ  །།_ 						འོ 	།།_ 	འཇིག 	རྟེན་ལས 	འདས་པ 	-ར 	bstod tshogs ka_.txt	     འོ  །།_  འཇིག  རྟེན་ལས  འདས་པ  -ར 
 འོ  །།_།།_༄༅།_། 						འོ 	།།_།།_༄༅།_། 	སེམས་ཀྱི 	རྡོ་རྗེ 	-འི 	བསྟོད་པ 	bstod tshogs ka_.txt	     འོ  །།_།།_༄༅།_།  སེམས་ཀྱི  རྡོ་རྗེ  -འི  བསྟོད་པ 
 འོ  །_། 						འོ 	།_། 	སེམས་ཀྱི 	རྡོ་རྗེ 	བསྒོམ་པ 	-འི་ཕྱིར 	bstod tshogs ka_.txt	     འོ  །_།  སེམས་ཀྱི  རྡོ་རྗེ  བསྒོམ་པ  -འི་ཕྱིར 
 འོ  །།_།།༄༅།_། 						འོ 	།།_།།༄༅།_། 	སྐུ་གསུམ་ལ 	བསྟོད་པ 	།_༄༅༅།_། 	རྒྱ 	bstod tshogs ka_.txt	     འོ  །།_།།༄༅།_།  སྐུ་གསུམ་ལ  བསྟོད་པ  །_༄༅༅།_།  རྒྱ 
 འོ  །།_།།༄༅།_ 						འོ 	།།_།།༄༅།_ 	སྐུ་གསུམ་ལ 	བསྟོད་པ་ཞེས 	བྱ་བ 	-འི 	bstod tshogs ka_.txt	     འོ  །།_།།༄༅།_  སྐུ་གསུམ་ལ  བསྟོད་པ་ཞེས  བྱ་བ  -འི 
 འོ  །_། 						འོ 	།_། 	དེའི 	རང་གི 	ངོ་བོ 	ཉིད 	bstod tshogs ka_.txt	     འོ  །_།  དེའི  རང་གི  ངོ་བོ  ཉིད 
 འོ  །_། 						འོ 	།_། 	དེ་ནས 	འབད་པ་དང 	རྩོལ་བ 	-འི 	bstod tshogs ka_.txt	     འོ  །_།  དེ་ནས  འབད་པ་དང  རྩོལ་བ  -འི 
 འོ ་ཞེས 						འོ	་ཞེས 	འབྱུང་བ 	-ས་ན་གང 	ཐོག་མ 	ཉིད་ནས 	bstod tshogs ka_.txt	     འོ ་ཞེས  འབྱུང་བ  -ས་ན་གང  ཐོག་མ  ཉིད་ནས 
 འོ  །_། 						འོ 	།_། 	དེ 	བཞིན་དུ 	སྟོང་པ 	ཉིད་ལས 	bstod tshogs ka_.txt	     འོ  །_།  དེ  བཞིན་དུ  སྟོང་པ  ཉིད་ལས 
 འོ  །_། 						འོ 	།_། 	དེ 	བས་ན 	བདག་དང 	གཞན་ལ 	bstod tshogs ka_.txt	     འོ  །_།  དེ  བས་ན  བདག་དང  གཞན་ལ 
 འོ  །_། 						འོ 	།_། 	དེ 	མེད་པ 	-ར 	གྱུར་པ་ནི 	bstod tshogs ka_.txt	     འོ  །_།  དེ  མེད་པ  -ར  གྱུར་པ་ནི 
 འོ  །_། 						འོ 	།_། 	དེ 	ཉིད་ཀྱིས 	ནམ་མཁའ 	ལྟར 	bstod tshogs ka_.txt	     འོ  །_།  དེ  ཉིད་ཀྱིས  ནམ་མཁའ  ལྟར 
 འོ  །_། 						འོ 	།_། 	དེ 	ཉིད་ཀྱིས་ན 	རྟོགས་པ 	-ར 	bstod tshogs ka_.txt	     འོ  །_།  དེ  ཉིད་ཀྱིས་ན  རྟོགས་པ  -ར 
 འོ  །_། 						འོ 	།_། 	ཞི་བ་ནི 	ཉོན་མོངས་པ 	ཐམས་ཅད 	ཞི་བ 	bstod tshogs ka_.txt	     འོ  །_།  ཞི་བ་ནི  ཉོན་མོངས་པ  ཐམས་ཅད  ཞི་བ 
 འོ  །_། 						འོ 	།_། 	མི 	མཉམ་པ་ནི 	མཚུངས་པ 	མེད་པའོ 	bstod tshogs ka_.txt	     འོ  །_།  མི  མཉམ་པ་ནི  མཚུངས་པ  མེད་པའོ 
 འོ  །_། 						འོ 	།_། 	ཁྱབ་པ 	ཅན་ནི 	ཐམས་ཅད་དུ 	སོང་བ 	bstod tshogs ka_.txt	     འོ  །_།  ཁྱབ་པ  ཅན་ནི  ཐམས་ཅད་དུ  སོང་བ 
 འོ  །_། 						འོ 	།_། 	སྤྲོས་པ 	མེད་པ་ནི 	སྤྲོས་པ 	ཐམས་ཅད་དང 	bstod tshogs ka_.txt	     འོ  །_།  སྤྲོས་པ  མེད་པ་ནི  སྤྲོས་པ  ཐམས་ཅད་དང 
 འོ  །_། 						འོ 	།_། 	ཁྱད 	པར་དུ 	བྱ་བ 	གཞན་ཡང་སོ་སོ 	bstod tshogs ka_.txt	     འོ  །_།  ཁྱད  པར་དུ  བྱ་བ  གཞན་ཡང་སོ་སོ 
 འོ  །_། 						འོ 	།_། 	བསམ་གྱིས 	མི 	ཁྱབ་པ་ནི 	སེམས་ཀྱི 	bstod tshogs ka_.txt	     འོ  །_།  བསམ་གྱིས  མི  ཁྱབ་པ་ནི  སེམས་ཀྱི 
 འོ  །_། 						འོ 	།_། 	ལེགས 	མཛད་བརྒྱ་ཡི 	འབྲས་བུ་ཞེས 	བྱ་བ་ནི 	bstod tshogs ka_.txt	     འོ  །_།  ལེགས  མཛད་བརྒྱ་ཡི  འབྲས་བུ་ཞེས  བྱ་བ་ནི 
 འོ  །_། 						འོ 	།_། 	གང་གི 	ཞེ་ན 	།_ 	བློ 	bstod tshogs ka_.txt	     འོ  །_།  གང་གི  ཞེ་ན  །_  བློ 
 འོ  །_། 						འོ 	།_། 	ཅིའི 	ཕྱིར 	ཞེ་ན 	།_ 	bstod tshogs ka_.txt	     འོ  །_།  ཅིའི  ཕྱིར  ཞེ་ན  །_ 
 འོ  །_། 						འོ 	།_། 	སྣ 	ཚོགས་པ་ནི 	རྣམ་པ་དུ་མའོ 	།_། 	bstod tshogs ka_.txt	     འོ  །_།  སྣ  ཚོགས་པ་ནི  རྣམ་པ་དུ་མའོ  །_། 
 འོ  །_། 						འོ 	།_། 	སེམས 	ཅན 	མོས་པ 	སྣ་ཚོགས་པ 	bstod tshogs ka_.txt	     འོ  །_།  སེམས  ཅན  མོས་པ  སྣ་ཚོགས་པ 
 འོ  །_། 						འོ 	།_། 	རྟག་ཏུ 	དམ་པ 	-འི 	ཆོས་ཀྱི 	bstod tshogs ka_.txt	     འོ  །_།  རྟག་ཏུ  དམ་པ  -འི  ཆོས་ཀྱི 
 འོ  །_། 						འོ 	།_། 	དེ 	ཉིད་ཀྱིས་ན་དེ 	རྒྱུན 	མི་འཆད་པ 	bstod tshogs ka_.txt	     འོ  །_།  དེ  ཉིད་ཀྱིས་ན་དེ  རྒྱུན  མི་འཆད་པ 
 འོ  །_། 						འོ 	།_། 	སངས 	རྒྱས་ཞེས 	བྱ་བ་ནི 	ཆོས་ཀྱི་དེ 	bstod tshogs ka_.txt	     འོ  །_།  སངས  རྒྱས་ཞེས  བྱ་བ་ནི  ཆོས་ཀྱི་དེ 
 འོ  །_། 						འོ 	།_། 	ལོངས 	སྤྱོད 	རྫོགས 	སྐུ་ཞེས 	bstod tshogs ka_.txt	     འོ  །_།  ལོངས  སྤྱོད  རྫོགས  སྐུ་ཞེས 
 འོ  །_། 						འོ 	།_། 	དེའི 	ཕྱིར 	ཁྱད་པར 	གཞན་ཡང 	bstod tshogs ka_.txt	     འོ  །_།  དེའི  ཕྱིར  ཁྱད་པར  གཞན་ཡང 
 འོ  །_། 						འོ 	།_། 	དེ་ལ 	གནས་པ 	-འི 	སྐུ 	bstod tshogs ka_.txt	     འོ  །_།  དེ་ལ  གནས་པ  -འི  སྐུ 
 འོ  །_། 						འོ 	།_། 	དེ 	ལྟར 	ཚིགས་སུ 	བཅད་པ་གཉིས་ཀྱིས 	bstod tshogs ka_.txt	     འོ  །_།  དེ  ལྟར  ཚིགས་སུ  བཅད་པ་གཉིས་ཀྱིས 
 འོ  །_། 						འོ 	།_། 	གང་གིས 	དུས 	ལ་ལ 	དག་ཏུ 	bstod tshogs ka_.txt	     འོ  །_།  གང་གིས  དུས  ལ་ལ  དག་ཏུ 
སྣང་ཞིང  འོ ད་དང 	བཞིན་དུ 	ཀུན་ནས 	འབར་བ 	-ར 	སྣང་ཞིང 	འོ	ད་དང 	ལྡན་པ 	-ས 	རབ་ཏུ 	འབར་བ 	bstod tshogs ka_.txt	བཞིན་དུ  ཀུན་ནས  འབར་བ  -ར  སྣང་ཞིང  འོ ད་དང  ལྡན་པ  -ས  རབ་ཏུ  འབར་བ 
 འོ  །_། 						འོ 	།_། 	གནས་གང་དུ 	སྣང 	ཞེ་ན 	།_ 	bstod tshogs ka_.txt	     འོ  །_།  གནས་གང་དུ  སྣང  ཞེ་ན  །_ 
 འོ  །_། 						འོ 	།_། 	ཆོས་ཀྱི 	འཁོར་ལོ་ནི་བཱ་རཱ་ཎ་སཱིར 	དྲང་སྲོང 	སྨྲ་བ 	bstod tshogs ka_.txt	     འོ  །_།  ཆོས་ཀྱི  འཁོར་ལོ་ནི་བཱ་རཱ་ཎ་སཱིར  དྲང་སྲོང  སྨྲ་བ 
 འོ  །_། 						འོ 	།_། 	རབ་ཏུ 	ཞི་བ 	-ར་གང 	སྣང་ལ 	bstod tshogs ka_.txt	     འོ  །_།  རབ་ཏུ  ཞི་བ  -ར་གང  སྣང་ལ 
 འོ  །_། 						འོ 	།_། 	ཁྱད 	པར་ཅི་ཞིག་ཅེ་ན 	།_ 	སྣ 	bstod tshogs ka_.txt	     འོ  །_།  ཁྱད  པར་ཅི་ཞིག་ཅེ་ན  །_  སྣ 
 འོ  །_། 						འོ 	།_། 	བྱེ 	བྲག་ཇི 	ལྟ་བུ 	ཞེ་ན 	bstod tshogs ka_.txt	     འོ  །_།  བྱེ  བྲག་ཇི  ལྟ་བུ  ཞེ་ན 
 འོ  །_། 						འོ 	།_། 	ཁྱད 	པར་ཅི་ཞིག་ཅེ་ན 	།_ 	སྲིད་པ་གསུམ་གྱི 	bstod tshogs ka_.txt	     འོ  །_།  ཁྱད  པར་ཅི་ཞིག་ཅེ་ན  །_  སྲིད་པ་གསུམ་གྱི 
 འོ  །_། 						འོ 	།_། 	གཞན་ཡང 	ཁྱད་པར་དུ 	བྱ་བ 	-འི 	bstod tshogs ka_.txt	     འོ  །_།  གཞན་ཡང  ཁྱད་པར་དུ  བྱ་བ  -འི 
 འོ  །_། 						འོ 	།_། 	ཐུབ་པ་ནི 	སྐུ་དང 	གསུང 	ཐུབ་པ་དང 	bstod tshogs ka_.txt	     འོ  །_།  ཐུབ་པ་ནི  སྐུ་དང  གསུང  ཐུབ་པ་དང 
 འོ ག 						འོ	ག 	མིན་དུ 	མངོན་པ 	-ར 	བྱང་ཆུབ་པ 	bstod tshogs ka_.txt	     འོ ག  མིན་དུ  མངོན་པ  -ར  བྱང་ཆུབ་པ 
།_  འོ ག 	།_། 	དེ 	ཉིད་ཀྱི 	ཕྱིར་ན 	།_ 	འོ	ག 	མིན 	གནས་ནི 	ཉམས 	དགའ་བར 	bstod tshogs ka_.txt	།_།  དེ  ཉིད་ཀྱི  ཕྱིར་ན  །_  འོ ག  མིན  གནས་ནི  ཉམས  དགའ་བར 
 འོ  །_། 						འོ 	།_། 	དེ 	ཡོངས་སུ 	ཆད་པ 	མེད་པ 	bstod tshogs ka_.txt	     འོ  །_།  དེ  ཡོངས་སུ  ཆད་པ  མེད་པ 
 འོ  །_། 						འོ 	།_། 	དེ 	སུ་ཞིག་ཅེ་ན 	།_ 	བདེ 	bstod tshogs ka_.txt	     འོ  །_།  དེ  སུ་ཞིག་ཅེ་ན  །_  བདེ 
 འོ  །_། 						འོ 	།_། 	ཡང་ན 	ཉིད་ཀྱི 	དོན 	མཐའ 	bstod tshogs ka_.txt	     འོ  །_།  ཡང་ན  ཉིད་ཀྱི  དོན  མཐའ 
 འོ  །_། 						འོ 	།_། 	རྣམས་ཀྱི 	སྐུ་གསུམ་ནི 	ཆོས་ཀྱི 	སྐུ་དང 	bstod tshogs ka_.txt	     འོ  །_།  རྣམས་ཀྱི  སྐུ་གསུམ་ནི  ཆོས་ཀྱི  སྐུ་དང 
 འོ  །_། 						འོ 	།_། 	དེ 	བས་ན 	དེ 	-འི 	bstod tshogs ka_.txt	     འོ  །_།  དེ  བས་ན  དེ  -འི 
 འོ  །_། 						འོ 	།_། 	དེས་ན 	དེ 	-འི 	བསོད་ནམས་ཀྱི 	bstod tshogs ka_.txt	     འོ  །_།  དེས་ན  དེ  -འི  བསོད་ནམས་ཀྱི 
 འོ  །།_།།༄༅།_། 						འོ 	།།_།།༄༅།_། 	ཤེས 	རབ་ཀྱི 	ཕ་རོལ་ཏུ 	ཕྱིན 	bstod tshogs ka_.txt	     འོ  །།_།།༄༅།_།  ཤེས  རབ་ཀྱི  ཕ་རོལ་ཏུ  ཕྱིན 
 འོ ད་བཞིན 						འོ	ད་བཞིན 	།_། 	གུས་ལ 	བྱམས་མ 	སངས་རྒྱས་ཀྱི 	bstod tshogs ka_.txt	     འོ ད་བཞིན  །_།  གུས་ལ  བྱམས་མ  སངས་རྒྱས་ཀྱི 
-འི  འོ ད་དང 	ཐིགས་པ་རྣམས 	།_། 	ཉི 	མ 	-འི 	འོ	ད་དང 	མཇལ་བ་བཞིན 	།_། 	རྒོལ་བ 	རྣམས་ཀྱི 	bstod tshogs ka_.txt	ཐིགས་པ་རྣམས  །_།  ཉི  མ  -འི  འོ ད་དང  མཇལ་བ་བཞིན  །_།  རྒོལ་བ  རྣམས་ཀྱི 
ཡ་མཚན་ཆེར  འོ ང་མ 	-ར་འགྱུར 	།_། 	ཨེ 	མ 	ཡ་མཚན་ཆེར 	འོ	ང་མ 	།_། 	གྲགས 	ལྡན 	མ 	bstod tshogs ka_.txt	-ར་འགྱུར  །_།  ཨེ  མ  ཡ་མཚན་ཆེར  འོ ང་མ  །_།  གྲགས  ལྡན  མ 
 འོ  །།_༄༅།_། 						འོ 	།།_༄༅།_། 	བསམ་གྱིས 	མི 	ཁྱབ་པ 	-ར 	bstod tshogs ka_.txt	     འོ  །།_༄༅།_།  བསམ་གྱིས  མི  ཁྱབ་པ  -ར 
མ  འོ ངས་པ་ཡང 	-ས་ན 	འདས་པ 	-ར་འགྱུར 	།_། 	མ 	འོ	ངས་པ་ཡང 	ཇི་ལྟར་ལྟོས 	།_། 	རང་ལས 	དངོས་པ 	bstod tshogs ka_.txt	-ས་ན  འདས་པ  -ར་འགྱུར  །_།  མ  འོ ངས་པ་ཡང  ཇི་ལྟར་ལྟོས  །_།  རང་ལས  དངོས་པ 
མ  འོ ངས་ལ 	མ 	མཆིས་པ 	།_། 	འདས་དང 	མ 	འོ	ངས་ལ 	སོགས་པ 	།_། 	ཉོན་མོངས 	རྣམས་ཀྱང 	bstod tshogs ka_.txt	མ  མཆིས་པ  །_།  འདས་དང  མ  འོ ངས་ལ  སོགས་པ  །_།  ཉོན་མོངས  རྣམས་ཀྱང 
_།_།  འོ ངས་པ་དང་ནི 	བཞིན 	སྐྱེས་དང 	མ 	སྐྱེས་དང 	_།_། 	འོ	ངས་པ་དང་ནི 	སོང་བ་ཡང 	_།_། 	དེ་བཞིན 	བཅིངས 	bstod tshogs ka_.txt	བཞིན  སྐྱེས་དང  མ  སྐྱེས་དང  _།_།  འོ ངས་པ་དང་ནི  སོང་བ་ཡང  _།_།  དེ་བཞིན  བཅིངས 
།_།  འོ ན་ཀྱང 	།_། 	མགོན་པོ 	ཁྱོད་ལ 	ཇི་ལྟར་བསྟོད 	།_། 	འོ	ན་ཀྱང 	འཇིག་རྟེན 	བཏགས 	རྟེན་གྱིས 	།_། 	bstod tshogs ka_.txt	།_།  མགོན་པོ  ཁྱོད་ལ  ཇི་ལྟར་བསྟོད  །_།  འོ ན་ཀྱང  འཇིག་རྟེན  བཏགས  རྟེན་གྱིས  །_། 
-ར  འོ ་དོད 	སྡུག་བསྔལ་གྱིས 	།_། 	གཟིར་ཏེ 	སྤྱན་སྔ 	-ར 	འོ	་དོད 	འབོད 	གྱུར་ཀྱང 	།_། 	བདག་གི 	bstod tshogs ka_.txt	སྡུག་བསྔལ་གྱིས  །_།  གཟིར་ཏེ  སྤྱན་སྔ  -ར  འོ ་དོད  འབོད  གྱུར་ཀྱང  །_།  བདག་གི 
ཁབ་ཀྱི  འོ ད་མ 	མཐུན་པ 	།_། 	རྒྱལ་པོ 	-འི 	ཁབ་ཀྱི 	འོ	ད་མ 	-འི་ཚལ 	།_། 	བྱམས 	ངོས 	bstod tshogs ka_.txt	མཐུན་པ  །_།  རྒྱལ་པོ  -འི  ཁབ་ཀྱི  འོ ད་མ  -འི་ཚལ  །_།  བྱམས  ངོས 
-ས  འོ ་མ་དྲངས 	བཀུར 	འབུལ་བ 	-འི 	བུ་མོ 	-ས 	འོ	་མ་དྲངས 	།_། 	བཀའ་དང 	འཇིག་རྟེན 	མ 	bstod tshogs ka_.txt	བཀུར  འབུལ་བ  -འི  བུ་མོ  -ས  འོ ་མ་དྲངས  །_།  བཀའ་དང  འཇིག་རྟེན  མ 
མ  འོ ངས 	འཇིག་པ 	མེད 	ཕྱིར་དང 	།_། 	མ 	འོ	ངས 	སེམས་ཅན 	བསོད་ནམས 	ཐོབ 	བྱ 	bstod tshogs ka_.txt	འཇིག་པ  མེད  ཕྱིར་དང  །_།  མ  འོ ངས  སེམས་ཅན  བསོད་ནམས  ཐོབ  བྱ 
 འོ  །།_།། 						འོ 	།།_།། 	བདེ་ནས 	སྙིང་རྗེ 	མེད་པ་ནི 	།_། 	bstod tshogs ka_.txt	     འོ  །།_།།  བདེ་ནས  སྙིང་རྗེ  མེད་པ་ནི  །_། 
མ  འོ ངས 	དབང་གིས 	མཆོད 	བྱ་ཡང 	།_། 	མ 	འོ	ངས 	སྡུག་བསྔལ 	བསྙེངས་པ་ཡིས 	།_། 	གཞན 	bstod tshogs ka_.txt	དབང་གིས  མཆོད  བྱ་ཡང  །_།  མ  འོ ངས  སྡུག་བསྔལ  བསྙེངས་པ་ཡིས  །_།  གཞན 
 འོ ལ 						འོ	ལ 	མི་མཆིས 	།_། 	དེ 	ལྟར 	bstod tshogs ka_.txt	     འོ ལ  མི་མཆིས  །_།  དེ  ལྟར 
 འོ  །།_།། 						འོ 	།།_།། 	ཡོན་ཏན 	ཐམས་ཅད 	ཅུང་ཟད་གཟིགས 	།_། 	bstod tshogs ka_.txt	     འོ  །།_།།  ཡོན་ཏན  ཐམས་ཅད  ཅུང་ཟད་གཟིགས  །_། 
 འོ  །།_།། 						འོ 	།།_།། 	འགྲོ་ལས 	བདུད་ལས 	རྣམ་པ 	-ར་རྒྱལ 	bstod tshogs ka_.txt	     འོ  །།_།།  འགྲོ་ལས  བདུད་ལས  རྣམ་པ  -ར་རྒྱལ 
།_།  འོ ད 	མུ 	སྟེགས་ལས 	རྒྱལ་དེ 	སྨོས་ཅི 	།_། 	འོ	ད 	ཟེར 	ཕྲེང་བ 	སྟོང 	ལྡན་པའི 	bstod tshogs ka_.txt	མུ  སྟེགས་ལས  རྒྱལ་དེ  སྨོས་ཅི  །_།  འོ ད  ཟེར  ཕྲེང་བ  སྟོང  ལྡན་པའི 
 འོ  ཁྱོད་ཀྱི 						འོ 	ཁྱོད་ཀྱི 	ཐུགས 	སྟོབས་ནི 	།_། 	རབ་དང 	bstod tshogs ka_.txt	     འོ  ཁྱོད་ཀྱི  ཐུགས  སྟོབས་ནི  །_།  རབ་དང 
 འོ  །།_།། 						འོ 	།།_།། 	གང་གིས 	ཁྱོད་ཀྱི 	སྐུ 	མཐོང་བས 	bstod tshogs ka_.txt	     འོ  །།_།།  གང་གིས  ཁྱོད་ཀྱི  སྐུ  མཐོང་བས 
 འོ  །_། 						འོ 	།_། 	ཉེ 	བར 	ཞི་ལ་ཡིད་དུ་འོང 	།_། 	bstod tshogs ka_.txt	     འོ  །_།  ཉེ  བར  ཞི་ལ་ཡིད་དུ་འོང  །_། 
 འོ  །།_།། 						འོ 	།།_།། 	གསོད་དང 	བཀྲེས་སྐོམ 	གྲང་དྲོ་དང 	།_། 	bstod tshogs ka_.txt	     འོ  །།_།།  གསོད་དང  བཀྲེས་སྐོམ  གྲང་དྲོ་དང  །_། 
།_།  འོ ན་ཏེ་གང་གིས 	-ར 	ཁྱོད་ལ 	ཕྱག 	བགྱི་འམ 	།_། 	འོ	ན་ཏེ་གང་གིས 	འཁོར་བ 	-ར་ཁྱོད 	།_། 	སྐྱོན 	bstod tshogs ka_.txt	-ར  ཁྱོད་ལ  ཕྱག  བགྱི་འམ  །_།  འོ ན་ཏེ་གང་གིས  འཁོར་བ  -ར་ཁྱོད  །_།  སྐྱོན 
མ  འོ ངས 	རྟེན 	སྤྱོད་པ 	འདྲ་བ་མང 	།_། 	མ 	འོ	ངས 	བདེ་བ་ལ 	བརྟེན་ནས 	།_། 	ད 	bstod tshogs ka_.txt	རྟེན  སྤྱོད་པ  འདྲ་བ་མང  །_།  མ  འོ ངས  བདེ་བ་ལ  བརྟེན་ནས  །_།  ད 
 འོ  །།_།། 						འོ 	།།_།། 	ཚིག 	བཟང་བ་དང 	དོན་ཆེ་དང 	།_། 	bstod tshogs ka_.txt	     འོ  །།_།།  ཚིག  བཟང་བ་དང  དོན་ཆེ་དང  །_། 
 འོ  ཤིན་ཏུ 						འོ 	ཤིན་ཏུ 	ཡོངས་དག་པའི 	།_། 	ཕྲིན་ལས 	རྣམས་ཀྱང 	bstod tshogs ka_.txt	     འོ  ཤིན་ཏུ  ཡོངས་དག་པའི  །_།  ཕྲིན་ལས  རྣམས་ཀྱང 
དེ  འོ ག་དབང་པོ 	བདེན་པ 	སྐྱེད་པ 	-ར་མཛད 	།_། 	དེ 	འོ	ག་དབང་པོ 	-འི 	དབྱེ་བ་ཡིས 	།_། 	བསྒོམ་པ་དང་ནི 	bstod tshogs ka_.txt	བདེན་པ  སྐྱེད་པ  -ར་མཛད  །_།  དེ  འོ ག་དབང་པོ  -འི  དབྱེ་བ་ཡིས  །_།  བསྒོམ་པ་དང་ནི 
 འོ  །།_།། 						འོ 	།།_།། 	བགྲོད་པ 	གཅིག་དང 	ཐབས་བདེ་དང 	།_། 	bstod tshogs ka_.txt	     འོ  །།_།།  བགྲོད་པ  གཅིག་དང  ཐབས་བདེ་དང  །_། 
།_།  འོ ན་ཏེ 	ངེས་པ 	-ར 	འཇིག་པ 	-འི་ཕྱིར 	།_། 	འོ	ན་ཏེ 	ཉོན་མོངས 	བཞིན 	འཆི་འཕོ 	།_། 	bstod tshogs ka_.txt	ངེས་པ  -ར  འཇིག་པ  -འི་ཕྱིར  །_།  འོ ན་ཏེ  ཉོན་མོངས  བཞིན  འཆི་འཕོ  །_། 
 འོ  །།_།། 						འོ 	།།_།། 	གང་ཞིག 	སྔ་མ 	-ར 	སྨོན་ལམ་མཛད 	bstod tshogs ka_.txt	     འོ  །།_།།  གང་ཞིག  སྔ་མ  -ར  སྨོན་ལམ་མཛད 
 འོ  གནས་སྐབས 						འོ 	གནས་སྐབས 	ཐམས་ཅད་དུ 	།_། 	སྐྱེ 	དགུ 	bstod tshogs ka_.txt	     འོ  གནས་སྐབས  ཐམས་ཅད་དུ  །_།  སྐྱེ  དགུ 
-ར  འོ ས 	།_། 	ཁྱོད 	སྐུ 	བལྟ 	-ར 	འོ	ས 	རིན་ཆེན་ཏེ 	།_། 	ལེགས 	གསུངས 	bstod tshogs ka_.txt	།_།  ཁྱོད  སྐུ  བལྟ  -ར  འོ ས  རིན་ཆེན་ཏེ  །_།  ལེགས  གསུངས 
མཉན  འོ ས 					མཉན 	འོ	ས 	རིན་ཆེན་ལགས 	།_། 	ཆོས་ནི 	སྤྱད 	bstod tshogs ka_.txt	    མཉན  འོ ས  རིན་ཆེན་ལགས  །_།  ཆོས་ནི  སྤྱད 
 འོ ས 						འོ	ས 	རིན་ཆེན་པས 	།_། 	ཁྱོད་ནི 	རིན་ཆེན 	bstod tshogs ka_.txt	     འོ ས  རིན་ཆེན་པས  །_།  ཁྱོད་ནི  རིན་ཆེན 
 འོ ང 						འོ	ང 	།_། 	ཡོན་ཏན 	ཀུན 	མངའ 	bstod tshogs ka_.txt	     འོ ང  །_།  ཡོན་ཏན  ཀུན  མངའ 
 འོ ས་ཁྱོད 						འོ	ས་ཁྱོད 	།_། 	གང་ཞིག 	མཐོང་བ 	ཙམ་གྱིས་ནི 	bstod tshogs ka_.txt	     འོ ས་ཁྱོད  །_།  གང་ཞིག  མཐོང་བ  ཙམ་གྱིས་ནི 
 འོ  །།_།། 						འོ 	།།_།། 	སྔ 	ཕྱིར 	སེམས 	གནས 	bstod tshogs ka_.txt	     འོ  །།_།།  སྔ  ཕྱིར  སེམས  གནས 
།_།  འོ ན་ཀྱང་དེ་ལ 	གང་ཞིག 	ས་བོན 	མེད་པ 	-ར་སྤངས 	།_། 	འོ	ན་ཀྱང་དེ་ལ 	བཏང་སྙོམས་མིན 	།_། 	ཕན་པ 	-འི 	bstod tshogs ka_.txt	གང་ཞིག  ས་བོན  མེད་པ  -ར་སྤངས  །_།  འོ ན་ཀྱང་དེ་ལ  བཏང་སྙོམས་མིན  །_།  ཕན་པ  -འི 
 འོ  །_། 						འོ 	།_། 	གང་དུ 	རྒྱུ་ནི 	མེད་པ་ལ 	།_། 	bstod tshogs ka_.txt	     འོ  །_།  གང་དུ  རྒྱུ་ནི  མེད་པ་ལ  །_། 
 འོ  སངས་རྒྱས 						འོ 	སངས་རྒྱས 	འཁོར་བ་ཡི 	།_། 	ཉིང 	ཁུར 	bstod tshogs ka_.txt	     འོ  སངས་རྒྱས  འཁོར་བ་ཡི  །_།  ཉིང  ཁུར 
 འོ  །།_།། 						འོ 	།།_།། 	མཉེལ་དང 	ཞི་བདེ 	ཉམས 	གྱུར་དང 	bstod tshogs ka_.txt	     འོ  །།_།།  མཉེལ་དང  ཞི་བདེ  ཉམས  གྱུར་དང 
 འོ ས་ལ 						འོ	ས་ལ 	།_། 	རྟག་ཏུ 	བདག་ནི 	ཕྱག 	bstod tshogs ka_.txt	     འོ ས་ལ  །_།  རྟག་ཏུ  བདག་ནི  ཕྱག 
 འོ  །།_།། 						འོ 	།།_།། 	རྩུབ་པོ་དང 	འཇམ 	བགྱིད་པ་དང 	།_། 	bstod tshogs ka_.txt	     འོ  །།_།།  རྩུབ་པོ་དང  འཇམ  བགྱིད་པ་དང  །_། 
 འོ ས་དང 						འོ	ས་དང 	།_། 	བརྗིད་དང 	ལྷ 	མི 	bstod tshogs ka_.txt	     འོ ས་དང  །_།  བརྗིད་དང  ལྷ  མི 
 འོ  །།_།། 						འོ 	།།_།། 	གང 	ཕྱིར 	མྱ་ངན་གྱིས 	ཉམས་པས 	bstod tshogs ka_.txt	     འོ  །།_།།  གང  ཕྱིར  མྱ་ངན་གྱིས  ཉམས་པས 
སླད་དུ  འོ ་བརྒྱལ་གང 	བགྱིད་པ 	-ར་བས 	།_། 	དེ་ཡི 	སླད་དུ 	འོ	་བརྒྱལ་གང 	།_། 	དེ་ལ 	ལན་གོ་ཅི་ཞིག་ལོན 	།_། 	bstod tshogs ka_.txt	བགྱིད་པ  -ར་བས  །_།  དེ་ཡི  སླད་དུ  འོ ་བརྒྱལ་གང  །_།  དེ་ལ  ལན་གོ་ཅི་ཞིག་ལོན  །_། 
 འོ  གནས་པ 						འོ 	གནས་པ 	ཨེ 	མ 	-འོ་ཚུལ 	།_། 	bstod tshogs ka_.txt	     འོ  གནས་པ  ཨེ  མ  -འོ་ཚུལ  །_། 
 འོ  ཡོན་ཏན 						འོ 	ཡོན་ཏན 	ཨེ 	མ 	-འོ་སྐུ 	།_། 	bstod tshogs ka_.txt	     འོ  ཡོན་ཏན  ཨེ  མ  -འོ་སྐུ  །_། 
 འོ  ན 						འོ 	ན 	-འང 	བདག་ནི 	མི 	ཤེས་པ་ཡིས་སྤེལ 	bstod tshogs ka_.txt	     འོ  ན  -འང  བདག་ནི  མི  ཤེས་པ་ཡིས་སྤེལ 
 འོ  །།_།། 						འོ 	།།_།། 	སྤེལ 	མར 	བསྟོད་པ་ཞེས 	བྱ་བ 	bstod tshogs ka_.txt	     འོ  །།_།།  སྤེལ  མར  བསྟོད་པ་ཞེས  བྱ་བ 
 འོ  །།༄༅།_། 						འོ 	།།༄༅།_། 	ཡོན་ཏན 	མཐའ་ཡས་པ 	-ར 	བསྟོད་པ 	bstod tshogs ka_.txt	     འོ  །།༄༅།_།  ཡོན་ཏན  མཐའ་ཡས་པ  -ར  བསྟོད་པ 
 འོ  །_། 						འོ 	།_། 	དེ་ཡང 	གནས་སྐབས་གསུམ་པོ 	རྒྱུ 	-འི 	bstod tshogs ka_.txt	     འོ  །_།  དེ་ཡང  གནས་སྐབས་གསུམ་པོ  རྒྱུ  -འི 
 འོ  །_། 						འོ 	།_། 	དེའི 	ཉེ་བ 	-ར 	བསྟན་པ་ཡང 	bstod tshogs ka_.txt	     འོ  །_།  དེའི  ཉེ་བ  -ར  བསྟན་པ་ཡང 
 འོ  །_། 						འོ 	།_། 	བྱང 	ཆུབ་ཀྱི 	སྨོན་ལམ 	དེ 	bstod tshogs ka_.txt	     འོ  །_།  བྱང  ཆུབ་ཀྱི  སྨོན་ལམ  དེ 
 འོ  །_། 						འོ 	།_། 	མ 	རིག 	ལྡོངས་པ 	-ས་ཞེས 	bstod tshogs ka_.txt	     འོ  །_།  མ  རིག  ལྡོངས་པ  -ས་ཞེས 
 འོ  །_། 						འོ 	།_། 	སྔོན 	ཆད 	འཁོར་བ 	-ར་ཞེས 	bstod tshogs ka_.txt	     འོ  །_།  སྔོན  ཆད  འཁོར་བ  -ར་ཞེས 
 འོ  །_། 						འོ 	།_། 	ལོངས 	སྤྱད 	འདས 	དགོངས་ཞེས 	bstod tshogs ka_.txt	     འོ  །_།  ལོངས  སྤྱད  འདས  དགོངས་ཞེས 
 འོ  །_། 						འོ 	།_། 	གང 	སླད 	འགྲོ་བ 	མྱ་ངན 	bstod tshogs ka_.txt	     འོ  །_།  གང  སླད  འགྲོ་བ  མྱ་ངན 
 འོ  །_། 						འོ 	།_། 	ཉོན་མོངས 	ཆུ་བོ 	རབ 	འཁྲུག 	bstod tshogs ka_.txt	     འོ  །_།  ཉོན་མོངས  ཆུ་བོ  རབ  འཁྲུག 
 འོ  །།_།། 						འོ 	།།_།། 	སྦྱོར 	བ 	-འི 	གནས་སྐབས་ཞེས 	bstod tshogs ka_.txt	     འོ  །།_།།  སྦྱོར  བ  -འི  གནས་སྐབས་ཞེས 
 འོ  །_། 						འོ 	།_། 	དེ་ལ 	རེ་ཞིག 	མོས་པ 	-ས 	bstod tshogs ka_.txt	     འོ  །_།  དེ་ལ  རེ་ཞིག  མོས་པ  -ས 
 འོ  །།_།། 						འོ 	།།_།། 	ས 	ཐོབ་པ 	རྣམས་ཀྱི 	སྦྱིན་པ་ནི 	bstod tshogs ka_.txt	     འོ  །།_།།  ས  ཐོབ་པ  རྣམས་ཀྱི  སྦྱིན་པ་ནི 
 འོ  །_། 						འོ 	།_། 	ཕྱུག་ཅིང 	འབྱོར་པ་ཞེས 	བྱ་བ 	འདི་དག་གིས་ནི 	bstod tshogs ka_.txt	     འོ  །_།  ཕྱུག་ཅིང  འབྱོར་པ་ཞེས  བྱ་བ  འདི་དག་གིས་ནི 
 འོ  །_། 						འོ 	།_། 	རི 	ངོས 	ལྗོན་ཤིང 	འབྲས་བུ 	bstod tshogs ka_.txt	     འོ  །_།  རི  ངོས  ལྗོན་ཤིང  འབྲས་བུ 
 འོ  །_། 						འོ 	།_། 	དཔལ 	འབྱོར 	འབངས་དང 	བཙུན་མོ་ཞེས 	bstod tshogs ka_.txt	     འོ  །_།  དཔལ  འབྱོར  འབངས་དང  བཙུན་མོ་ཞེས 
 འོ  །_། 						འོ 	།_། 	འཇིག 	རྟེན 	འདི་ལ 	གནོད་པ 	bstod tshogs ka_.txt	     འོ  །_།  འཇིག  རྟེན  འདི་ལ  གནོད་པ 
 འོ  །_། 						འོ 	།_། 	ཇི 	ལྟར 	སྨན་པ 	གདོན་གྱིས 	bstod tshogs ka_.txt	     འོ  །_།  ཇི  ལྟར  སྨན་པ  གདོན་གྱིས 
 འོ  །_། 						འོ 	།_། 	ཁྱོད་ཀྱིས 	རྟག་ཏུ 	ཡོན་ཏན 	ནོར 	bstod tshogs ka_.txt	     འོ  །_།  ཁྱོད་ཀྱིས  རྟག་ཏུ  ཡོན་ཏན  ནོར 
 འོ  །_། 						འོ 	།_། 	ཇི 	ལྟར 	མ་མ 	རང 	bstod tshogs ka_.txt	     འོ  །_།  ཇི  ལྟར  མ་མ  རང 
 འོ  །_། 						འོ 	།_། 	ཕྲིན་ལས 	མངའ་བ 	-ར 	མི 	bstod tshogs ka_.txt	     འོ  །_།  ཕྲིན་ལས  མངའ་བ  -ར  མི 
 འོ  །_། 						འོ 	།_། 	དེ 	ལྟར 	ཚིགས་སུ 	བཅད་པ 	bstod tshogs ka_.txt	     འོ  །_།  དེ  ལྟར  ཚིགས་སུ  བཅད་པ 
 འོ  །།_།། 						འོ 	།།_།། 	དེ་ལ 	མངའ་དབང 	མཛད་པ་ནི 	ལྔ་སྟེ 	bstod tshogs ka_.txt	     འོ  །།_།།  དེ་ལ  མངའ་དབང  མཛད་པ་ནི  ལྔ་སྟེ 
 འོ  །_། 						འོ 	།_། 	འགྲོ་བ 	ཉོན་མོངས 	གྱུར་ཞེས 	བྱ་བ 	bstod tshogs ka_.txt	     འོ  །_།  འགྲོ་བ  ཉོན་མོངས  གྱུར་ཞེས  བྱ་བ 
 འོ  །_། 						འོ 	།_། 	ཅི་ཡང 	མེད་པ 	-འི 	སྐྱེ་མཆེད་ཀྱིས་ནི 	bstod tshogs ka_.txt	     འོ  །_།  ཅི་ཡང  མེད་པ  -འི  སྐྱེ་མཆེད་ཀྱིས་ནི 
 འོ  །_། 						འོ 	།_། 	སྔོན་གྱི 	མི་དགེའི 	ཕྲིན་ལས་ཞེས 	བྱ་བ 	bstod tshogs ka_.txt	     འོ  །_།  སྔོན་གྱི  མི་དགེའི  ཕྲིན་ལས་ཞེས  བྱ་བ 
 འོ  །_། 						འོ 	།_། 	དེ 	བཞིན་དུ 	མི་དགེའི་ཞེས 	བྱ་བ 	bstod tshogs ka_.txt	     འོ  །_།  དེ  བཞིན་དུ  མི་དགེའི་ཞེས  བྱ་བ 
 འོ  །_། 						འོ 	།_། 	མ 	བཞིན 	རེས་འགའ 	ཐུགས་རྗེ 	bstod tshogs ka_.txt	     འོ  །_།  མ  བཞིན  རེས་འགའ  ཐུགས་རྗེ 
 འོ  །_། 						འོ 	།_། 	གང 	སླད 	སྣ་ཚོགས 	ཐབས་ཀྱིས་ཞེས 	bstod tshogs ka_.txt	     འོ  །_།  གང  སླད  སྣ་ཚོགས  ཐབས་ཀྱིས་ཞེས 
 འོ  །_། 						འོ 	།_། 	ཁ་ཅིག 	བྱང་ཆུབ་གསུམ་ལ 	བློ་གྲོས་ཅི 	རིགས 	bstod tshogs ka_.txt	     འོ  །_།  ཁ་ཅིག  བྱང་ཆུབ་གསུམ་ལ  བློ་གྲོས་ཅི  རིགས 
 འོ  །_། 						འོ 	།_། 	ངེས 	པར 	ཐར 	འཚལ་བ་ཞེས 	bstod tshogs ka_.txt	     འོ  །_།  ངེས  པར  ཐར  འཚལ་བ་ཞེས 
 འོ  །_། 						འོ 	།_། 	གང 	སླད 	ཁྱོད་ནི 	འགྲོ་བ 	bstod tshogs ka_.txt	     འོ  །_།  གང  སླད  ཁྱོད་ནི  འགྲོ་བ 
 འོ  །_། 						འོ 	།_། 	མངའ 	དབང 	མཛད་པ 	བསྟན་པ 	bstod tshogs ka_.txt	     འོ  །_།  མངའ  དབང  མཛད་པ  བསྟན་པ 
 འོ  །།_།། 						འོ 	།།_།། 	འཇིག 	རྟེན 	མ་རིག 	ལྡོངས 	bstod tshogs ka_.txt	     འོ  །།_།།  འཇིག  རྟེན  མ་རིག  ལྡོངས 
 འོ  །_། 						འོ 	།_། 	ལྷན་ཅིག 	གནས་པ 	-ར 	འགལ་བ་ཞེས 	bstod tshogs ka_.txt	     འོ  །_།  ལྷན་ཅིག  གནས་པ  -ར  འགལ་བ་ཞེས 
 འོ  །།_།། 						འོ 	།།_།། 	དེ་ལ 	ནམ་མཁའ 	-འི་དཀྱིལ་ན་ཞེས 	བྱ་བ 	bstod tshogs ka_.txt	     འོ  །།_།།  དེ་ལ  ནམ་མཁའ  -འི་དཀྱིལ་ན་ཞེས  བྱ་བ 
 འོ  །།_།། 						འོ 	།།_།། 	ཐ 	མས་ནི 	ཡོངས་སུ 	བསྔོ་བ 	bstod tshogs ka_.txt	     འོ  །།_།།  ཐ  མས་ནི  ཡོངས་སུ  བསྔོ་བ 
 འོ  །_། 						འོ 	།_། 	དང་པོ 	ལྔ་ནི 	རེ་རེ་ཡིས 	།_། 	bstod tshogs ka_.txt	     འོ  །_།  དང་པོ  ལྔ་ནི  རེ་རེ་ཡིས  །_། 
 འོ  །_། 						འོ 	།_། 	གཞན 	དོན་གསུམ་སྟེ 	ཆོས 	བསྟན་དང 	bstod tshogs ka_.txt	     འོ  །_།  གཞན  དོན་གསུམ་སྟེ  ཆོས  བསྟན་དང 
 འོ  །།_༄༅༅།_། 						འོ 	།།_༄༅༅།_། 	རྒྱ 	གར 	སྐད་དུ 	།_ 	bstod tshogs ka_.txt	     འོ  །།_༄༅༅།_།  རྒྱ  གར  སྐད་དུ  །_ 
ཀྱི་ཧུད  འོ ད 	སུ 	-ས 	མཐོང་འགྱུར 	།_། 	ཀྱི་ཧུད 	འོ	ད 	འདྲ 	-འི 	གཟུགས་མཆོག 	འདི 	bstod tshogs ka_.txt	སུ  -ས  མཐོང་འགྱུར  །_།  ཀྱི་ཧུད  འོ ད  འདྲ  -འི  གཟུགས་མཆོག  འདི 
 འོ ང 						འོ	ང 	ཟླ་ཟེར་ཅན 	།_། 	ཀྱི་ཧུད 	བདེ་གཤེགས 	bstod tshogs ka_.txt	     འོ ང  ཟླ་ཟེར་ཅན  །_།  ཀྱི་ཧུད  བདེ་གཤེགས 
ཡོན་ཏན  འོ ད་ཟེར་ལྡན 	མུག 	མུན་ནག 	སེལ 	མཛད 	ཡོན་ཏན 	འོ	ད་ཟེར་ལྡན 	།_། 	གདུལ 	བྱ 	-འི 	bstod tshogs ka_.txt	མུག  མུན་ནག  སེལ  མཛད  ཡོན་ཏན  འོ ད་ཟེར་ལྡན  །_།  གདུལ  བྱ  -འི 
-ར  འོ ས་པ 	མཆོག་གི 	དངོས་གྲུབ 	གསོལ་བ 	གདབ་པ 	-ར 	འོ	ས་པ 	དེ་དག་ཀྱང་གང 	ཞེ་ན 	།_ 	གང 	bstod tshogs ka_.txt	མཆོག་གི  དངོས་གྲུབ  གསོལ་བ  གདབ་པ  -ར  འོ ས་པ  དེ་དག་ཀྱང་གང  ཞེ་ན  །_  གང 
 འོ  །_། 						འོ 	།_། 	དེ་ནི 	མཉམ་པ 	མེད་པ་དང 	མི་གཡོ་བ 	bstod tshogs ka_.txt	     འོ  །_།  དེ་ནི  མཉམ་པ  མེད་པ་དང  མི་གཡོ་བ 
 འོ  །_། 						འོ 	།_། 	གཡོ་བ 	མེད་པ 	-ས་ནི 	མ 	bstod tshogs ka_.txt	     འོ  །_།  གཡོ་བ  མེད་པ  -ས་ནི  མ 
 འོ  །_། 						འོ 	།_། 	དེའི 	ཕྱིར 	རང་བཞིན 	འདི 	bstod tshogs ka_.txt	     འོ  །_།  དེའི  ཕྱིར  རང་བཞིན  འདི 
 འོ  །_། 						འོ 	།_། 	གང 	དག་ལ 	ཐུགས་རྗེ 	-འི 	bstod tshogs ka_.txt	     འོ  །_།  གང  དག་ལ  ཐུགས་རྗེ  -འི 
 འོ  །_། 						འོ 	།_། 	སྡུག 	བསྔལ་ནི 	ཅི་ཡང 	རུང་སྟེ 	bstod tshogs ka_.txt	     འོ  །_།  སྡུག  བསྔལ་ནི  ཅི་ཡང  རུང་སྟེ 
 འོ  །_། 						འོ 	།_། 	མཐའ་ནི 	མཐར་ཐུག་པའོ 	།_། 	སྟོབས་དང 	bstod tshogs ka_.txt	     འོ  །_།  མཐའ་ནི  མཐར་ཐུག་པའོ  །_།  སྟོབས་དང 
 འོ  །_། 						འོ 	།_། 	དངོས 	གྲུབ་ནི 	ཡོངས་སུ 	གྲུབ་པའོ 	bstod tshogs ka_.txt	     འོ  །_།  དངོས  གྲུབ་ནི  ཡོངས་སུ  གྲུབ་པའོ 
 འོ  །_། 						འོ 	།_། 	དེ་ལ 	དྲི་མ 	མེད་པ་ནི 	རྣམ་པ 	bstod tshogs ka_.txt	     འོ  །_།  དེ་ལ  དྲི་མ  མེད་པ་ནི  རྣམ་པ 
 འོ  །_། 						འོ 	།_། 	རབ་ནི 	ཐམས་ཅད་པ 	-ས 	ཕུལ་དུ 	bstod tshogs ka_.txt	     འོ  །_།  རབ་ནི  ཐམས་ཅད་པ  -ས  ཕུལ་དུ 
 འོ  །_། 						འོ 	།_། 	དེ 	དག་གི 	ངོ་བོ་ནི 	མཉམ་པ 	bstod tshogs ka_.txt	     འོ  །_།  དེ  དག་གི  ངོ་བོ་ནི  མཉམ་པ 
 འོ  །_། 						འོ 	།_། 	དེའི 	ཡང་ཆ་ནི་གང 	ཕན་ཆད 	བློ 	bstod tshogs ka_.txt	     འོ  །_།  དེའི  ཡང་ཆ་ནི་གང  ཕན་ཆད  བློ 
 འོ  །_། 						འོ 	།_། 	སངས 	རྒྱས 	ཉིད་ཀྱི 	གནས་སྐབས་ན 	bstod tshogs ka_.txt	     འོ  །_།  སངས  རྒྱས  ཉིད་ཀྱི  གནས་སྐབས་ན 
 འོ  །_། 						འོ 	།_། 	སངས 	རྒྱས 	ཐམས་ཅད 	འདུ་བ 	bstod tshogs ka_.txt	     འོ  །_།  སངས  རྒྱས  ཐམས་ཅད  འདུ་བ 
 འོ  །_། 						འོ 	།_། 	འདི་ནི 	བཅོམ་ལྡན 	འདས 	རྣམས 	bstod tshogs ka_.txt	     འོ  །_།  འདི་ནི  བཅོམ་ལྡན  འདས  རྣམས 
 འོ  །_། 						འོ 	།_། 	རྣམ 	པར 	རྟོག་པ་ཡང 	ཐམས་ཅད 	bstod tshogs ka_.txt	     འོ  །_།  རྣམ  པར  རྟོག་པ་ཡང  ཐམས་ཅད 
 འོ  །_། 						འོ 	།_། 	སྨོན་ལམ་ནི 	བྱང་ཆུབ 	སེམས་དཔའ 	-འི 	bstod tshogs ka_.txt	     འོ  །_།  སྨོན་ལམ་ནི  བྱང་ཆུབ  སེམས་དཔའ  -འི 
 འོ  །_། 						འོ 	།_། 	དེ 	གྲུབ་པ་ནི 	འབྲས་བུ་སྟེ 	ཐམས་ཅད 	bstod tshogs ka_.txt	     འོ  །_།  དེ  གྲུབ་པ་ནི  འབྲས་བུ་སྟེ  ཐམས་ཅད 
 འོ  །_། 						འོ 	།_། 	སྨོན་ལམ 	གྲུབ་པ 	དེ 	-འི 	bstod tshogs ka_.txt	     འོ  །_།  སྨོན་ལམ  གྲུབ་པ  དེ  -འི 
 འོ  །_། 						འོ 	།_། 	དེ 	བསྒྲུབ་པ་ནི 	འགྲུབ་པའོ 	།_། 	bstod tshogs ka_.txt	     འོ  །_།  དེ  བསྒྲུབ་པ་ནི  འགྲུབ་པའོ  །_། 
 འོ  །_། 						འོ 	།_། 	ཅི་དེ 	ཡུལ་དང 	།_ 	དུས་ཀྱིས 	bstod tshogs ka_.txt	     འོ  །_།  ཅི་དེ  ཡུལ་དང  །_  དུས་ཀྱིས 
 འོ  །_། 						འོ 	།_། 	འགྲོ 	བ 	-འི 	དོན 	bstod tshogs ka_.txt	     འོ  །_།  འགྲོ  བ  -འི  དོན 
 འོ  །_། 						འོ 	།_། 	གང 	དག་ལ 	ཐུགས་རྗེ 	ཆེན་པོ 	bstod tshogs ka_.txt	     འོ  །_།  གང  དག་ལ  ཐུགས་རྗེ  ཆེན་པོ 
 འོ  །_། 						འོ 	།_། 	དེ 	ལྟ་བུ་དེ་ནི 	རྟག་ཏུ 	སྤྲུལ་པ 	bstod tshogs ka_.txt	     འོ  །_།  དེ  ལྟ་བུ་དེ་ནི  རྟག་ཏུ  སྤྲུལ་པ 
སྣ་ཚོགས་ཀྱི  འོ ད་ཟེར་གྱི 					སྣ་ཚོགས་ཀྱི 	འོ	ད་ཟེར་གྱི 	དྲ་བ 	འགྱེད་པ་ལ 	སོགས་པ 	-ས 	bstod tshogs ka_.txt	    སྣ་ཚོགས་ཀྱི  འོ ད་ཟེར་གྱི  དྲ་བ  འགྱེད་པ་ལ  སོགས་པ  -ས 
 འོ  །_། 						འོ 	།_། 	སངས 	རྒྱས 	ཐམས་ཅད 	འདུ་བ་ལས་ནི 	bstod tshogs ka_.txt	     འོ  །_།  སངས  རྒྱས  ཐམས་ཅད  འདུ་བ་ལས་ནི 
 འོ  །_། 						འོ 	།_། 	འདིར 	བསྡུས་པ 	-འི 	དོན་གྱི་དེ 	bstod tshogs ka_.txt	     འོ  །_།  འདིར  བསྡུས་པ  -འི  དོན་གྱི་དེ 
 འོ  །_། 						འོ 	།_། 	རྣམ་པ 	གཅིག་ཏུ་ནི 	རྣམ་པ 	-ར 	bstod tshogs ka_.txt	     འོ  །_།  རྣམ་པ  གཅིག་ཏུ་ནི  རྣམ་པ  -ར 
 འོ  །_། 						འོ 	།_། 	གནས 	སྐབས 	དེས་ན་ནི 	མཚན་མ 	bstod tshogs ka_.txt	     འོ  །_།  གནས  སྐབས  དེས་ན་ནི  མཚན་མ 
 འོ  །_། 						འོ 	།_། 	འགག་པ 	ཉིད 	འགག 	ཉིད་དོ 	bstod tshogs ka_.txt	     འོ  །_།  འགག་པ  ཉིད  འགག  ཉིད་དོ 
 འོ  །_། 						འོ 	།_། 	སྤྱོད་པ་ནི 	སྤྱོད་པ་སྟེ 	དེ་ཉིད 	ཐམས་ཅད 	bstod tshogs ka_.txt	     འོ  །_།  སྤྱོད་པ་ནི  སྤྱོད་པ་སྟེ  དེ་ཉིད  ཐམས་ཅད 
 འོ  །_། 						འོ 	།_། 	མཆོག་ནི 	སངས་རྒྱས་ཀྱི 	ཆོས་ལ 	སོགས་པའོ 	bstod tshogs ka_.txt	     འོ  །_།  མཆོག་ནི  སངས་རྒྱས་ཀྱི  ཆོས་ལ  སོགས་པའོ 
 འོ  །_། 						འོ 	།_། 	གང 	དག་ཏུ 	འགག་པ 	-ར 	bstod tshogs ka_.txt	     འོ  །_།  གང  དག་ཏུ  འགག་པ  -ར 
 འོ  ཆོས་ཉིད 						འོ 	ཆོས་ཉིད 	བཟང་ཞེས 	བྱ་བ 	གསུངས་སོ 	།_། 	bstod tshogs ka_.txt	     འོ  ཆོས་ཉིད  བཟང་ཞེས  བྱ་བ  གསུངས་སོ  །_། 
 འོ  །_། 						འོ 	།_། 	དེ་ནི 	གསོལ་བ 	གདབ་པ 	མཆོག 	bstod tshogs ka_.txt	     འོ  །_།  དེ་ནི  གསོལ་བ  གདབ་པ  མཆོག 
ཀུན་དུ  འོ ད་ཡིན་ནོ 	མཁྱེན་པ 	ཉིད་དེ 	སངས་རྒྱས་ཀྱི 	ས 	ཀུན་དུ 	འོ	ད་ཡིན་ནོ 	།_། 	སྦྱིན་པ 	མཆོག་ཉིད་ཀྱིས 	གནས་ཀྱི 	bstod tshogs ka_.txt	མཁྱེན་པ  ཉིད་དེ  སངས་རྒྱས་ཀྱི  ས  ཀུན་དུ  འོ ད་ཡིན་ནོ  །_།  སྦྱིན་པ  མཆོག་ཉིད་ཀྱིས  གནས་ཀྱི 
 འོ  །_། 						འོ 	།_། 	མཆོག 	སྦྱིན་ཞེས 	སྤྱིར 	སྨོས་པ 	bstod tshogs ka_.txt	     འོ  །_།  མཆོག  སྦྱིན་ཞེས  སྤྱིར  སྨོས་པ 
 འོ  །_། 						འོ 	།_། 	འབྲས 	བུ 	མཆོག 	སྒྲུབ་ཅིང 	bstod tshogs ka_.txt	     འོ  །_།  འབྲས  བུ  མཆོག  སྒྲུབ་ཅིང 
 འོ  །_། 						འོ 	།_། 	དམ་པ 	སྩོལ་བ 	ས་བཅུ་པ 	-འི 	bstod tshogs ka_.txt	     འོ  །_།  དམ་པ  སྩོལ་བ  ས་བཅུ་པ  -འི 
 འོ  །_། 						འོ 	།_། 	བདེ 	གཤེགས་ནི 	རབ་ཏུ 	ཞི་བ 	bstod tshogs ka_.txt	     འོ  །_།  བདེ  གཤེགས་ནི  རབ་ཏུ  ཞི་བ 
 འོ ངས་པ་དང 						འོ	ངས་པ་དང 	ད་ལྟར 	དག་ལ 	ཐོགས་པ 	མེད་པ 	bstod tshogs ka_.txt	     འོ ངས་པ་དང  ད་ལྟར  དག་ལ  ཐོགས་པ  མེད་པ 
 འོ  །_། 						འོ 	།_། 	སྒྲིབ་པ་ནི 	ཆོད་ཅིང 	སྒྲིབ་པ 	-ར 	bstod tshogs ka_.txt	     འོ  །_།  སྒྲིབ་པ་ནི  ཆོད་ཅིང  སྒྲིབ་པ  -ར 
 འོ  །_། 						འོ 	།_། 	གང 	དག་ལ 	དེ་དག 	སྤངས་པ 	bstod tshogs ka_.txt	     འོ  །_།  གང  དག་ལ  དེ་དག  སྤངས་པ 
 འོ  །_། 						འོ 	།_། 	ཀུན་གྱི་ཞེས 	བྱ་བ་ནི 	ཕྱོགས 	བཅུ 	bstod tshogs ka_.txt	     འོ  །_།  ཀུན་གྱི་ཞེས  བྱ་བ་ནི  ཕྱོགས  བཅུ 
 འོ  །_། 						འོ 	།_། 	རྒྱུད་གང 	ལས་དམ 	ཚིག་སྟེ 	ངེས་པ་གསུམ་པོ 	bstod tshogs ka_.txt	     འོ  །_།  རྒྱུད་གང  ལས་དམ  ཚིག་སྟེ  ངེས་པ་གསུམ་པོ 
 འོ  །_། 						འོ 	།_། 	ཡང་ན 	དམ་ཚིག་གསུམ་ནི 	།_ 	དོན 	bstod tshogs ka_.txt	     འོ  །_།  ཡང་ན  དམ་ཚིག་གསུམ་ནི  །_  དོན 
 འོ  །_། 						འོ 	།_། 	ཞེས 	གསུངས་པ 	ལྟ་བུའོ 	།_། 	bstod tshogs ka_.txt	     འོ  །_།  ཞེས  གསུངས་པ  ལྟ་བུའོ  །_། 
 འོ  །_། 						འོ 	།_། 	ཡང་ན 	རིག 	སྔགས་འཆང་དང 	།_ 	bstod tshogs ka_.txt	     འོ  །_།  ཡང་ན  རིག  སྔགས་འཆང་དང  །_ 
 འོ  །_། 						འོ 	།_། 	གསང 	སྔགས 	བདག་པོ 	-ས 	bstod tshogs ka_.txt	     འོ  །_།  གསང  སྔགས  བདག་པོ  -ས 
སྐུ་ཡི  འོ ད་ཀྱིས 	-འི 	སྐུ 	མངའ་ཞིང 	།_། 	སྐུ་ཡི 	འོ	ད་ཀྱིས 	འགྲོ་བ 	སྒྲོལ 	མཛད་པ 	།_། 	bstod tshogs ka_.txt	-འི  སྐུ  མངའ་ཞིང  །_།  སྐུ་ཡི  འོ ད་ཀྱིས  འགྲོ་བ  སྒྲོལ  མཛད་པ  །_། 
བཻ་ཌཱུཪྻ་ཡི  འོ ད་ལ 	སེལ 	སངས་རྒྱས 	སྨན་གྱི་བླ 	།_། 	བཻ་ཌཱུཪྻ་ཡི 	འོ	ད་ལ 	ཕྱག 	འཚལ་ལོ 	།_། 	ཉི 	bstod tshogs ka_.txt	སེལ  སངས་རྒྱས  སྨན་གྱི་བླ  །_།  བཻ་ཌཱུཪྻ་ཡི  འོ ད་ལ  ཕྱག  འཚལ་ལོ  །_།  ཉི 
བཻ་ཌཱུརྻ་ཡི  འོ ད་ལ 	སེལ 	སངས་རྒྱས 	སྨན་གྱི་བླ 	།_། 	བཻ་ཌཱུརྻ་ཡི 	འོ	ད་ལ 	ཕྱག 	འཚལ་ལོ 	།_། 	ལྷ 	bstod tshogs ka_.txt	སེལ  སངས་རྒྱས  སྨན་གྱི་བླ  །_།  བཻ་ཌཱུརྻ་ཡི  འོ ད་ལ  ཕྱག  འཚལ་ལོ  །_།  ལྷ 
བཻ་ཌཱུཪྻ་ཡི  འོ ད་ལ 	སེལ 	སངས་རྒྱས 	སྨན་གྱི་བླ 	།_། 	བཻ་ཌཱུཪྻ་ཡི 	འོ	ད་ལ 	ཕྱག 	འཚལ་ལོ 	།_། 	ཁྱོད་ནི 	bstod tshogs ka_.txt	སེལ  སངས་རྒྱས  སྨན་གྱི་བླ  །_།  བཻ་ཌཱུཪྻ་ཡི  འོ ད་ལ  ཕྱག  འཚལ་ལོ  །_།  ཁྱོད་ནི 
བཻཌཱུཪྻ་ཡི  འོ ད་ལ 	ཅན 	ཐམས་ཅད་བདེ་ལ 	རབ་ཏུ་འགོད 	།_། 	བཻཌཱུཪྻ་ཡི 	འོ	ད་ལ 	ཕྱག 	འཚལ་ལོ 	།_། 	ཡེ 	bstod tshogs ka_.txt	ཅན  ཐམས་ཅད་བདེ་ལ  རབ་ཏུ་འགོད  །_།  བཻཌཱུཪྻ་ཡི  འོ ད་ལ  ཕྱག  འཚལ་ལོ  །_།  ཡེ 
བཻཌཱུཪྻ་ཡི  འོ ད་ལ 	སེལ 	སངས་རྒྱས 	སྨན་གྱི་བླ 	།_། 	བཻཌཱུཪྻ་ཡི 	འོ	ད་ལ 	ཕྱག 	འཚལ་ལོ 	།_། 	རླུང་དང 	bstod tshogs ka_.txt	སེལ  སངས་རྒྱས  སྨན་གྱི་བླ  །_།  བཻཌཱུཪྻ་ཡི  འོ ད་ལ  ཕྱག  འཚལ་ལོ  །_།  རླུང་དང 
བཻ་ཌཱུཪྻ་ཡི  འོ ད་ལ 	སེལ 	སངས་རྒྱས 	སྨན་གྱི་བླ 	།_། 	བཻ་ཌཱུཪྻ་ཡི 	འོ	ད་ལ 	ཕྱག 	འཚལ་ལོ 	།_། 	ཉེས་པ 	bstod tshogs ka_.txt	སེལ  སངས་རྒྱས  སྨན་གྱི་བླ  །_།  བཻ་ཌཱུཪྻ་ཡི  འོ ད་ལ  ཕྱག  འཚལ་ལོ  །_།  ཉེས་པ 
བཻ་ཌཱུཪྻ་ཡི  འོ ད་ལ 	ལྷ 	-ར 	གྱུར་པ 	།_། 	བཻ་ཌཱུཪྻ་ཡི 	འོ	ད་ལ 	ཕྱག 	འཚལ་ལོ 	།_། 	སྨོན 	bstod tshogs ka_.txt	ལྷ  -ར  གྱུར་པ  །_།  བཻ་ཌཱུཪྻ་ཡི  འོ ད་ལ  ཕྱག  འཚལ་ལོ  །_།  སྨོན 
བཻ་ཌཱུཪྻ་ཡི  འོ ད་ལ 	སེལ 	སངས་རྒྱས 	སྨན་གྱི་བླ 	།_། 	བཻ་ཌཱུཪྻ་ཡི 	འོ	ད་ལ 	ཕྱག 	འཚལ་ལོ 	།_། 	ཐབས 	bstod tshogs ka_.txt	སེལ  སངས་རྒྱས  སྨན་གྱི་བླ  །_།  བཻ་ཌཱུཪྻ་ཡི  འོ ད་ལ  ཕྱག  འཚལ་ལོ  །_།  ཐབས 