 སུ ང 						སུ	ང 	མཛད་པ 	།_། 	ཀུན་ནས 	ཉོན་མོངས 	bstod tshogs ka_.txt	     སུ ང  མཛད་པ  །_།  ཀུན་ནས  ཉོན་མོངས 
 སུ  ཆུད་པ་དང 						སུ 	ཆུད་པ་དང 	།_། 	མཁྱེན་པ་དང་ནི 	ཕྲིན་ལས་ཀྱིས 	།_། 	bstod tshogs ka_.txt	     སུ  ཆུད་པ་དང  །_།  མཁྱེན་པ་དང་ནི  ཕྲིན་ལས་ཀྱིས  །_། 
 སུ མ 						སུ	མ 	དག་གིས 	བརྙེས 	གྱུར་པ 	།_། 	bstod tshogs ka_.txt	     སུ མ  དག་གིས  བརྙེས  གྱུར་པ  །_། 
 སུ མ་པོ་ནི 						སུ	མ་པོ་ནི 	ཡོངས་སུ 	རྫོགས་པ 	-ར་ནི 	།_། 	bstod tshogs ka_.txt	     སུ མ་པོ་ནི  ཡོངས་སུ  རྫོགས་པ  -ར་ནི  །_། 
 སུ  བསྟོད་པ 						སུ 	བསྟོད་པ 	།༄༅།_། 	རྒྱ 	གར 	སྐད་དུ 	bstod tshogs ka_.txt	     སུ  བསྟོད་པ  །༄༅།_།  རྒྱ  གར  སྐད་དུ 
 སུ  བསྟོད་པ 						སུ 	བསྟོད་པ 	།_ 	འཕགས་པ 	འཇམ་དཔལ་གཞོན 	ནུར 	bstod tshogs ka_.txt	     སུ  བསྟོད་པ  །_  འཕགས་པ  འཇམ་དཔལ་གཞོན  ནུར 
 སུ མ་དུ་རྣམ 						སུ	མ་དུ་རྣམ 	འཁོར་བ 	།_། 	སེམས 	ཅན 	bstod tshogs ka_.txt	     སུ མ་དུ་རྣམ  འཁོར་བ  །_།  སེམས  ཅན 
 སུ ངས་པ 						སུ	ངས་པ 	གང 	།_། 	དེ 	དག 	bstod tshogs ka_.txt	     སུ ངས་པ  གང  །_།  དེ  དག 
 སུ མ་པོ 						སུ	མ་པོ 	-ས 	སེམས 	སྦྱོང་བྱེད 	།_། 	bstod tshogs ka_.txt	     སུ མ་པོ  -ས  སེམས  སྦྱོང་བྱེད  །_། 
 སུ ་ཆུ 						སུ	་ཆུ 	།_། 	དྲོའོ་ཞེས་ནི 	རྗོད་པ 	-ར་བྱེད 	bstod tshogs ka_.txt	     སུ ་ཆུ  །_།  དྲོའོ་ཞེས་ནི  རྗོད་པ  -ར་བྱེད 
 སུ ་ནི 						སུ	་ནི 	།_། 	གྲང་ངོ་ཞེས་ནི 	བརྗོད་པ་ཡིན 	།_། 	bstod tshogs ka_.txt	     སུ ་ནི  །_།  གྲང་ངོ་ཞེས་ནི  བརྗོད་པ་ཡིན  །_། 
 སུ མ 						སུ	མ 	།_། 	མཚན 	ཉིད 	མེད་པ 	bstod tshogs ka_.txt	     སུ མ  །_།  མཚན  ཉིད  མེད་པ 
 སུ  མེད་པ 						སུ 	མེད་པ 	-འི་དཔེས 	།_། 	དེ 	བཞིན 	bstod tshogs ka_.txt	     སུ  མེད་པ  -འི་དཔེས  །_།  དེ  བཞིན 
 སུ  བསྒོམ་པ 						སུ 	བསྒོམ་པ 	-ར་བྱ 	།_། 	མཐོང་དང 	ཐོས་དང 	bstod tshogs ka_.txt	     སུ  བསྒོམ་པ  -ར་བྱ  །_།  མཐོང་དང  ཐོས་དང 
 སུ  མཐོང 						སུ 	མཐོང 	_།_། 	ཇི་ལྟར 	འཇིག་རྟེན 	འཇིག་རྟེན་འདས 	bstod tshogs ka_.txt	     སུ  མཐོང  _།_།  ཇི་ལྟར  འཇིག་རྟེན  འཇིག་རྟེན་འདས 
 སུ ངས་པ་ལགས 						སུ	ངས་པ་ལགས 	།_། 	སྟོབས 	བཅུ 	-འི 	bstod tshogs ka_.txt	     སུ ངས་པ་ལགས  །_།  སྟོབས  བཅུ  -འི 
།_།  སུ མ 	།_། 	འོད་ཀྱིས 	གསལ་ཞིང 	དཔལ་ལྡན་པའི 	།_། 	སུ	མ 	ཅུ 	རྩ་གཉིས 	མཚན 	འབར 	bstod tshogs ka_.txt	།_།  འོད་ཀྱིས  གསལ་ཞིང  དཔལ་ལྡན་པའི  །_།  སུ མ  ཅུ  རྩ་གཉིས  མཚན  འབར 
 སུ མ་པོ 						སུ	མ་པོ 	གཅིག་ཉིད་དུ 	།_། 	འདྲེས 	པར 	bstod tshogs ka_.txt	     སུ མ་པོ  གཅིག་ཉིད་དུ  །_།  འདྲེས  པར 
 སུ མ་པོ 						སུ	མ་པོ 	འདི 	-ས་ནི 	ཁམས 	རྒྱས་འགྱུར 	bstod tshogs ka_.txt	     སུ མ་པོ  འདི  -ས་ནི  ཁམས  རྒྱས་འགྱུར 
ཕུན  སུ མ 	བྱང 	ཆུབ 	རྣམ་པ་གསུམ་པོ་དང 	_།_། 	ཕུན 	སུ	མ 	ཚོགས 	ཀུན 	བསྡུ་བ་དང 	_།_། 	bstod tshogs ka_.txt	བྱང  ཆུབ  རྣམ་པ་གསུམ་པོ་དང  _།_།  ཕུན  སུ མ  ཚོགས  ཀུན  བསྡུ་བ་དང  _།_། 
 སུ  གྱུར་པ་དེ 						སུ 	གྱུར་པ་དེ 	།_། 	ཆོས་ཀྱི 	སྐུ་ཞེས 	བརྗོད་པ་ཡིན 	bstod tshogs ka_.txt	     སུ  གྱུར་པ་དེ  །_།  ཆོས་ཀྱི  སྐུ་ཞེས  བརྗོད་པ་ཡིན 
 སུ ་བསྐོར 						སུ	་བསྐོར 	།_། 	སྟོབས 	བཅུ་པོ་ཡིས 	ཡོངས་སུ་གང 	bstod tshogs ka_.txt	     སུ ་བསྐོར  །_།  སྟོབས  བཅུ་པོ་ཡིས  ཡོངས་སུ་གང 
 སུ  བསྟོད་པ 						སུ 	བསྟོད་པ 	སློབ་དཔོན 	ཆེན་པོ 	ཀླུ་སྒྲུབ་ཀྱིས 	མཛད་པ 	bstod tshogs ka_.txt	     སུ  བསྟོད་པ  སློབ་དཔོན  ཆེན་པོ  ཀླུ་སྒྲུབ་ཀྱིས  མཛད་པ 
 སུ ངས་ལ 						སུ	ངས་ལ 	།_། 	གདུལ 	བྱ 	-འི 	bstod tshogs ka_.txt	     སུ ངས་ལ  །_།  གདུལ  བྱ  -འི 
 སུ  ཞུགས 						སུ 	ཞུགས 	གྱུར་ཀྱང 	།_། 	འགའ་རུ 	འབྱུང་བ 	bstod tshogs ka_.txt	     སུ  ཞུགས  གྱུར་ཀྱང  །_།  འགའ་རུ  འབྱུང་བ 
 སུ  སྤྱོད་ཡུལ 						སུ 	སྤྱོད་ཡུལ 	ཉིད་དུ་མཐོང 	།_། 	གཟུགས་སུ 	མཐོང་བ 	bstod tshogs ka_.txt	     སུ  སྤྱོད་ཡུལ  ཉིད་དུ་མཐོང  །_།  གཟུགས་སུ  མཐོང་བ 
 སུ མ 						སུ	མ 	བསྟན་པ 	།_། 	སེམས 	ཅན 	bstod tshogs ka_.txt	     སུ མ  བསྟན་པ  །_།  སེམས  ཅན 
 སུ  །_། 						སུ 	།_། 	འདས་དང 	བལྟམས་དང 	མངོན་བྱང་ཆུབ 	།_། 	bstod tshogs ka_.txt	     སུ  །_།  འདས་དང  བལྟམས་དང  མངོན་བྱང་ཆུབ  །_། 
 སུ ངས 						སུ	ངས 	།_། 	ཚོར 	བྱ 	མེད་པ 	bstod tshogs ka_.txt	     སུ ངས  །_།  ཚོར  བྱ  མེད་པ 
 སུ ང་བ 						སུ	ང་བ 	ཁྱོད་ཀྱིས་བསྟན 	།_། 	བྱེད་པོ 	རང་དབང 	bstod tshogs ka_.txt	     སུ ང་བ  ཁྱོད་ཀྱིས་བསྟན  །_།  བྱེད་པོ  རང་དབང 
 སུ ང 						སུ	ང 	།_། 	ཤེས་པ 	མེད་པ 	-ར 	bstod tshogs ka_.txt	     སུ ང  །_།  ཤེས་པ  མེད་པ  -ར 
 སུ ང 						སུ	ང 	།_། 	མཚན 	ཉིད 	མཚོན་བྱ 	bstod tshogs ka_.txt	     སུ ང  །_།  མཚན  ཉིད  མཚོན་བྱ 
 སུ ངས 						སུ	ངས 	།_། 	དེ 	ཕྱིར 	ཁྱོད་ཀྱིས 	bstod tshogs ka_.txt	     སུ ངས  །_།  དེ  ཕྱིར  ཁྱོད་ཀྱིས 
 སུ  བརྟགས་པ་ལས 						སུ 	བརྟགས་པ་ལས 	བྱུང་བར 	།_། 	ཀུན་དུ 	ཤེས་བྱ 	bstod tshogs ka_.txt	     སུ  བརྟགས་པ་ལས  བྱུང་བར  །_།  ཀུན་དུ  ཤེས་བྱ 
 སུ ངས 						སུ	ངས 	།_། 	རྟག་ལ 	འཁོར་བ 	ཡོད 	bstod tshogs ka_.txt	     སུ ངས  །_།  རྟག་ལ  འཁོར་བ  ཡོད 
 སུ ངས 						སུ	ངས 	།_། 	སྡུག 	བསྔལ 	རང་གིས 	bstod tshogs ka_.txt	     སུ ངས  །_།  སྡུག  བསྔལ  རང་གིས 
 སུ ངས 						སུ	ངས 	།_། 	རྟེན་ཅིང 	འབྲེལ 	པར་གང 	bstod tshogs ka_.txt	     སུ ངས  །_།  རྟེན་ཅིང  འབྲེལ  པར་གང 
 སུ ་ཆུད 						སུ	་ཆུད 	།_། 	འཕགས་པ 	རྣམས་ཀྱིས 	བསྟན་པ་ཡི 	bstod tshogs ka_.txt	     སུ ་ཆུད  །_།  འཕགས་པ  རྣམས་ཀྱིས  བསྟན་པ་ཡི 
 སུ ངས་པ 						སུ	ངས་པ 	-འི་ཕྱིར 	།_། 	དེ 	ཕྱིར 	bstod tshogs ka_.txt	     སུ ངས་པ  -འི་ཕྱིར  །_།  དེ  ཕྱིར 
 སུ ང་བ 						སུ	ང་བ 	-ས 	བསྟན་པ་ཡིན 	།_། 	རྣམ 	bstod tshogs ka_.txt	     སུ ང་བ  -ས  བསྟན་པ་ཡིན  །_།  རྣམ 
 སུ  འགྲོ་བ 						སུ 	འགྲོ་བ 	-ར་ཤོག 	_། 	དོན 	དམ་པ 	bstod tshogs ka_.txt	     སུ  འགྲོ་བ  -ར་ཤོག  _།  དོན  དམ་པ 
 སུ མ་ལ 						སུ	མ་ལ 	བསྟོད་པ 	།_༄༅༅།_། 	རྒྱ 	གར 	bstod tshogs ka_.txt	     སུ མ་ལ  བསྟོད་པ  །_༄༅༅།_།  རྒྱ  གར 
 སུ མ་ལ 						སུ	མ་ལ 	བསྟོད་པ་ཞེས 	བྱ་བ 	།_། 	འཕགས་པ 	bstod tshogs ka_.txt	     སུ མ་ལ  བསྟོད་པ་ཞེས  བྱ་བ  །_།  འཕགས་པ 
ཕུན  སུ མ 	མ་ཡིན 	བདག་དང 	གཞན་ལ 	ཕན་པ 	ཕུན 	སུ	མ 	ཚོགས་ཆེན 	གཞི 	-ར 	གྱུར་པ 	bstod tshogs ka_.txt	མ་ཡིན  བདག་དང  གཞན་ལ  ཕན་པ  ཕུན  སུ མ  ཚོགས་ཆེན  གཞི  -ར  གྱུར་པ 
 སུ མ་གྱི 						སུ	མ་གྱི 	འཇིགས 	སེལ་བ 	།_། 	ཕྱོགས 	bstod tshogs ka_.txt	     སུ མ་གྱི  འཇིགས  སེལ་བ  །_།  ཕྱོགས 
 སུ མ་ཡིད་དང 						སུ	མ་ཡིད་དང 	ཚིག་གི་ལམ་ལས 	རབ་ཏུ 	འདས་པ་ལ 	།_། 	bstod tshogs ka_.txt	     སུ མ་ཡིད་དང  ཚིག་གི་ལམ་ལས  རབ་ཏུ  འདས་པ་ལ  །_། 
 སུ མ 						སུ	མ 	ཐོབ་ནས 	འགྲོ་བ 	འདི་དག 	མ 	bstod tshogs ka_.txt	     སུ མ  ཐོབ་ནས  འགྲོ་བ  འདི་དག  མ 
 སུ མ་ལ 						སུ	མ་ལ 	བསྟོད་པ་ཞེས 	བྱ་བ 	སློབ་དཔོན 	འཕགས་པ 	bstod tshogs ka_.txt	     སུ མ་ལ  བསྟོད་པ་ཞེས  བྱ་བ  སློབ་དཔོན  འཕགས་པ 
 སུ མ་ལ 						སུ	མ་ལ 	བསྟོད་པ་ཞེས 	བྱ་བ 	-འི 	རྣམ་པ 	bstod tshogs ka_.txt	     སུ མ་ལ  བསྟོད་པ་ཞེས  བྱ་བ  -འི  རྣམ་པ 
 སུ མ་ལ 						སུ	མ་ལ 	བསྟོད་པ་ཞེས 	བྱ་བ 	-འི 	རྣམ་པ 	bstod tshogs ka_.txt	     སུ མ་ལ  བསྟོད་པ་ཞེས  བྱ་བ  -འི  རྣམ་པ 
 སུ མ་གྱི 						སུ	མ་གྱི 	།_། 	བསྟོད་པ 	ཀླུ་སྒྲུབ་ཀྱིས 	མཛད་པ 	bstod tshogs ka_.txt	     སུ མ་གྱི  །_།  བསྟོད་པ  ཀླུ་སྒྲུབ་ཀྱིས  མཛད་པ 
 སུ  བཅད་པ་གསུམ་གྱིས 						སུ 	བཅད་པ་གསུམ་གྱིས 	བརྗོད་པ 	-ར 	བྱ་བ་དང 	།_ 	bstod tshogs ka_.txt	     སུ  བཅད་པ་གསུམ་གྱིས  བརྗོད་པ  -ར  བྱ་བ་དང  །_ 
 སུ མ་ནི 						སུ	མ་ནི 	བརྗོད་པ 	-ར 	བྱ་བའོ 	།_། 	bstod tshogs ka_.txt	     སུ མ་ནི  བརྗོད་པ  -ར  བྱ་བའོ  །_། 
 སུ  བཅད་པ 						སུ 	བཅད་པ 	འདི 	བྱས་སོ 	།_། 	དེ 	bstod tshogs ka_.txt	     སུ  བཅད་པ  འདི  བྱས་སོ  །_།  དེ 
 སུ  བཅད་པ 						སུ 	བཅད་པ 	དག 	རྗོད་པ་དང 	བརྗོད་པ 	-ར 	bstod tshogs ka_.txt	     སུ  བཅད་པ  དག  རྗོད་པ་དང  བརྗོད་པ  -ར 
 སུ མ་གྱི 						སུ	མ་གྱི 	དོན་དང 	བྱ་བ 	མཐའ 	-ར 	bstod tshogs ka_.txt	     སུ མ་གྱི  དོན་དང  བྱ་བ  མཐའ  -ར 
 སུ  བྱ་བ 						སུ 	བྱ་བ 	-ར 	མི 	ནུས་ཏེ 	།_ 	bstod tshogs ka_.txt	     སུ  བྱ་བ  -ར  མི  ནུས་ཏེ  །_ 
 སུ  ཆད་པ 						སུ 	ཆད་པ 	མེད་པ 	-འི 	ངོ་བོ 	ཉིད་དོ 	bstod tshogs ka_.txt	     སུ  ཆད་པ  མེད་པ  -འི  ངོ་བོ  ཉིད་དོ 
 སུ  གྱུར་པ་དེ 						སུ 	གྱུར་པ་དེ 	མ 	མཐོང་སྟེ 	།_ 	སཱ 	bstod tshogs ka_.txt	     སུ  གྱུར་པ་དེ  མ  མཐོང་སྟེ  །_  སཱ 
ཕུན  སུ མ 	ཕྱིར 	བདག་དང 	གཞན་ལ 	ཕན་པ 	ཕུན 	སུ	མ 	ཚོགས་ཆེན 	གཞི 	-ར 	གྱུར་པ་ཞེས 	bstod tshogs ka_.txt	ཕྱིར  བདག་དང  གཞན་ལ  ཕན་པ  ཕུན  སུ མ  ཚོགས་ཆེན  གཞི  -ར  གྱུར་པ་ཞེས 
ཕུན  སུ མ 	།_ 	དེ 	དག་ལ 	ཕན་པ 	ཕུན 	སུ	མ 	ཚོགས་པ 	-འི 	གཞི 	-ར 	bstod tshogs ka_.txt	།_  དེ  དག་ལ  ཕན་པ  ཕུན  སུ མ  ཚོགས་པ  -འི  གཞི  -ར 
ཕུན  སུ མ 	ལེགས་པ 	-འི 	མཚན་ཉིད 	ཅན་གྱི 	ཕུན 	སུ	མ 	ཚོགས་པ 	ཆེན་པོ 	-འི 	གཞི 	bstod tshogs ka_.txt	ལེགས་པ  -འི  མཚན་ཉིད  ཅན་གྱི  ཕུན  སུ མ  ཚོགས་པ  ཆེན་པོ  -འི  གཞི 
ཕུན  སུ མ 	ལྟར་ན 	བདག་དང 	གཞན་ལ 	ཕན་པ 	ཕུན 	སུ	མ 	ཚོགས་པ 	ཆེན་པོ 	-འི 	གཞི 	bstod tshogs ka_.txt	ལྟར་ན  བདག་དང  གཞན་ལ  ཕན་པ  ཕུན  སུ མ  ཚོགས་པ  ཆེན་པོ  -འི  གཞི 
ཕུན  སུ མ 	ལྟར 	བདག་དང 	གཞན་ལ 	ཕན་པ 	ཕུན 	སུ	མ 	ཚོགས་པ 	ཆེན་པོ 	-འི 	གཞི 	bstod tshogs ka_.txt	ལྟར  བདག་དང  གཞན་ལ  ཕན་པ  ཕུན  སུ མ  ཚོགས་པ  ཆེན་པོ  -འི  གཞི 
 སུ  གྱུར་པ་ནི 						སུ 	གྱུར་པ་ནི 	གླ་རྩི་ལ 	སོགས་པ 	-ས 	བསྒོས་པ 	bstod tshogs ka_.txt	     སུ  གྱུར་པ་ནི  གླ་རྩི་ལ  སོགས་པ  -ས  བསྒོས་པ 
ཕུན  སུ མ 	བས་ན 	བདག་དང 	གཞན་ལ 	ཕན་པ 	ཕུན 	སུ	མ 	ཚོགས་པ 	-འི 	གཞི 	-ར 	bstod tshogs ka_.txt	བས་ན  བདག་དང  གཞན་ལ  ཕན་པ  ཕུན  སུ མ  ཚོགས་པ  -འི  གཞི  -ར 
 སུ  དག་པ 						སུ 	དག་པ 	-ར 	གྱུར་པ་ནི 	གསེར་དང 	ཟངས་ཀྱི 	bstod tshogs ka_.txt	     སུ  དག་པ  -ར  གྱུར་པ་ནི  གསེར་དང  ཟངས་ཀྱི 
 སུ ངས་པ་གང 						སུ	ངས་པ་གང 	འདི་ལྟར 	རྐྱེན་དང 	ལྡན་པ་ནི 	ཀུན་ནས 	bstod tshogs ka_.txt	     སུ ངས་པ་གང  འདི་ལྟར  རྐྱེན་དང  ལྡན་པ་ནི  ཀུན་ནས 
 སུ  ཡོད་པའོ 						སུ 	ཡོད་པའོ 	།_། 	དེ 	མེད་པ 	-ར 	bstod tshogs ka_.txt	     སུ  ཡོད་པའོ  །_།  དེ  མེད་པ  -ར 
 སུ ་ལ 						སུ	་ལ 	ཞེ་ན 	།_ 	རྒྱལ་བ 	རྣམས་ཏེ 	bstod tshogs ka_.txt	     སུ ་ལ  ཞེ་ན  །_  རྒྱལ་བ  རྣམས་ཏེ 
 སུ  ཆུད་པ 						སུ 	ཆུད་པ 	-ས 	ཐུགས 	བྱིན་གྱིས 	བརླབས་པ་ལ 	bstod tshogs ka_.txt	     སུ  ཆུད་པ  -ས  ཐུགས  བྱིན་གྱིས  བརླབས་པ་ལ 
 སུ མ་པ 						སུ	མ་པ 	ཐམས་ཅད་ཀྱི 	དབང་ཕྱུག 	ཆེན་པོ 	-འི 	bstod tshogs ka_.txt	     སུ མ་པ  ཐམས་ཅད་ཀྱི  དབང་ཕྱུག  ཆེན་པོ  -འི 
 སུ ང་ངོ 						སུ	ང་ངོ 	།_། 	ཐམས་ཅད་དུ 	འཇུག་པ 	-ས་ན 	bstod tshogs ka_.txt	     སུ ང་ངོ  །_།  ཐམས་ཅད་དུ  འཇུག་པ  -ས་ན 
 སུ ང་བ 						སུ	ང་བ 	-ར 	འགྱུར་བ་དེ་ལ 	དེ་སྐད་ཅེས་བྱའོ 	།_། 	bstod tshogs ka_.txt	     སུ ང་བ  -ར  འགྱུར་བ་དེ་ལ  དེ་སྐད་ཅེས་བྱའོ  །_། 
 སུ  ཆུད་པའོ 						སུ 	ཆུད་པའོ 	།_། 	ལོངས 	སྤྱོད 	རྫོགས 	bstod tshogs ka_.txt	     སུ  ཆུད་པའོ  །_།  ལོངས  སྤྱོད  རྫོགས 
 སུ མ་པ 						སུ	མ་པ 	ཐམས་ཅད་ཀྱི 	བདག་པོའོ 	།_། 	དེ་ལ 	bstod tshogs ka_.txt	     སུ མ་པ  ཐམས་ཅད་ཀྱི  བདག་པོའོ  །_།  དེ་ལ 
 སུ  བཅད་པ་གཉིས་ཀྱིས 						སུ 	བཅད་པ་གཉིས་ཀྱིས 	སྐུ 	རྣམ་པ་གཉིས་པོ 	-འི 	རང་གི 	bstod tshogs ka_.txt	     སུ  བཅད་པ་གཉིས་ཀྱིས  སྐུ  རྣམ་པ་གཉིས་པོ  -འི  རང་གི 
 སུ  སྨིན་པ 						སུ 	སྨིན་པ 	-འི 	དོན་དུའོ 	།_། 	གང་གིས 	bstod tshogs ka_.txt	     སུ  སྨིན་པ  -འི  དོན་དུའོ  །_།  གང་གིས 
 སུ འོ 						སུ	འོ 	།_། 	རབ་ཏུ 	ཞི་བ 	-ར་གང 	bstod tshogs ka_.txt	     སུ འོ  །_།  རབ་ཏུ  ཞི་བ  -ར་གང 
 སུ  མྱ་ངན་ལས 						སུ 	མྱ་ངན་ལས 	འདས་པ 	ཆེན་པོ 	སྟོན་པའོ 	།_། 	bstod tshogs ka_.txt	     སུ  མྱ་ངན་ལས  འདས་པ  ཆེན་པོ  སྟོན་པའོ  །_། 
 སུ  འཇུག་པ 						སུ 	འཇུག་པ 	-ར 	མཛད་པའོ 	།_། 	ཁྱད 	bstod tshogs ka_.txt	     སུ  འཇུག་པ  -ར  མཛད་པའོ  །_།  ཁྱད 
 སུ མ་གྱི 						སུ	མ་གྱི 	འཇིགས 	སེལ་ཞེས 	བྱ་བ་སྟེ 	།_ 	bstod tshogs ka_.txt	     སུ མ་གྱི  འཇིགས  སེལ་ཞེས  བྱ་བ་སྟེ  །_ 
 སུ མ་གྱི 						སུ	མ་གྱི 	སེམས་ཅན 	རྣམས་ཀྱི 	སྐྱེ་བ་ལ 	སོགས་པ 	bstod tshogs ka_.txt	     སུ མ་གྱི  སེམས་ཅན  རྣམས་ཀྱི  སྐྱེ་བ་ལ  སོགས་པ 
 སུ  རྗེས་སུ 						སུ 	རྗེས་སུ 	ཁྱབ་པའོ 	།_། 	ཐུབ་པ་ནི 	སྐུ་དང 	bstod tshogs ka_.txt	     སུ  རྗེས་སུ  ཁྱབ་པའོ  །_།  ཐུབ་པ་ནི  སྐུ་དང 
 སུ ང 						སུ	ང 	ཐུབ་པ་དང 	ལྡན་པ 	-ས་ན 	ཐུབ་པ་སྟེ 	bstod tshogs ka_.txt	     སུ ང  ཐུབ་པ་དང  ལྡན་པ  -ས་ན  ཐུབ་པ་སྟེ 
 སུ ངས་པ་ཡིན་ནོ 						སུ	ངས་པ་ཡིན་ནོ 	།_། 	དེ་ནི 	འདི་སྐད་དུ 	སྟོན་པ 	bstod tshogs ka_.txt	     སུ ངས་པ་ཡིན་ནོ  །_།  དེ་ནི  འདི་སྐད་དུ  སྟོན་པ 
 སུ  རྫོགས་པ 						སུ 	རྫོགས་པ 	-ར 	མཛད་ནས 	།_ 	གནས་ཀྱི 	bstod tshogs ka_.txt	     སུ  རྫོགས་པ  -ར  མཛད་ནས  །_  གནས་ཀྱི 
 སུ  འཇུག་པ་དང 						སུ 	འཇུག་པ་དང 	།_ 	བལྟམས་པ་དང 	།_ 	བཙུན 	bstod tshogs ka_.txt	     སུ  འཇུག་པ་དང  །_  བལྟམས་པ་དང  །_  བཙུན 
 སུ  མྱ་ངན་ལས 						སུ 	མྱ་ངན་ལས 	འདས་པ 	ཆེན་པོ 	-འི 	བར་གྱིས 	bstod tshogs ka_.txt	     སུ  མྱ་ངན་ལས  འདས་པ  ཆེན་པོ  -འི  བར་གྱིས 
 སུ ངས་པ 						སུ	ངས་པ 	-ས་སོ 	།_། 	དེ 	ལྟར 	bstod tshogs ka_.txt	     སུ ངས་པ  -ས་སོ  །_།  དེ  ལྟར 
 སུ  བཅད་པ་གསུམ་གྱིས 						སུ 	བཅད་པ་གསུམ་གྱིས 	སྐུ་གསུམ 	བསྟན་ནས 	།_ 	གཞན་ཡང 	bstod tshogs ka_.txt	     སུ  བཅད་པ་གསུམ་གྱིས  སྐུ་གསུམ  བསྟན་ནས  །_  གཞན་ཡང 
 སུ  ཆད་པ 						སུ 	ཆད་པ 	མེད་པ 	-ར 	བསགས་པ་ནི 	དཔག་ཏུ 	bstod tshogs ka_.txt	     སུ  ཆད་པ  མེད་པ  -ར  བསགས་པ་ནི  དཔག་ཏུ 
དེ  སུ ་ཞིག་ཅེ་ན 	བྱུང་བ་ནི 	དེ་ལས 	སྐྱེས་པའོ 	།_། 	དེ 	སུ	་ཞིག་ཅེ་ན 	།_ 	བདེ 	བར 	གཤེགས་པ་སྟེ 	bstod tshogs ka_.txt	བྱུང་བ་ནི  དེ་ལས  སྐྱེས་པའོ  །_།  དེ  སུ ་ཞིག་ཅེ་ན  །_  བདེ  བར  གཤེགས་པ་སྟེ 
 སུ མ་ནི 						སུ	མ་ནི 	ཆོས་ཀྱི 	སྐུ་དང 	།_ 	ལོངས 	bstod tshogs ka_.txt	     སུ མ་ནི  ཆོས་ཀྱི  སྐུ་དང  །_  ལོངས 
 སུ མ་པའོ 						སུ	མ་པའོ 	།_། 	དེ 	བས་ན 	དེ 	bstod tshogs ka_.txt	     སུ མ་པའོ  །_།  དེ  བས་ན  དེ 
 སུ  ཡོད་པ 						སུ 	ཡོད་པ 	-འི་ཡིད་ཀྱི 	ཡུལ་ལས 	ཤིན་ཏུ 	འདས་པ 	bstod tshogs ka_.txt	     སུ  ཡོད་པ  -འི་ཡིད་ཀྱི  ཡུལ་ལས  ཤིན་ཏུ  འདས་པ 
 སུ མ 						སུ	མ 	ཐོབ་ཅིང 	རེག་ནས 	འགྲོ་བ 	མ 	bstod tshogs ka_.txt	     སུ མ  ཐོབ་ཅིང  རེག་ནས  འགྲོ་བ  མ 
 སུ མ་ལ 						སུ	མ་ལ 	བསྟོད་པ་ཞེས 	བྱ་བ 	-འི 	འགྲེལ་པ 	bstod tshogs ka_.txt	     སུ མ་ལ  བསྟོད་པ་ཞེས  བྱ་བ  -འི  འགྲེལ་པ 
 སུ  ཞུགས 						སུ 	ཞུགས 	གྱུར་པ 	།_། 	དེས་ནི 	ང་ཡང 	bstod tshogs ka_.txt	     སུ  ཞུགས  གྱུར་པ  །_།  དེས་ནི  ང་ཡང 
 སུ  བཅད་པ 						སུ 	བཅད་པ 	-འི 	སྒོ་ནས 	བསྡུས་པ 	རྫོགས་སོ 	bstod tshogs ka_.txt	     སུ  བཅད་པ  -འི  སྒོ་ནས  བསྡུས་པ  རྫོགས་སོ 
 སུ  འབྲང 						སུ 	འབྲང 	ལགས་པ 	།_། 	རྒྱུ 	སྐ 	bstod tshogs ka_.txt	     སུ  འབྲང  ལགས་པ  །_།  རྒྱུ  སྐ 
-ར  སུ  -ས 	།_། 	འདིར 	ཁྱོད 	བསྟོད་པ 	-ར 	སུ 	-ས 	རྔོ་ཐོགས 	།_། 	མཚན 	མ 	bstod tshogs ka_.txt	།_།  འདིར  ཁྱོད  བསྟོད་པ  -ར  སུ  -ས  རྔོ་ཐོགས  །_།  མཚན  མ 
 སུ ངས 						སུ	ངས 	།_། 	ཡེ 	ཤེས 	མཉམ་མེད 	bstod tshogs ka_.txt	     སུ ངས  །_།  ཡེ  ཤེས  མཉམ་མེད 
 སུ ངས 						སུ	ངས 	།_། 	ང་བོ 	ཉིད་ཀྱིས་དེ 	མ་སྐྱེས 	bstod tshogs ka_.txt	     སུ ངས  །_།  ང་བོ  ཉིད་ཀྱིས་དེ  མ་སྐྱེས 
 སུ ངས 						སུ	ངས 	།_། 	བྱིས་པ 	གང་དག་ཅི 	བརྗོད་པ 	bstod tshogs ka_.txt	     སུ ངས  །_།  བྱིས་པ  གང་དག་ཅི  བརྗོད་པ 
 སུ ངས 						སུ	ངས 	།_། 	གང 	ཚེ་ཅི 	ལ 	bstod tshogs ka_.txt	     སུ ངས  །_།  གང  ཚེ་ཅི  ལ 
 སུ ངས 						སུ	ངས 	།_། 	བློ 	ལྡན 	ཁྱོད་ཀྱིས 	bstod tshogs ka_.txt	     སུ ངས  །_།  བློ  ལྡན  ཁྱོད་ཀྱིས 
 སུ ངས 						སུ	ངས 	།_། 	གང་གིས་ཅི་ཞིག 	མ 	རྟོགས་པ 	bstod tshogs ka_.txt	     སུ ངས  །_།  གང་གིས་ཅི་ཞིག  མ  རྟོགས་པ 
 སུ ངས 						སུ	ངས 	།_། 	ཡོད 	ཅེས་པ་ནི 	རྟག་པ 	bstod tshogs ka_.txt	     སུ ངས  །_།  ཡོད  ཅེས་པ་ནི  རྟག་པ 
དངོས  སུ  །_། 	མཐོང་བ་བཞིན 	།_། 	འགྲོ་བ 	འབྱུང་བ་དེ 	དངོས 	སུ 	།_། 	མ 	བྱུང 	དེ་བཞིན 	ཁྱོད་ཀྱིས་གཟིགས 	bstod tshogs ka_.txt	མཐོང་བ་བཞིན  །_།  འགྲོ་བ  འབྱུང་བ་དེ  དངོས  སུ  །_།  མ  བྱུང  དེ་བཞིན  ཁྱོད་ཀྱིས་གཟིགས 
 སུ ངས 						སུ	ངས 	།_། 	དེ 	བཞིན 	སྐྱེས་དང 	bstod tshogs ka_.txt	     སུ ངས  །_།  དེ  བཞིན  སྐྱེས་དང 
 སུ ངས 						སུ	ངས 	།_། 	ཇི 	ལྟར 	སྒྱུ་མ 	bstod tshogs ka_.txt	     སུ ངས  །_།  ཇི  ལྟར  སྒྱུ་མ 
 སུ ང 						སུ	ང 	དེ་བཞིན 	བྱེད་པ་པོ 	།_། 	བྱེད་པ་པོ་ཡང 	bstod tshogs ka_.txt	     སུ ང  དེ་བཞིན  བྱེད་པ་པོ  །_།  བྱེད་པ་པོ་ཡང 
 སུ ངས 						སུ	ངས 	།_། 	བརྗོད་པ་ལས་ནི 	གཞན 	གྱུར་པ 	bstod tshogs ka_.txt	     སུ ངས  །_།  བརྗོད་པ་ལས་ནི  གཞན  གྱུར་པ 
 སུ ངས 						སུ	ངས 	།_། 	གང་གིས 	སྟོང་པ 	-ར 	bstod tshogs ka_.txt	     སུ ངས  །_།  གང་གིས  སྟོང་པ  -ར 
 སུ ངས 						སུ	ངས 	།_། 	དངོས་དང 	དངོས་མེད་གཉིས 	འདས་པ 	bstod tshogs ka_.txt	     སུ ངས  །_།  དངོས་དང  དངོས་མེད་གཉིས  འདས་པ 
 སུ ་བཞེད 						སུ	་བཞེད 	།_། 	དེ་ནི 	ཡང་དག 	མི 	bstod tshogs ka_.txt	     སུ ་བཞེད  །_།  དེ་ནི  ཡང་དག  མི 
 སུ ངས 						སུ	ངས 	།_། 	དམ་པ 	-འི 	དོན་ནི 	bstod tshogs ka_.txt	     སུ ངས  །_།  དམ་པ  -འི  དོན་ནི 
 སུ ངས 						སུ	ངས 	།_། 	བྱས་པ 	ཆད་ནས 	མེད་ཅེས་པ 	bstod tshogs ka_.txt	     སུ ངས  །_།  བྱས་པ  ཆད་ནས  མེད་ཅེས་པ 
 སུ ངས 						སུ	ངས 	།_། 	ཡང 	དག 	ཤེས་པ 	bstod tshogs ka_.txt	     སུ ངས  །_།  ཡང  དག  ཤེས་པ 
 སུ ངས 						སུ	ངས 	།_། 	གང 	ལ་རྫས་ཤིག 	སྐྱེ 	bstod tshogs ka_.txt	     སུ ངས  །_།  གང  ལ་རྫས་ཤིག  སྐྱེ 
 སུ མ་པོ 						སུ	མ་པོ 	སྦྱིན་སྲེག་མཛད 	།_། 	དངོས 	འཛིན 	bstod tshogs ka_.txt	     སུ མ་པོ  སྦྱིན་སྲེག་མཛད  །_།  དངོས  འཛིན 
 སུ ངས 						སུ	ངས 	།_། 	སྟོང་པ 	ཉིད་དང 	ཆེས་ཟབ་པའི 	bstod tshogs ka_.txt	     སུ ངས  །_།  སྟོང་པ  ཉིད་དང  ཆེས་ཟབ་པའི 
 སུ ངས་པ་ལགས 						སུ	ངས་པ་ལགས 	།_། 	ཆོས 	རྣམས 	ཀུན་གྱི 	bstod tshogs ka_.txt	     སུ ངས་པ་ལགས  །_།  ཆོས  རྣམས  ཀུན་གྱི 
 སུ  འཛིན་པ་ནི 						སུ 	འཛིན་པ་ནི 	།_། 	སླད་ཀྱིས་ཀྱང་ནི 	བཟློག 	པར་མཛད 	bstod tshogs ka_.txt	     སུ  འཛིན་པ་ནི  །_།  སླད་ཀྱིས་ཀྱང་ནི  བཟློག  པར་མཛད 
 སུ ངས་པས 						སུ	ངས་པས 	།_། 	སྤྲོས་པ 	རྣམས་ནི 	བཅད་པ་ལགས 	bstod tshogs ka_.txt	     སུ ངས་པས  །_།  སྤྲོས་པ  རྣམས་ནི  བཅད་པ་ལགས 
 སུ ངས 						སུ	ངས 	།_། 	དེ་ཡང 	ཡོངས་སུ 	བཏགས་པ་སྟེ 	bstod tshogs ka_.txt	     སུ ངས  །_།  དེ་ཡང  ཡོངས་སུ  བཏགས་པ་སྟེ 
 སུ  མགོན་པོ 						སུ 	མགོན་པོ 	ཁྱོད 	མི་བཞེད 	།_། 	སྟོང་དང 	bstod tshogs ka_.txt	     སུ  མགོན་པོ  ཁྱོད  མི་བཞེད  །_།  སྟོང་དང 
 སུ ང་ཆེན 						སུ	ང་ཆེན 	སྤྱོད་པ་ལགས 	།_། 	གཞན 	མིན 	bstod tshogs ka_.txt	     སུ ང་ཆེན  སྤྱོད་པ་ལགས  །_།  གཞན  མིན 
 སུ ངས 						སུ	ངས 	།_། 	གཅིག་དང 	གཞན 	ཉིད 	bstod tshogs ka_.txt	     སུ ངས  །_།  གཅིག་དང  གཞན  ཉིད 
 སུ མ 						སུ	མ 	མཆིས་ན 	།_། 	འདུས 	བྱས 	bstod tshogs ka_.txt	     སུ མ  མཆིས་ན  །_།  འདུས  བྱས 
 སུ མ་པ 						སུ	མ་པ 	ཐ 	དད 	འགྱུར་བ་ལགས 	།_། 	bstod tshogs ka_.txt	     སུ མ་པ  ཐ  དད  འགྱུར་བ་ལགས  །_། 
 སུ མ་པོ་སོ་སོ་ནི 						སུ	མ་པོ་སོ་སོ་ནི 	།_། 	འདུས 	བྱས་ལས་ལ 	ནུས 	bstod tshogs ka_.txt	     སུ མ་པོ་སོ་སོ་ནི  །_།  འདུས  བྱས་ལས་ལ  ནུས 
 སུ ངས་ན 						སུ	ངས་ན 	སེང་གེ་ཡིས 	།_། 	འབིགས 	བྱེད 	bstod tshogs ka_.txt	     སུ ངས་ན  སེང་གེ་ཡིས  །_།  འབིགས  བྱེད 
 སུ ངས་པ་དང 						སུ	ངས་པ་དང 	།_། 	གང 	དག་གིས་ནི 	དེ་ལྟར་རྟོགས 	bstod tshogs ka_.txt	     སུ ངས་པ་དང  །_།  གང  དག་གིས་ནི  དེ་ལྟར་རྟོགས 
 སུ ངས་པ 						སུ	ངས་པ 	།_། 	ཕྱིར་ཞིང 	རྟོགས་པ 	-ར 	bstod tshogs ka_.txt	     སུ ངས་པ  །_།  ཕྱིར་ཞིང  རྟོགས་པ  -ར 
 སུ ་གཅོད 						སུ	་གཅོད 	།_། 	དེ 	ལྟར 	མཉམ་ཞིང 	bstod tshogs ka_.txt	     སུ ་གཅོད  །_།  དེ  ལྟར  མཉམ་ཞིང 
 སུ ་ཆུད 						སུ	་ཆུད 	།_། 	མཆོག་ཏུ 	ཟབ་པ 	ཉིད 	bstod tshogs ka_.txt	     སུ ་ཆུད  །_།  མཆོག་ཏུ  ཟབ་པ  ཉིད 
།_།  སུ ་ལ 	ཆོས 	རྣམས 	ཐམས་ཅད 	སྟོང་པ་ལ 	།_། 	སུ	་ལ 	བསྟོད་ཅིང་སུ་ཡིས་བསྟོད 	།_། 	མཐའ 	མ 	bstod tshogs ka_.txt	ཆོས  རྣམས  ཐམས་ཅད  སྟོང་པ་ལ  །_།  སུ ་ལ  བསྟོད་ཅིང་སུ་ཡིས་བསྟོད  །_།  མཐའ  མ 
 སུ  མི་བདེ 						སུ 	མི་བདེ 	།_། 	ཁྱེད་དང 	བསོད་ནམས 	དམན་པ་ཞིག 	bstod tshogs ka_.txt	     སུ  མི་བདེ  །_།  ཁྱེད་དང  བསོད་ནམས  དམན་པ་ཞིག 
 སུ ་ལ 						སུ	་ལ 	།_། 	སྐྱབས་སུ 	མཆི་བ 	-ར 	bstod tshogs ka_.txt	     སུ ་ལ  །_།  སྐྱབས་སུ  མཆི་བ  -ར 
 སུ ངས 						སུ	ངས 	།_། 	འགྲོ་ལ 	རྟག་ཏུ 	བུ 	bstod tshogs ka_.txt	     སུ ངས  །_།  འགྲོ་ལ  རྟག་ཏུ  བུ 
 སུ  བདག 						སུ 	བདག 	གྱུར་ཅིང 	།_། 	སྐྱེ་བ 	ཀུན་དུ 	bstod tshogs ka_.txt	     སུ  བདག  གྱུར་ཅིང  །_།  སྐྱེ་བ  ཀུན་དུ 
 སུ མ 						སུ	མ 	དགོངས་པ 	མཆོག་ཏུ 	བསྒྲུབ 	མཛད་པ 	bstod tshogs ka_.txt	     སུ མ  དགོངས་པ  མཆོག་ཏུ  བསྒྲུབ  མཛད་པ 
།_།  སུ མ 	ཞབས་ལ 	ཚངས་དབང 	ཅོད་པན་གྱིས 	མཆོད་པ 	།_། 	སུ	མ 	ཅུ 	-འི 	ལྷས 	མཆོད 	bstod tshogs ka_.txt	ཞབས་ལ  ཚངས་དབང  ཅོད་པན་གྱིས  མཆོད་པ  །_།  སུ མ  ཅུ  -འི  ལྷས  མཆོད 
 སུ མ་དུ 						སུ	མ་དུ 	ཚོགས 	བསགས་ཏེ 	།_། 	བྱང 	bstod tshogs ka_.txt	     སུ མ་དུ  ཚོགས  བསགས་ཏེ  །_།  བྱང 
-ས  སུ མ 	_།_། 	ཁྲོན་པ 	-ར 	དུས་བྱ 	-ས 	སུ	མ 	ཅུ 	རྩ་གསུམ་སྐྱེས 	།_། 	ཐུགས 	bstod tshogs ka_.txt	_།_།  ཁྲོན་པ  -ར  དུས་བྱ  -ས  སུ མ  ཅུ  རྩ་གསུམ་སྐྱེས  །_།  ཐུགས 
 སུ མ་ནས 						སུ	མ་ནས 	མཐའ 	-ར་ཕྱིན 	།_། 	མྱ་ངན 	bstod tshogs ka_.txt	     སུ མ་ནས  མཐའ  -ར་ཕྱིན  །_།  མྱ་ངན 
 སུ  ཞུགས 						སུ 	ཞུགས 	པར 	མཛད་ལ 	ཕྱག 	འཚལ་ལོ 	bstod tshogs ka_.txt	     སུ  ཞུགས  པར  མཛད་ལ  ཕྱག  འཚལ་ལོ 
 སུ  ངེས་ལ 						སུ 	ངེས་ལ 	ཕྱག 	འཚལ་ལོ 	།_། 	གཞོན 	bstod tshogs ka_.txt	     སུ  ངེས་ལ  ཕྱག  འཚལ་ལོ  །_།  གཞོན 
 སུ མ་ལ 						སུ	མ་ལ 	འགོད 	མཛད 	ཕྱག 	འཚལ་ལོ 	bstod tshogs ka_.txt	     སུ མ་ལ  འགོད  མཛད  ཕྱག  འཚལ་ལོ 
 སུ མ་ན 						སུ	མ་ན 	དཔེ་མེད 	ཡོན་ཏན་གྱིས 	།_། 	མཉན 	bstod tshogs ka_.txt	     སུ མ་ན  དཔེ་མེད  ཡོན་ཏན་གྱིས  །_།  མཉན 
 སུ མ་གྱི 						སུ	མ་གྱི 	བླ་མ་ལ 	།_། 	མི 	ཕམ 	bstod tshogs ka_.txt	     སུ མ་གྱི  བླ་མ་ལ  །_།  མི  ཕམ 
 སུ ་འཁྲུངས 						སུ	་འཁྲུངས 	།_། 	གདུང་ནི 	ཉི་མ 	-འི 	bstod tshogs ka_.txt	     སུ ་འཁྲུངས  །_།  གདུང་ནི  ཉི་མ  -འི 
 སུ ་གྲགས 						སུ	་གྲགས 	།_། 	དཔའ་བོ 	རྨད་བྱུང 	སངས་རྒྱས་ནི 	bstod tshogs ka_.txt	     སུ ་གྲགས  །_།  དཔའ་བོ  རྨད་བྱུང  སངས་རྒྱས་ནི 
།_།  སུ མ 	གསེར་གྱི 	མདོག་དང 	ལྡན 	གྱུར་ཅིང 	།_། 	སུ	མ 	ཅུ 	རྩ་གཉིས 	མཚན་དང་ལྡན 	།_། 	bstod tshogs ka_.txt	གསེར་གྱི  མདོག་དང  ལྡན  གྱུར་ཅིང  །_།  སུ མ  ཅུ  རྩ་གཉིས  མཚན་དང་ལྡན  །_། 
 སུ  མཁྱེན་པ 						སུ 	མཁྱེན་པ 	བསྐྱེད་ནས་ནི 	།_། 	དེ 	བཞིན 	bstod tshogs ka_.txt	     སུ  མཁྱེན་པ  བསྐྱེད་ནས་ནི  །_།  དེ  བཞིན 
 སུ ་མྱོང 						སུ	་མྱོང 	།_། 	བདག་ནི 	གཉེན་གྱི 	ཚོགས་ཀྱིས་སྤངས 	bstod tshogs ka_.txt	     སུ ་མྱོང  །_།  བདག་ནི  གཉེན་གྱི  ཚོགས་ཀྱིས་སྤངས 
 སུ  །_། 						སུ 	།_། 	མགོན་པོ 	བདག 	ཅག 	ལོང 	bstod tshogs ka_.txt	     སུ  །_།  མགོན་པོ  བདག  ཅག  ལོང 
 སུ  མཆི་བ 						སུ 	མཆི་བ 	-ར་བགྱི 	།_། 	བདག་ལ 	སྐྱོབ་པ 	bstod tshogs ka_.txt	     སུ  མཆི་བ  -ར་བགྱི  །_།  བདག་ལ  སྐྱོབ་པ 
-ར  སུ ་ཞིག་འགྱུར 					-ར 	སུ	་ཞིག་འགྱུར 	།_། 	སྨན་པ 	རྣམས་ཀྱི 	སྨན་པ 	bstod tshogs ka_.txt	    -ར  སུ ་ཞིག་འགྱུར  །_།  སྨན་པ  རྣམས་ཀྱི  སྨན་པ 
 སུ མ 						སུ	མ 	རྒྱུ་དང 	མི 	རྒྱུ་བ 	།_། 	bstod tshogs ka_.txt	     སུ མ  རྒྱུ་དང  མི  རྒྱུ་བ  །_། 
 སུ མ་གྱི 						སུ	མ་གྱི 	བསྟོད་པ 	།_༄༅༅།_། 	རྒྱ 	གར 	bstod tshogs ka_.txt	     སུ མ་གྱི  བསྟོད་པ  །_༄༅༅།_།  རྒྱ  གར 
 སུ མ་གྱི 						སུ	མ་གྱི 	བསྟོད་པ 	།_ 	དཀོན 	མཆོག་གསུམ་ལ 	bstod tshogs ka_.txt	     སུ མ་གྱི  བསྟོད་པ  །_  དཀོན  མཆོག་གསུམ་ལ 
 སུ ང་རབ་ལ 						སུ	ང་རབ་ལ 	།_། 	གུས་པ 	-ས 	ཕྱག 	bstod tshogs ka_.txt	     སུ ང་རབ་ལ  །_།  གུས་པ  -ས  ཕྱག 
 སུ མ་གྱི 						སུ	མ་གྱི 	བསྟོད་པ 	སློབ་དཔོན 	དབྱིག་གཉེན་གྱིས 	མཛད་པ 	bstod tshogs ka_.txt	     སུ མ་གྱི  བསྟོད་པ  སློབ་དཔོན  དབྱིག་གཉེན་གྱིས  མཛད་པ 
 སུ ་མཆི 						སུ	་མཆི 	།_། 	ཇི 	སྲིད 	བདག་ལ 	bstod tshogs ka_.txt	     སུ ་མཆི  །_།  ཇི  སྲིད  བདག་ལ 
 སུ ང་དང 						སུ	ང་དང 	ཐུགས་ཀྱི 	ཕྲིན་ལས་ལ 	།_། 	ཞེ 	bstod tshogs ka_.txt	     སུ ང་དང  ཐུགས་ཀྱི  ཕྲིན་ལས་ལ  །_།  ཞེ 
 སུ  དག་པ 						སུ 	དག་པ 	-འི་ལས 	རྣམས་ཀྱིས 	།_། 	ཁྱོད་ནི 	bstod tshogs ka_.txt	     སུ  དག་པ  -འི་ལས  རྣམས་ཀྱིས  །_།  ཁྱོད་ནི 
 སུ  ཅི 						སུ 	ཅི 	-ས 	མི་མཆི 	།_། 	ལྟ་དང 	bstod tshogs ka_.txt	     སུ  ཅི  -ས  མི་མཆི  །_།  ལྟ་དང 
 སུ  འབྲེལ 						སུ 	འབྲེལ 	སླད་དུ 	།_། 	ཏིང 	འཛིན 	bstod tshogs ka_.txt	     སུ  འབྲེལ  སླད་དུ  །_།  ཏིང  འཛིན 
 སུ  མཆི 						སུ 	མཆི 	མི་བགྱིད 	།_། 	འདྲེས་པ་ལ་ནི 	ལེགས་བཤད་ཉིད 	bstod tshogs ka_.txt	     སུ  མཆི  མི་བགྱིད  །_།  འདྲེས་པ་ལ་ནི  ལེགས་བཤད་ཉིད 
 སུ ་སྤངས 						སུ	་སྤངས 	།_། 	ལེགས 	བཤད 	ཆེན་པོ 	bstod tshogs ka_.txt	     སུ ་སྤངས  །_།  ལེགས  བཤད  ཆེན་པོ 
 སུ  བཅད་པ 						སུ 	བཅད་པ 	-འི 	ཕྱེད་ཙམ་ཡང 	།_། 	གང་ཞིག 	bstod tshogs ka_.txt	     སུ  བཅད་པ  -འི  ཕྱེད་ཙམ་ཡང  །_།  གང་ཞིག 
 སུ  མཆི 						སུ 	མཆི 	མི་བགྱིད 	།_། 	ཁྱོད 	ཉིད 	bstod tshogs ka_.txt	     སུ  མཆི  མི་བགྱིད  །_།  ཁྱོད  ཉིད 
 སུ མ 						སུ	མ 	དག་ཏུ 	།_། 	ཁྱོད་ནི 	དེ་ལྟར 	bstod tshogs ka_.txt	     སུ མ  དག་ཏུ  །_།  ཁྱོད་ནི  དེ་ལྟར 
།_།  སུ ་ཞིག་གིས་ནི 	ཁྱོད་ཀྱི 	བཀའ་ནི 	བརྟན 	བཅས་པ 	།_། 	སུ	་ཞིག་གིས་ནི 	མཇལ་བ 	-ར་ནུས 	།_། 	ཆོས 	bstod tshogs ka_.txt	ཁྱོད་ཀྱི  བཀའ་ནི  བརྟན  བཅས་པ  །_།  སུ ་ཞིག་གིས་ནི  མཇལ་བ  -ར་ནུས  །_།  ཆོས 
 སུ  ཉལ་བྱེད་དེ 						སུ 	ཉལ་བྱེད་དེ 	།_། 	ཁྱོད་ནི 	ཉི་མ་དང 	མཚུངས་མིན 	bstod tshogs ka_.txt	     སུ  ཉལ་བྱེད་དེ  །_།  ཁྱོད་ནི  ཉི་མ་དང  མཚུངས་མིན 
ཉིད་ནི  སུ  -ས 	མིན་པས 	།_། 	སངས 	རྒྱས 	ཉིད་ནི 	སུ 	-ས 	བསམ་ནུས 	།_། 	ཁྱོད་ཀྱི 	གསུང 	bstod tshogs ka_.txt	མིན་པས  །_།  སངས  རྒྱས  ཉིད་ནི  སུ  -ས  བསམ་ནུས  །_།  ཁྱོད་ཀྱི  གསུང 
ཚུལ་ཀྱིས  སུ  -ས 	-འི 	ཡོན་ཏན་རྣམས 	།_། 	དཔེ་ཡི 	ཚུལ་ཀྱིས 	སུ 	-ས 	གཞལ་ནུས 	།_། 	ཁྱད 	པར་ལ་ནི 	bstod tshogs ka_.txt	-འི  ཡོན་ཏན་རྣམས  །_།  དཔེ་ཡི  ཚུལ་ཀྱིས  སུ  -ས  གཞལ་ནུས  །_།  ཁྱད  པར་ལ་ནི 
དེས་ནི  སུ  -ས་ཀྱང 	མཁན་གྱིས 	བརྗོད 	མི་ནུས 	།_། 	དེས་ནི 	སུ 	-ས་ཀྱང 	རྟོགས 	མི་འགྱུར 	།_། 	གང་ལ 	bstod tshogs ka_.txt	མཁན་གྱིས  བརྗོད  མི་ནུས  །_།  དེས་ནི  སུ  -ས་ཀྱང  རྟོགས  མི་འགྱུར  །_།  གང་ལ 
 སུ མ་པའོ 						སུ	མ་པའོ 	།།_།། 	འགྲོ་ལས 	བདུད་ལས 	རྣམ་པ 	bstod tshogs ka_.txt	     སུ མ་པའོ  །།_།།  འགྲོ་ལས  བདུད་ལས  རྣམ་པ 
 སུ  དཔག་པ 						སུ 	དཔག་པ 	-ས 	རྣམ་པ 	-ར་ལྷག 	_། 	bstod tshogs ka_.txt	     སུ  དཔག་པ  -ས  རྣམ་པ  -ར་ལྷག  _། 
 སུ  མཚར 						སུ 	མཚར 	མི་ཆེ 	།_། 	གཡེང 	བ 	bstod tshogs ka_.txt	     སུ  མཚར  མི་ཆེ  །_།  གཡེང  བ 
 སུ མ་པོ 						སུ	མ་པོ 	-ས 	རྟག་ཏུ་གསུམ 	དག་བཏུལ 	།_། 	bstod tshogs ka_.txt	     སུ མ་པོ  -ས  རྟག་ཏུ་གསུམ  དག་བཏུལ  །_། 
 སུ  ཆགས་དང 						སུ 	ཆགས་དང 	ཁོང་ཁྲོ་བར 	།_། 	ཁྱོད་ཀྱི 	ཐུགས་ནི 	bstod tshogs ka_.txt	     སུ  ཆགས་དང  ཁོང་ཁྲོ་བར  །_།  ཁྱོད་ཀྱི  ཐུགས་ནི 
 སུ  དག་པ་ལགས 						སུ 	དག་པ་ལགས 	།_། 	ཕན 	ཚུན 	རྗེས་སུ 	bstod tshogs ka_.txt	     སུ  དག་པ་ལགས  །_།  ཕན  ཚུན  རྗེས་སུ 
མངོན  སུ མ 	ཐུགས 	རྟག་ཏུ 	དང་བ་དག 	_། 	མངོན 	སུ	མ 	གྱུར་པ 	བཞིན་དུ་གདའ 	།_། 	ཤིན་ཏུ 	bstod tshogs ka_.txt	ཐུགས  རྟག་ཏུ  དང་བ་དག  _།  མངོན  སུ མ  གྱུར་པ  བཞིན་དུ་གདའ  །_།  ཤིན་ཏུ 
 སུ ངས་དང 						སུ	ངས་དང 	།_། 	མཛད 	སྤྱོད་བཟང་པོ 	-ས 	bstod tshogs ka_.txt	     སུ ངས་དང  །_།  མཛད  སྤྱོད་བཟང་པོ  -ས 
-ས  སུ ་ཞིག 	ཆེ་བ་ཡི 	།_། 	སྐུ 	འདི 	-ས 	སུ	་ཞིག 	དད 	མི་མཛད 	།_། 	གང་ཡང 	bstod tshogs ka_.txt	ཆེ་བ་ཡི  །_།  སྐུ  འདི  -ས  སུ ་ཞིག  དད  མི་མཛད  །_།  གང་ཡང 
 སུ  མཐུན་པ 						སུ 	མཐུན་པ 	-འི 	དོན 	མཛད་ཅིང 	།_། 	bstod tshogs ka_.txt	     སུ  མཐུན་པ  -འི  དོན  མཛད་ཅིང  །_། 
ཕུན  སུ མ 	གཞན 	གང་ཞིག་ལ་ལེགས 	གནས་འགྱུར 	།_། 	ཕུན 	སུ	མ 	ཚོགས་ལས 	ལྷག་པ 	-འི་སྐུ 	།_། 	bstod tshogs ka_.txt	གཞན  གང་ཞིག་ལ་ལེགས  གནས་འགྱུར  །_།  ཕུན  སུ མ  ཚོགས་ལས  ལྷག་པ  -འི་སྐུ  །_། 
ཕུན  སུ མ 	།_། 	བརྟེན་པ་ཡི་ནི 	ཁྱད་པར་གྱིས 	།_། 	ཕུན 	སུ	མ 	ཚོགས་པ 	ལྷག་པར 	འཆང 	_།_། 	bstod tshogs ka_.txt	།_།  བརྟེན་པ་ཡི་ནི  ཁྱད་པར་གྱིས  །_།  ཕུན  སུ མ  ཚོགས་པ  ལྷག་པར  འཆང  _།_། 
 སུ ང 						སུ	ང 	གསུང་ལྟར 	།_། 	དེ་ཡི 	ཡོན་ཏན 	bstod tshogs ka_.txt	     སུ ང  གསུང་ལྟར  །_།  དེ་ཡི  ཡོན་ཏན 
 སུ ང་བ་འདྲ 						སུ	ང་བ་འདྲ 	།_། 	སངས 	རྒྱས 	བཅོམ་ལྡན 	bstod tshogs ka_.txt	     སུ ང་བ་འདྲ  །_།  སངས  རྒྱས  བཅོམ་ལྡན 
 སུ མ་ལ 						སུ	མ་ལ 	དུབ་པ 	མེད 	བཟོད་ཅིང 	།_། 	bstod tshogs ka_.txt	     སུ མ་ལ  དུབ་པ  མེད  བཟོད་ཅིང  །_། 
 སུ  བཞུགས་པ 						སུ 	བཞུགས་པ 	-ར་མཛད 	།_། 	ཤིན་ཏུ 	གསལ་བ 	bstod tshogs ka_.txt	     སུ  བཞུགས་པ  -ར་མཛད  །_།  ཤིན་ཏུ  གསལ་བ 
 སུ  གཟིགས་པ 						སུ 	གཟིགས་པ 	-ར་མཛད 	།_། 	འདི 	ལྟར 	bstod tshogs ka_.txt	     སུ  གཟིགས་པ  -ར་མཛད  །_།  འདི  ལྟར 
 སུ  མི 						སུ 	མི 	མཐུན་པའི 	།_། 	རོལ 	མོ་མཁན་གྱི 	bstod tshogs ka_.txt	     སུ  མི  མཐུན་པའི  །_།  རོལ  མོ་མཁན་གྱི 
 སུ  མཐུན 						སུ 	མཐུན 	མིན 	གཏོང་བ་ཡང 	།_། 	གཏོང་བ 	bstod tshogs ka_.txt	     སུ  མཐུན  མིན  གཏོང་བ་ཡང  །_།  གཏོང་བ 
 སུ ་མཐུན 						སུ	་མཐུན 	།_། 	ཐུགས 	རྗེ་དེ་ཡིས 	སྤྱོད་ལེགས་མང 	bstod tshogs ka_.txt	     སུ ་མཐུན  །_།  ཐུགས  རྗེ་དེ་ཡིས  སྤྱོད་ལེགས་མང 
 སུ ང་ནི 						སུ	ང་ནི 	དེ་ལྟ་བུ 	།_། 	ཁྱོད་ཀྱི 	དགྲ་བོ 	bstod tshogs ka_.txt	     སུ ང་ནི  དེ་ལྟ་བུ  །_།  ཁྱོད་ཀྱི  དགྲ་བོ 
།_།  སུ ་ཞིག 	།_། 	ཐམས་ཅད 	མཁྱེན་པ 	ལགས་སོ་ཞེས 	།_། 	སུ	་ཞིག 	ངེས་པ 	བསྐྱེད 	མི་འགྱུར 	།_། 	bstod tshogs ka_.txt	།_།  ཐམས་ཅད  མཁྱེན་པ  ལགས་སོ་ཞེས  །_།  སུ ་ཞིག  ངེས་པ  བསྐྱེད  མི་འགྱུར  །_། 
 སུ  ཆགས 						སུ 	ཆགས 	དང་བ 	-ར 	མ་དང 	།_། 	bstod tshogs ka_.txt	     སུ  ཆགས  དང་བ  -ར  མ་དང  །_། 
 སུ ང་ནི 						སུ	ང་ནི 	དོན་གྲུབ་པས 	།_། 	ཐམས་ཅད 	ལེགས་གསུང 	bstod tshogs ka_.txt	     སུ ང་ནི  དོན་གྲུབ་པས  །_།  ཐམས་ཅད  ལེགས་གསུང 
 སུ ང་ནི་རྣམ 						སུ	ང་ནི་རྣམ 	བརྟགས་ན 	།_། 	གང་ཞིག 	འཇམ་དང 	bstod tshogs ka_.txt	     སུ ང་ནི་རྣམ  བརྟགས་ན  །_།  གང་ཞིག  འཇམ་དང 
 སུ ང 						སུ	ང 	རྣམས་ཀྱི 	།_། 	སྣོད 	འདི 	bstod tshogs ka_.txt	     སུ ང  རྣམས་ཀྱི  །_།  སྣོད  འདི 
 སུ ང 						སུ	ང 	འདི་དག་ནི 	ཟླ་བ་ལས 	།_། 	བདུད 	bstod tshogs ka_.txt	     སུ ང  འདི་དག་ནི  ཟླ་བ་ལས  །_།  བདུད 
 སུ ང་ནི 						སུ	ང་ནི 	འདོད་ཆགས་ཀྱི 	།_། 	རྡུལ 	རབ 	bstod tshogs ka_.txt	     སུ ང་ནི  འདོད་ཆགས་ཀྱི  །_།  རྡུལ  རབ 
 སུ ངས་ན 						སུ	ངས་ན 	།_། 	བདེ 	གཤེགས་དགྲ 	བཅོམ 	bstod tshogs ka_.txt	     སུ ངས་ན  །_།  བདེ  གཤེགས་དགྲ  བཅོམ 
གསུང  སུ  -ས 	ཉིད 	ཕུན་ཚོགས་པའི 	།_། 	ཁྱོད་ཀྱི་བདེན 	གསུང 	སུ 	-ས 	རྟོགས་འགྱུར 	།_། 	དོན 	གཟིགས་པ 	bstod tshogs ka_.txt	ཉིད  ཕུན་ཚོགས་པའི  །_།  ཁྱོད་ཀྱི་བདེན  གསུང  སུ  -ས  རྟོགས་འགྱུར  །_།  དོན  གཟིགས་པ 
 སུ ་མཐུན 						སུ	་མཐུན 	།_། 	ལེགས 	པར 	སྦྱར་བ 	bstod tshogs ka_.txt	     སུ ་མཐུན  །_།  ལེགས  པར  སྦྱར་བ 
 སུ ང་ནི་ལེགས་གསུམ་ལྡན 						སུ	ང་ནི་ལེགས་གསུམ་ལྡན 	།_། 	ཟབ་པ་དང་ནི 	སྙན་པ་དང 	།_། 	bstod tshogs ka_.txt	     སུ ང་ནི་ལེགས་གསུམ་ལྡན  །_།  ཟབ་པ་དང་ནི  སྙན་པ་དང  །_། 
 སུ ་མཐུན 						སུ	་མཐུན 	།_། 	གདུག་པ་ལ་ཡང་བདེན 	དོན་ཕྱིར 	།_། 	bstod tshogs ka_.txt	     སུ ་མཐུན  །_།  གདུག་པ་ལ་ཡང་བདེན  དོན་ཕྱིར  །_། 
 སུ ང 						སུ	ང 	།_། 	ཉན་པ 	རྣམས་ཀྱི 	ཡིད་འཕྲོག་མཛད 	bstod tshogs ka_.txt	     སུ ང  །_།  ཉན་པ  རྣམས་ཀྱི  ཡིད་འཕྲོག་མཛད 
 སུ ང 						སུ	ང 	ཀུན་དང 	འཚམ་པ 	-ར་འཇུག 	_། 	bstod tshogs ka_.txt	     སུ ང  ཀུན་དང  འཚམ་པ  -ར་འཇུག  _། 
 སུ ་ནི 						སུ	་ནི 	།_། 	ཐོས 	བསམ 	རང་བཞིན་གྱིས་ཀྱང་ནི 	bstod tshogs ka_.txt	     སུ ་ནི  །_།  ཐོས  བསམ  རང་བཞིན་གྱིས་ཀྱང་ནི 
 སུ ང 						སུ	ང 	འདི 	སྐྱེ་བོ 	ཀུན་ལ་སྨན 	།_། 	bstod tshogs ka_.txt	     སུ ང  འདི  སྐྱེ་བོ  ཀུན་ལ་སྨན  །_། 
 སུ ང 						སུ	ང 	།_། 	ཡོན་ཏན 	རྣམས་ཀྱི 	ཆ 	bstod tshogs ka_.txt	     སུ ང  །_།  ཡོན་ཏན  རྣམས་ཀྱི  ཆ 
 སུ ང་བ 						སུ	ང་བ 	-འི་ཕྱིར 	།_། 	སྐལ 	ཅན 	bstod tshogs ka_.txt	     སུ ང་བ  -འི་ཕྱིར  །_།  སྐལ  ཅན 
 སུ  མི 						སུ 	མི 	འཇུག་པ 	།_། 	དེ 	སླད 	bstod tshogs ka_.txt	     སུ  མི  འཇུག་པ  །_།  དེ  སླད 
 སུ ང 						སུ	ང 	དོན 	མཆིས་ཏེ 	།_། 	བརྩོན 	bstod tshogs ka_.txt	     སུ ང  དོན  མཆིས་ཏེ  །_།  བརྩོན 
 སུ ང 						སུ	ང 	ཡོན་ཏན 	ཆ་ཙམ་ལའང 	།_། 	བདག་གིས 	bstod tshogs ka_.txt	     སུ ང  ཡོན་ཏན  ཆ་ཙམ་ལའང  །_།  བདག་གིས 
 སུ ང་ལ 						སུ	ང་ལ 	བསྟོད་པ་ཞེས 	བྱ་བ་སྟེ 	ལེའུ་བདུན་པའོ 	།།_།། 	bstod tshogs ka_.txt	     སུ ང་ལ  བསྟོད་པ་ཞེས  བྱ་བ་སྟེ  ལེའུ་བདུན་པའོ  །།_།། 
 སུ ང་ཞིང 						སུ	ང་ཞིང 	ཕན་པ་མཛད 	།_། 	ཁྱོད་ཀྱི 	བསྟན་པ་ཅི 	bstod tshogs ka_.txt	     སུ ང་ཞིང  ཕན་པ་མཛད  །_།  ཁྱོད་ཀྱི  བསྟན་པ་ཅི 
 སུ ང་བ་དང 						སུ	ང་བ་དང 	_།_། 	སྲིད་པ 	-ར 	སྨོན་པ 	bstod tshogs ka_.txt	     སུ ང་བ་དང  _།_།  སྲིད་པ  -ར  སྨོན་པ 
 སུ མ་གྱི 						སུ	མ་གྱི 	།_། 	ས་ཆེན 	དག་ལ 	སྤྱོད 	bstod tshogs ka_.txt	     སུ མ་གྱི  །_།  ས་ཆེན  དག་ལ  སྤྱོད 
 སུ མ་པོ་རྣམ 						སུ	མ་པོ་རྣམ 	འཕེལ་ཕྱིར 	།_། 	གང 	ཚེ 	bstod tshogs ka_.txt	     སུ མ་པོ་རྣམ  འཕེལ་ཕྱིར  །_།  གང  ཚེ 
 སུ མ 						སུ	མ 	ཆ 	དབྱེ 	ཁྱོད་ཀྱི་ནི 	།_། 	bstod tshogs ka_.txt	     སུ མ  ཆ  དབྱེ  ཁྱོད་ཀྱི་ནི  །_། 
 སུ ང 						སུ	ང 	ཐོས་པ 	-ས 	དགའ 	འགྱུར་ཏེ 	bstod tshogs ka_.txt	     སུ ང  ཐོས་པ  -ས  དགའ  འགྱུར་ཏེ 
 སུ  ཤེས་པ 						སུ 	ཤེས་པ 	-ས 	རྣམ་པ 	-ར་འདག 	_། 	bstod tshogs ka_.txt	     སུ  ཤེས་པ  -ས  རྣམ་པ  -ར་འདག  _། 
 སུ ་བ 						སུ	་བ 	-ས 	དཔལ་དུ་བྱེད 	།_། 	བསྟེན་པ 	bstod tshogs ka_.txt	     སུ ་བ  -ས  དཔལ་དུ་བྱེད  །_།  བསྟེན་པ 
ཕུན  སུ མ 	དེ་བཞིན་ཁྱོད 	།_། 	ཚུལ 	ཁྲིམས 	ཕུན 	སུ	མ 	ཚོགས་པ 	-ས་དག 	_། 	བསམ 	bstod tshogs ka_.txt	དེ་བཞིན་ཁྱོད  །_།  ཚུལ  ཁྲིམས  ཕུན  སུ མ  ཚོགས་པ  -ས་དག  _།  བསམ 
 སུ མ 	གཏན 	ཕུན 				སུ	མ 	ཚོགས་པ 	-ས་དང 	།_། 	ཤེས 	bstod tshogs ka_.txt	གཏན  ཕུན     སུ མ  ཚོགས་པ  -ས་དང  །_།  ཤེས 
 སུ ངས 						སུ	ངས 	མཉན 	འོས 	རིན་ཆེན་ལགས 	།_། 	bstod tshogs ka_.txt	     སུ ངས  མཉན  འོས  རིན་ཆེན་ལགས  །_། 
 སུ ་ཡང 						སུ	་ཡང 	།_། 	ཁྱོད་ནི 	དྲན་པ 	ཙམ་གྱིས་གང 	bstod tshogs ka_.txt	     སུ ་ཡང  །_།  ཁྱོད་ནི  དྲན་པ  ཙམ་གྱིས་གང 
ཕུན  སུ མ་ཚོགས 	_། 	ཞིང 	གཤིན 	འབྲས་བུ 	ཕུན 	སུ	མ་ཚོགས 	།_། 	སྲོག 	ཆགས 	ཀུན་ལ 	bstod tshogs ka_.txt	_།  ཞིང  གཤིན  འབྲས་བུ  ཕུན  སུ མ་ཚོགས  །_།  སྲོག  ཆགས  ཀུན་ལ 
 སུ ང 						སུ	ང 	བཟང་བ 	-ས 	དགའ་བ 	-ར་མཛད 	bstod tshogs ka_.txt	     སུ ང  བཟང་བ  -ས  དགའ་བ  -ར་མཛད 
 སུ  སྨིན 						སུ 	སྨིན 	སླད་དུ 	།_། 	དུས་ནི 	ཀུན་དུ 	bstod tshogs ka_.txt	     སུ  སྨིན  སླད་དུ  །_།  དུས་ནི  ཀུན་དུ 
 སུ  སྨིན་པ 						སུ 	སྨིན་པ 	-ར 	གཟིགས་ནས་ནི 	།_། 	སླར་ཡང 	bstod tshogs ka_.txt	     སུ  སྨིན་པ  -ར  གཟིགས་ནས་ནི  །_།  སླར་ཡང 
 སུ  འབྲང་བ་བྱེད 						སུ 	འབྲང་བ་བྱེད 	།_། 	ཨེ 	མ 	-འོ 	bstod tshogs ka_.txt	     སུ  འབྲང་བ་བྱེད  །_།  ཨེ  མ  -འོ 
 སུ མ་གྱིས་ནི 						སུ	མ་གྱིས་ནི 	།_། 	ཁྱོད་ཀྱིས 	སྡུག་བསྔལ 	མི 	bstod tshogs ka_.txt	     སུ མ་གྱིས་ནི  །_།  ཁྱོད་ཀྱིས  སྡུག་བསྔལ  མི 
 སུ ་བསྒྱུར 						སུ	་བསྒྱུར 	།_། 	ཤིན་ཏུ 	བཟང 	མིན 	bstod tshogs ka_.txt	     སུ ་བསྒྱུར  །_།  ཤིན་ཏུ  བཟང  མིན 
 སུ  མི 						སུ 	མི 	གཅོད་ཅིང 	།_། 	དགེ་བ 	གོང་དུ 	bstod tshogs ka_.txt	     སུ  མི  གཅོད་ཅིང  །_།  དགེ་བ  གོང་དུ 
།_།  སུ ་ཞིག 	-འི 	ཕྲེང་བ་འང 	ཞི 	བགྱིས་ན 	།_། 	སུ	་ཞིག 	ངོ་མཚར 	སྐྱེ 	མི་བགྱིད 	།_། 	bstod tshogs ka_.txt	-འི  ཕྲེང་བ་འང  ཞི  བགྱིས་ན  །_།  སུ ་ཞིག  ངོ་མཚར  སྐྱེ  མི་བགྱིད  །_། 
 སུ ང་ལ 						སུ	ང་ལ 	།_། 	སྤྲོས 	འགྱུར 	གཞན་ལ 	bstod tshogs ka_.txt	     སུ ང་ལ  །_།  སྤྲོས  འགྱུར  གཞན་ལ 
 སུ ང 						སུ	ང 	ཁྱོད་ལ 	ཕྱག 	འཚལ་ལོ 	།_། 	bstod tshogs ka_.txt	     སུ ང  ཁྱོད་ལ  ཕྱག  འཚལ་ལོ  །_། 
 སུ ང་གིས་སོ་སོ 						སུ	ང་གིས་སོ་སོ 	-འི 	སྐད 	བཞིན་དུ 	།_། 	bstod tshogs ka_.txt	     སུ ང་གིས་སོ་སོ  -འི  སྐད  བཞིན་དུ  །_། 
 སུ ང་བ 						སུ	ང་བ 	ཁྱེད་ལ་ནི 	།_། 	དེ་གཉིས 	གཞན་དུ 	bstod tshogs ka_.txt	     སུ ང་བ  ཁྱེད་ལ་ནི  །_།  དེ་གཉིས  གཞན་དུ 
 སུ ང 						སུ	ང 	ཁྱོད་ལ 	ཕྱག 	འཚལ་ལོ 	།_། 	bstod tshogs ka_.txt	     སུ ང  ཁྱོད་ལ  ཕྱག  འཚལ་ལོ  །_། 
 སུ མ་ན 						སུ	མ་ན 	མཆིས 	མ་ལགས 	།_། 	གལ་ཏེ 	bstod tshogs ka_.txt	     སུ མ་ན  མཆིས  མ་ལགས  །_།  གལ་ཏེ 
 སུ ངས 						སུ	ངས 	།_། 	ཐོག 	མར 	མ 	bstod tshogs ka_.txt	     སུ ངས  །_།  ཐོག  མར  མ 
 སུ མ་ཚོགས 	ཐོགས 	ཕུན 				སུ	མ་ཚོགས 	།_། 	སྟོན 	མཛད 	ཁྱོད་ལ 	bstod tshogs ka_.txt	ཐོགས  ཕུན     སུ མ་ཚོགས  །_།  སྟོན  མཛད  ཁྱོད་ལ 
 སུ ངས 						སུ	ངས 	།_། 	ཁྱོད་ཀྱིས 	མི 	སྤྱོད་པ་ཡིས་ཀྱང 	bstod tshogs ka_.txt	     སུ ངས  །_།  ཁྱོད་ཀྱིས  མི  སྤྱོད་པ་ཡིས་ཀྱང 
 སུ མ 						སུ	མ 	ཕན 	འདོགས 	ནུས་པའི 	།_། 	bstod tshogs ka_.txt	     སུ མ  ཕན  འདོགས  ནུས་པའི  །_། 
 སུ  མྱ་ངན་འདས 						སུ 	མྱ་ངན་འདས 	།_། 	དེ 	ལྟར 	ཐོག་མ 	bstod tshogs ka_.txt	     སུ  མྱ་ངན་འདས  །_།  དེ  ལྟར  ཐོག་མ 
 སུ ང 						སུ	ང 	ཕྲིན་ལས 	ཞི 	གྱུར་པ 	།_། 	bstod tshogs ka_.txt	     སུ ང  ཕྲིན་ལས  ཞི  གྱུར་པ  །_། 
ཕུན  སུ མ 	མིན 	ཚོགས 	དེ 	-ས 	ཕུན 	སུ	མ 	ཚོགས 	ཐོབ་པ 	།_། 	གཞན 	bstod tshogs ka_.txt	མིན  ཚོགས  དེ  -ས  ཕུན  སུ མ  ཚོགས  ཐོབ་པ  །_།  གཞན 
 སུ མ་པའོ 						སུ	མ་པའོ 	།།_།། 	སྤེལ 	མར 	བསྟོད་པ་ཞེས 	bstod tshogs ka_.txt	     སུ མ་པའོ  །།_།།  སྤེལ  མར  བསྟོད་པ་ཞེས 
 སུ  བཅད་པ 						སུ 	བཅད་པ 	འདི 	-ས་ནི 	བསྡུས་པ 	-འི 	bstod tshogs ka_.txt	     སུ  བཅད་པ  འདི  -ས་ནི  བསྡུས་པ  -འི 
 སུ  མི 						སུ 	མི 	ཤེས་པ་དང 	_།_ 	སྒྲོ་འདོགས་པ 	མེད་པ 	bstod tshogs ka_.txt	     སུ  མི  ཤེས་པ་དང  _།_  སྒྲོ་འདོགས་པ  མེད་པ 
 སུ  མི 						སུ 	མི 	ཤེས་པ 	བསྟན་ཏོ 	།_། 	གང 	bstod tshogs ka_.txt	     སུ  མི  ཤེས་པ  བསྟན་ཏོ  །_།  གང 
 སུ  བཅད་པ 						སུ 	བཅད་པ 	ལྔ 	བཅུས 	བསྟོད་པ 	རྩོམ་པ 	bstod tshogs ka_.txt	     སུ  བཅད་པ  ལྔ  བཅུས  བསྟོད་པ  རྩོམ་པ 
 སུ མ་པོ 						སུ	མ་པོ 	རྒྱུ 	-འི 	གནས་སྐབས་དང 	།_ 	bstod tshogs ka_.txt	     སུ མ་པོ  རྒྱུ  -འི  གནས་སྐབས་དང  །_ 
 སུ ངས་པ 						སུ	ངས་པ 	དག་སྟེ 	།_ 	དེ 	ལྟར་ན 	bstod tshogs ka_.txt	     སུ ངས་པ  དག་སྟེ  །_  དེ  ལྟར་ན 
 སུ  བཅད་པ 						སུ 	བཅད་པ 	བཅུས 	དོན 	བཅུ 	བསྟན་པ་ཡིན་ནོ 	bstod tshogs ka_.txt	     སུ  བཅད་པ  བཅུས  དོན  བཅུ  བསྟན་པ་ཡིན་ནོ 
 སུ  བཅད་པ 						སུ 	བཅད་པ 	འདི་གཉིས་ཀྱིས 	བརྒལ་བ་དང 	།_ 	ལན 	bstod tshogs ka_.txt	     སུ  བཅད་པ  འདི་གཉིས་ཀྱིས  བརྒལ་བ་དང  །_  ལན 
ཕུན  སུ མ 	མ 	གྱུར་ཞེས 	བྱ་བ 	འདི་དག་གིས་ནི 	ཕུན 	སུ	མ 	ཚོགས་པ 	རྫོགས་པ 	-ར 	འགྱུར་བ 	bstod tshogs ka_.txt	མ  གྱུར་ཞེས  བྱ་བ  འདི་དག་གིས་ནི  ཕུན  སུ མ  ཚོགས་པ  རྫོགས་པ  -ར  འགྱུར་བ 
ཕུན  སུ མ 	ས 	ཐོབ་པ 	རྣམས་ཀྱི 	སྦྱིན་པ་ནི 	ཕུན 	སུ	མ 	ཚོགས་པ 	རྫོགས་པ 	བཞི་དང 	ལྡན་པ་ཡིན་ཏེ 	bstod tshogs ka_.txt	ས  ཐོབ་པ  རྣམས་ཀྱི  སྦྱིན་པ་ནི  ཕུན  སུ མ  ཚོགས་པ  རྫོགས་པ  བཞི་དང  ལྡན་པ་ཡིན་ཏེ 
 སུ མ 	།_ 	བསམ་པ 	ཕུན 			སུ	མ 	ཚོགས་པ་དང 	།_ 	སྦྱོར་བ 	ཕུན 	bstod tshogs ka_.txt	།_  བསམ་པ  ཕུན    སུ མ  ཚོགས་པ་དང  །_  སྦྱོར་བ  ཕུན 
ཕུན  སུ མ 	སུམ 	ཚོགས་པ་དང 	།_ 	ལེན་པ་པོ 	ཕུན 	སུ	མ 	ཚོགས་པ་དང 	།_ 	སྦྱིན 	པར 	bstod tshogs ka_.txt	སུམ  ཚོགས་པ་དང  །_  ལེན་པ་པོ  ཕུན  སུ མ  ཚོགས་པ་དང  །_  སྦྱིན  པར 
 སུ མ 	བྱ་བ 	ཕུན 				སུ	མ 	ཚོགས་པའོ 	།_། 	ཕྱུག་ཅིང 	འབྱོར་པ་ཞེས 	bstod tshogs ka_.txt	བྱ་བ  ཕུན     སུ མ  ཚོགས་པའོ  །_།  ཕྱུག་ཅིང  འབྱོར་པ་ཞེས 
 སུ མ 	བྱ་བ 	འདི་དག་གིས་ནི 	བསམ་པ 	ཕུན 		སུ	མ 	ཚོགས་པ 	ཉིད་དོ 	།_། 	སྦྱིན 	bstod tshogs ka_.txt	བྱ་བ  འདི་དག་གིས་ནི  བསམ་པ  ཕུན   སུ མ  ཚོགས་པ  ཉིད་དོ  །_།  སྦྱིན 
ཕུན  སུ མ 	མཆིས་ཞེས 	བྱ་བ 	འདི་དག་གིས་ནི 	སྦྱོར་བ 	ཕུན 	སུ	མ 	ཚོགས་པའོ 	།_། 	རི 	ངོས 	bstod tshogs ka_.txt	མཆིས་ཞེས  བྱ་བ  འདི་དག་གིས་ནི  སྦྱོར་བ  ཕུན  སུ མ  ཚོགས་པའོ  །_།  རི  ངོས 
ཕུན  སུ མ 	ལྟ་བུ་ཞེས 	བྱ་བ 	འདི་དག་གིས་ནི 	ལེན་པ་པོ 	ཕུན 	སུ	མ 	ཚོགས་པའོ 	།_། 	དཔལ 	འབྱོར 	bstod tshogs ka_.txt	ལྟ་བུ་ཞེས  བྱ་བ  འདི་དག་གིས་ནི  ལེན་པ་པོ  ཕུན  སུ མ  ཚོགས་པའོ  །_།  དཔལ  འབྱོར 
ཕུན  སུ མ 	འདི་དག་གིས་ནི 	སྦྱིན་པ 	-ར 	བྱ་བ 	ཕུན 	སུ	མ 	ཚོགས་པ་སྟེ 	།_ 	སྦྱིན་པ 	-འི 	bstod tshogs ka_.txt	འདི་དག་གིས་ནི  སྦྱིན་པ  -ར  བྱ་བ  ཕུན  སུ མ  ཚོགས་པ་སྟེ  །_  སྦྱིན་པ  -འི 
 སུ  དག་པ 						སུ 	དག་པ 	-འི 	ཚུལ་ཁྲིམས་ཀྱི 	ཕ་རོལ་ཏུ 	ཕྱིན་པའོ 	bstod tshogs ka_.txt	     སུ  དག་པ  -འི  ཚུལ་ཁྲིམས་ཀྱི  ཕ་རོལ་ཏུ  ཕྱིན་པའོ 
 སུ  ཆུད་པ 						སུ 	ཆུད་པ 	-འི 	ཤེས་རབ་ཀྱི 	ཕ་རོལ་ཏུ 	ཕྱིན་པའོ 	bstod tshogs ka_.txt	     སུ  ཆུད་པ  -འི  ཤེས་རབ་ཀྱི  ཕ་རོལ་ཏུ  ཕྱིན་པའོ 
 སུ  བཅད་པ 						སུ 	བཅད་པ 	འདི་གཉིས་ཀྱིས་ནི 	བརྒལ་བ་དང 	ལན 	དང་བཅས་པ 	bstod tshogs ka_.txt	     སུ  བཅད་པ  འདི་གཉིས་ཀྱིས་ནི  བརྒལ་བ་དང  ལན  དང་བཅས་པ 
 སུ  བཅད་པ 						སུ 	བཅད་པ 	བཅུ་གཅིག་གིས 	ས 	ཐོབ་པ 	རྣམས་ཀྱི 	bstod tshogs ka_.txt	     སུ  བཅད་པ  བཅུ་གཅིག་གིས  ས  ཐོབ་པ  རྣམས་ཀྱི 
 སུ མ་པའོ 						སུ	མ་པའོ 	།།_།། 	དེ་ལ 	མངའ་དབང 	མཛད་པ་ནི 	bstod tshogs ka_.txt	     སུ མ་པའོ  །།_།།  དེ་ལ  མངའ་དབང  མཛད་པ་ནི 
 སུ  སྨིན་པ 						སུ 	སྨིན་པ 	-ར 	མཛད་པ 	དག་གོ 	།_། 	bstod tshogs ka_.txt	     སུ  སྨིན་པ  -ར  མཛད་པ  དག་གོ  །_། 
 སུ མ་ལ 						སུ	མ་ལ 	བློ་གྲོས་ཅི 	རིགས 	ཞུགས་ཞེས 	བྱ་བ 	bstod tshogs ka_.txt	     སུ མ་ལ  བློ་གྲོས་ཅི  རིགས  ཞུགས་ཞེས  བྱ་བ 
 སུ  སྨིན་པ 						སུ 	སྨིན་པ 	-ར 	བྱ་བ་ལ 	མངའ་དབང 	མཛད་པའོ 	bstod tshogs ka_.txt	     སུ  སྨིན་པ  -ར  བྱ་བ་ལ  མངའ་དབང  མཛད་པའོ 
 སུ  རྫོགས་པའོ 						སུ 	རྫོགས་པའོ 	།_། 	མངའ 	དབང 	མཛད་པ 	bstod tshogs ka_.txt	     སུ  རྫོགས་པའོ  །_།  མངའ  དབང  མཛད་པ 
 སུ མ་དང 						སུ	མ་དང 	ལྡན་པ 	-ས་ནི 	སེམས་ཅན་གྱི 	དོན 	bstod tshogs ka_.txt	     སུ མ་དང  ལྡན་པ  -ས་ནི  སེམས་ཅན་གྱི  དོན 
 སུ  བསྔོ་བ 						སུ 	བསྔོ་བ 	བསྟན་ཏོ 	།_། 	དེ 	ལྟར 	bstod tshogs ka_.txt	     སུ  བསྔོ་བ  བསྟན་ཏོ  །_།  དེ  ལྟར 
 སུ  མྱ་ངན 						སུ 	མྱ་ངན 	ལས་མི 	འདའ་བ་ཡིན་ནོ 	།_། 	ཡོན་ཏན 	bstod tshogs ka_.txt	     སུ  མྱ་ངན  ལས་མི  འདའ་བ་ཡིན་ནོ  །_།  ཡོན་ཏན 
 སུ མ་གྱིས 						སུ	མ་གྱིས 	རྒྱུ 	བསྟན་ཏོ 	།_། 	གཞན 	bstod tshogs ka_.txt	     སུ མ་གྱིས  རྒྱུ  བསྟན་ཏོ  །_།  གཞན 
 སུ མ་གྱིས་གཞན 						སུ	མ་གྱིས་གཞན 	།_། 	དང་པོ 	-འི 	ཁྱད་པར 	bstod tshogs ka_.txt	     སུ མ་གྱིས་གཞན  །_།  དང་པོ  -འི  ཁྱད་པར 
 སུ མ་གྱིས་སོ 						སུ	མ་གྱིས་སོ 	།_། 	དེ 	ལ་ཁ་ཅིག 	དངོས 	bstod tshogs ka_.txt	     སུ མ་གྱིས་སོ  །_།  དེ  ལ་ཁ་ཅིག  དངོས 
 སུ ངས 						སུ	ངས 	།_། 	མི 	མཐུན 	ཕྱོགས 	bstod tshogs ka_.txt	     སུ ངས  །_།  མི  མཐུན  ཕྱོགས 
 སུ མ་སྟེ 						སུ	མ་སྟེ 	བྱང་ཆུབ་དང 	།_། 	ཉེས་དང 	ཡོན་ཏན 	bstod tshogs ka_.txt	     སུ མ་སྟེ  བྱང་ཆུབ་དང  །_།  ཉེས་དང  ཡོན་ཏན 
 སུ མ་སྟེ 						སུ	མ་སྟེ 	ཆོས 	བསྟན་དང 	།_། 	དམ 	bstod tshogs ka_.txt	     སུ མ་སྟེ  ཆོས  བསྟན་དང  །_།  དམ 
 སུ  བསྔོ་བ་སྟེ 						སུ 	བསྔོ་བ་སྟེ 	།_། 	བསྟོད་པ 	-འི 	དོན་ནི 	bstod tshogs ka_.txt	     སུ  བསྔོ་བ་སྟེ  །_།  བསྟོད་པ  -འི  དོན་ནི 
 སུ  མྱ་ངན་ལས 						སུ 	མྱ་ངན་ལས 	འདས་པ་ལ 	བསྟོད་པ 	།_ 	འཇམ 	bstod tshogs ka_.txt	     སུ  མྱ་ངན་ལས  འདས་པ་ལ  བསྟོད་པ  །_  འཇམ 
 སུ ་འཁྲུངས 						སུ	་འཁྲུངས 	།_། 	གང་གིས 	མཉམ 	དགར 	bstod tshogs ka_.txt	     སུ ་འཁྲུངས  །_།  གང་གིས  མཉམ  དགར 
 སུ ་ཆུད 						སུ	་ཆུད 	།_། 	གང་གིས་ཝཱ་རཱ་ཎ་སཱིར 	ཆོས་ཀྱི 	འཁོར་ལོ་བསྐོར 	bstod tshogs ka_.txt	     སུ ་ཆུད  །_།  གང་གིས་ཝཱ་རཱ་ཎ་སཱིར  ཆོས་ཀྱི  འཁོར་ལོ་བསྐོར 
རྫོགས་པ  སུ  -ས 	རི 	འདྲ 	མཚན 	རྣམས 	རྫོགས་པ 	སུ 	-ས 	མཐོང་འགྱུར 	།_། 	ཀྱི་ཧུད 	འོད 	bstod tshogs ka_.txt	རི  འདྲ  མཚན  རྣམས  རྫོགས་པ  སུ  -ས  མཐོང་འགྱུར  །_།  ཀྱི་ཧུད  འོད 
 སུ  མྱ་ངན་ལས 						སུ 	མྱ་ངན་ལས 	འདས་པ་ལ 	བསྟོད་པ 	སློབ་དཔོན 	ཆེན་པོ 	bstod tshogs ka_.txt	     སུ  མྱ་ངན་ལས  འདས་པ་ལ  བསྟོད་པ  སློབ་དཔོན  ཆེན་པོ 
 སུ ང 						སུ	ང 	འཇམ 	ཡོན་ཏན 	ནམ་མཁའ 	མཐའ 	bstod tshogs ka_.txt	     སུ ང  འཇམ  ཡོན་ཏན  ནམ་མཁའ  མཐའ 
 སུ མ 						སུ	མ 	མཆོག 	གྲུབ 	བདག་སྩོལ 	།_། 	bstod tshogs ka_.txt	     སུ མ  མཆོག  གྲུབ  བདག་སྩོལ  །_། 
 སུ  དག་པ 						སུ 	དག་པ 	-འི 	བདག་ཉིད 	ཅན 	བརྩེ་བ 	bstod tshogs ka_.txt	     སུ  དག་པ  -འི  བདག་ཉིད  ཅན  བརྩེ་བ 
 སུ  མཐུན་པ 						སུ 	མཐུན་པ 	-འི 	ཡོན་ཏན་དང 	ལྡན་པ 	རྣམས་ཡིན་ཏེ 	bstod tshogs ka_.txt	     སུ  མཐུན་པ  -འི  ཡོན་ཏན་དང  ལྡན་པ  རྣམས་ཡིན་ཏེ 
 སུ  དག་པ 						སུ 	དག་པ 	-འི 	བདག་ཉིད 	ཅན 	ཡིན་ཡང 	bstod tshogs ka_.txt	     སུ  དག་པ  -འི  བདག་ཉིད  ཅན  ཡིན་ཡང 
 སུ  དག་པ 						སུ 	དག་པ 	-འི 	བདག་ཉིད 	ཅན 	ཉིད 	bstod tshogs ka_.txt	     སུ  དག་པ  -འི  བདག་ཉིད  ཅན  ཉིད 
 སུ ངས་སོ 						སུ	ངས་སོ 	།_། 	བརྩེ 	བ 	-འི 	bstod tshogs ka_.txt	     སུ ངས་སོ  །_།  བརྩེ  བ  -འི 
 སུ ངས་སོ 						སུ	ངས་སོ 	།_། 	ཐུགས 	རྗེ 	-འི 	bstod tshogs ka_.txt	     སུ ངས་སོ  །_།  ཐུགས  རྗེ  -འི 
 སུ ངས་སོ 						སུ	ངས་སོ 	།_། 	བརྩེ 	བ 	-འི 	bstod tshogs ka_.txt	     སུ ངས་སོ  །_།  བརྩེ  བ  -འི 
 སུ ངས་ཏེ 						སུ	ངས་ཏེ 	།_ 	འདི་ནི 	བསྡུས་པ 	-འི 	bstod tshogs ka_.txt	     སུ ངས་ཏེ  །_  འདི་ནི  བསྡུས་པ  -འི 
།_  སུ ་དང་ཡང 	-ས 	དཔེ་མེད་པ 	-འི 	ཕྱིར་ཏེ 	།_ 	སུ	་དང་ཡང 	མཉམ་ཞིང 	མཚུངས་པ 	མེད་པའམ 	།_ 	bstod tshogs ka_.txt	-ས  དཔེ་མེད་པ  -འི  ཕྱིར་ཏེ  །_  སུ ་དང་ཡང  མཉམ་ཞིང  མཚུངས་པ  མེད་པའམ  །_ 
 སུ  དག་པ 						སུ 	དག་པ 	བཤད་དོ 	།_། 	གཡོ་བ་ནི 	གཞན་དུ 	bstod tshogs ka_.txt	     སུ  དག་པ  བཤད་དོ  །_།  གཡོ་བ་ནི  གཞན་དུ 
 སུ  མེད་པ 						སུ 	མེད་པ 	-འི 	ཆོས་ཉིད 	ཤིན་ཏུ 	རྣམ་པ 	bstod tshogs ka_.txt	     སུ  མེད་པ  -འི  ཆོས་ཉིད  ཤིན་ཏུ  རྣམ་པ 
 སུ  གྲུབ་པ 						སུ 	གྲུབ་པ 	-ར 	བཤད་དོ 	།_། 	མཉམ་པ 	bstod tshogs ka_.txt	     སུ  གྲུབ་པ  -ར  བཤད་དོ  །_།  མཉམ་པ 
ཕུན  སུ མ 	སྒྲིབ་པ 	ཐམས་ཅད 	སྤོང་བ 	-འི 	ཕུན 	སུ	མ 	ཚོགས་པ 	-འང 	འདྲེན་ལ 	ཡོན་ཏན 	bstod tshogs ka_.txt	སྒྲིབ་པ  ཐམས་ཅད  སྤོང་བ  -འི  ཕུན  སུ མ  ཚོགས་པ  -འང  འདྲེན་ལ  ཡོན་ཏན 
 སུ  གྲུབ་པའོ 						སུ 	གྲུབ་པའོ 	།_། 	གང 	དག་དེ 	སྩོལ་བ 	bstod tshogs ka_.txt	     སུ  གྲུབ་པའོ  །_།  གང  དག་དེ  སྩོལ་བ 
ཕུན  སུ མ 	གཞན་ལ 	ཕན་པ 	-འི 	རྒྱུ 	ཕུན 	སུ	མ 	ཚོགས་པ་སོ་སོ 	ཡང་དག 	པར 	རིག་པ་ལ 	bstod tshogs ka_.txt	གཞན་ལ  ཕན་པ  -འི  རྒྱུ  ཕུན  སུ མ  ཚོགས་པ་སོ་སོ  ཡང་དག  པར  རིག་པ་ལ 
 སུ  མི 						སུ 	མི 	ཉམས་པ 	-འི 	ཆོས་ཉིད་ཀྱིས་སམ 	།_ 	bstod tshogs ka_.txt	     སུ  མི  ཉམས་པ  -འི  ཆོས་ཉིད་ཀྱིས་སམ  །_ 
 སུ  བཅད་པ 						སུ 	བཅད་པ 	དང་པོ་དང 	ཐ་མ 	འདི་གཉིས 	ཁོ་ན 	bstod tshogs ka_.txt	     སུ  བཅད་པ  དང་པོ་དང  ཐ་མ  འདི་གཉིས  ཁོ་ན 
 སུ  བཅད་པ་གསུམ་ནི 						སུ 	བཅད་པ་གསུམ་ནི 	ཀླན་ཀ 	ངན་པ 	ཡོངས་སུ 	སྤང་བ 	bstod tshogs ka_.txt	     སུ  བཅད་པ་གསུམ་ནི  ཀླན་ཀ  ངན་པ  ཡོངས་སུ  སྤང་བ 
 སུ  དག་པ 						སུ 	དག་པ 	ཚད 	མེད་པ 	ཡོད་པ 	-ས 	bstod tshogs ka_.txt	     སུ  དག་པ  ཚད  མེད་པ  ཡོད་པ  -ས 
།_  སུ  དག 	-འི 	གསང་བ 	-འི 	མདོ་ལས 	།_ 	སུ 	དག 	སངས་རྒྱས 	ཆོས 	རྣམས་ལ 	།_། 	bstod tshogs ka_.txt	-འི  གསང་བ  -འི  མདོ་ལས  །_  སུ  དག  སངས་རྒྱས  ཆོས  རྣམས་ལ  །_། 
 སུ  བསྟན་པ་སྟེ 						སུ 	བསྟན་པ་སྟེ 	།_། 	དེ 	ལ་ཚད་ནི་གང 	ན 	bstod tshogs ka_.txt	     སུ  བསྟན་པ་སྟེ  །_།  དེ  ལ་ཚད་ནི་གང  ན 
 སུ ངས་པ 						སུ	ངས་པ 	ལྟ་བུ་ཡིན་ནོ 	།_། 	དེ 	བས་ན 	bstod tshogs ka_.txt	     སུ ངས་པ  ལྟ་བུ་ཡིན་ནོ  །_།  དེ  བས་ན 
 སུ ངས་སོ 						སུ	ངས་སོ 	།_། 	ནམ 	མཁའ་ནི 	ནམ་མཁའ་སྟེ་དེ 	bstod tshogs ka_.txt	     སུ ངས་སོ  །_།  ནམ  མཁའ་ནི  ནམ་མཁའ་སྟེ་དེ 
 སུ  གྲུབ་པ་སྟེ 						སུ 	གྲུབ་པ་སྟེ 	།_ 	གང 	དག་ལ་དེ 	སྐལ་བ་ཇི 	bstod tshogs ka_.txt	     སུ  གྲུབ་པ་སྟེ  །_  གང  དག་ལ་དེ  སྐལ་བ་ཇི 
 སུ  གྲུབ་པ 						སུ 	གྲུབ་པ 	མཉམ་པ 	མེད་པ 	-འི 	མཐའ་མེད་པ 	bstod tshogs ka_.txt	     སུ  གྲུབ་པ  མཉམ་པ  མེད་པ  -འི  མཐའ་མེད་པ 
 སུ  བསྟན་པ་སྟེ 						སུ 	བསྟན་པ་སྟེ 	།_། 	དེ 	ལ་ཚད་ནི་གང 	ན 	bstod tshogs ka_.txt	     སུ  བསྟན་པ་སྟེ  །_།  དེ  ལ་ཚད་ནི་གང  ན 
 སུ ངས་པ 						སུ	ངས་པ 	-ར 	ཟད་དོ 	།_། 	ཀླན 	bstod tshogs ka_.txt	     སུ ངས་པ  -ར  ཟད་དོ  །_།  ཀླན 
 སུ མ་གྱི 						སུ	མ་གྱི 	བླ་མ 	རྣམས 	ཐུགས་རྗེ 	-འི 	bstod tshogs ka_.txt	     སུ མ་གྱི  བླ་མ  རྣམས  ཐུགས་རྗེ  -འི 
 སུ ངས་སོ 						སུ	ངས་སོ 	།_། 	འགྲོ 	བ 	-འི 	bstod tshogs ka_.txt	     སུ ངས་སོ  །_།  འགྲོ  བ  -འི 
 སུ  སྣང་ཞིང 						སུ 	སྣང་ཞིང 	མཛེས་སོ 	།_། 	རྟག་ཏུ་ཞེས 	བྱ་བ་ནི 	bstod tshogs ka_.txt	     སུ  སྣང་ཞིང  མཛེས་སོ  །_།  རྟག་ཏུ་ཞེས  བྱ་བ་ནི 
 སུ  བསྐྱབ་པ 						སུ 	བསྐྱབ་པ 	-ར 	འདོད་པ 	-འི 	ངོ་བོ 	bstod tshogs ka_.txt	     སུ  བསྐྱབ་པ  -ར  འདོད་པ  -འི  ངོ་བོ 
 སུ  མྱ་ངན་ལས 						སུ 	མྱ་ངན་ལས 	འདས་ན 	འདི 	ཐམས་ཅད་ཀྱང 	རྗེས་སུ 	bstod tshogs ka_.txt	     སུ  མྱ་ངན་ལས  འདས་ན  འདི  ཐམས་ཅད་ཀྱང  རྗེས་སུ 
 སུ མ་ལ་ཞེས 						སུ	མ་ལ་ཞེས 	བྱ་བ་ནི 	འཇིག་རྟེན་གསུམ་པོ་ལའོ 	།_། 	མཆོག་ནི 	bstod tshogs ka_.txt	     སུ མ་ལ་ཞེས  བྱ་བ་ནི  འཇིག་རྟེན་གསུམ་པོ་ལའོ  །_།  མཆོག་ནི 
 སུ  གྲུབ་པ་སྟེ་དེ 						སུ 	གྲུབ་པ་སྟེ་དེ 	སྩོལ་བའོ 	།_། 	གང 	དག་ཏུ 	bstod tshogs ka_.txt	     སུ  གྲུབ་པ་སྟེ་དེ  སྩོལ་བའོ  །_།  གང  དག་ཏུ 
 སུ  དཔག་ཏུ 						སུ 	དཔག་ཏུ 	མེད་ཅིང 	འདི་ཙམ་ཞེས 	ཡོངས་སུ 	ཆད་པ 	bstod tshogs ka_.txt	     སུ  དཔག་ཏུ  མེད་ཅིང  འདི་ཙམ་ཞེས  ཡོངས་སུ  ཆད་པ 
ཕུན  སུ མ 	ཁོ་ན 	ཕན་ཚུན 	འདི་དག་ནི 	ཡོན་ཏན 	ཕུན 	སུ	མ 	ཚོགས་པ 	འདི་ཙམ་དང 	ལྡན་ནོ་ཞེས 	བྱ་བ 	bstod tshogs ka_.txt	ཁོ་ན  ཕན་ཚུན  འདི་དག་ནི  ཡོན་ཏན  ཕུན  སུ མ  ཚོགས་པ  འདི་ཙམ་དང  ལྡན་ནོ་ཞེས  བྱ་བ 
 སུ ངས་སོ 						སུ	ངས་སོ 	།_། 	དེ 	བཞིན 	གཤེགས་པ 	bstod tshogs ka_.txt	     སུ ངས་སོ  །_།  དེ  བཞིན  གཤེགས་པ 
 སུ ངས་ཏེ 						སུ	ངས་ཏེ 	།_ 	ཇི 	ལྟར 	འདོད་པ 	bstod tshogs ka_.txt	     སུ ངས་ཏེ  །_  ཇི  ལྟར  འདོད་པ 
 སུ ངས་སོ 						སུ	ངས་སོ 	།_། 	སྦྱིན་པ་ནི 	ཟང་ཟིང་དང 	།_ 	bstod tshogs ka_.txt	     སུ ངས་སོ  །_།  སྦྱིན་པ་ནི  ཟང་ཟིང་དང  །_ 
 སུ མ 						སུ	མ 	ཡོངས་སུ 	དག་པ 	-ས 	སྦྱིན་པ 	bstod tshogs ka_.txt	     སུ མ  ཡོངས་སུ  དག་པ  -ས  སྦྱིན་པ 
 སུ  དག་པ 						སུ 	དག་པ 	དེ་དག་ནི 	སྦྱིན 	མཆོག 	ཅན་ནོ 	bstod tshogs ka_.txt	     སུ  དག་པ  དེ་དག་ནི  སྦྱིན  མཆོག  ཅན་ནོ 
 སུ  དག་པ 						སུ 	དག་པ 	-འི 	རྒྱུས 	སངས་རྒྱས 	ཉིད 	bstod tshogs ka_.txt	     སུ  དག་པ  -འི  རྒྱུས  སངས་རྒྱས  ཉིད 
 སུ མ 						སུ	མ 	རྟག 	དམ་པ 	སྩོལ 	མཆོག་སྒྲུབ 	bstod tshogs ka_.txt	     སུ མ  རྟག  དམ་པ  སྩོལ  མཆོག་སྒྲུབ 
 སུ མ་པ་ལའོ 						སུ	མ་པ་ལའོ 	།_། 	འབྲས 	བུ 	མཆོག 	bstod tshogs ka_.txt	     སུ མ་པ་ལའོ  །_།  འབྲས  བུ  མཆོག 
 སུ  གྲུབ་པ་དེ 						སུ 	གྲུབ་པ་དེ 	སྩོལ་བ་ཞེས 	རྣམ་པ 	-ར 	བཤད་པ 	bstod tshogs ka_.txt	     སུ  གྲུབ་པ་དེ  སྩོལ་བ་ཞེས  རྣམ་པ  -ར  བཤད་པ 
 སུ མ་ལ 						སུ	མ་ལ 	ཐོགས་པ 	མི 	མངའ་བ 	-འི 	bstod tshogs ka_.txt	     སུ མ་ལ  ཐོགས་པ  མི  མངའ་བ  -འི 
 སུ མ་གྱི་རྗེའོ 						སུ	མ་གྱི་རྗེའོ 	།_། 	ཀུན་གྱི་ཞེས 	བྱ་བ་ནི 	ཕྱོགས 	bstod tshogs ka_.txt	     སུ མ་གྱི་རྗེའོ  །_།  ཀུན་གྱི་ཞེས  བྱ་བ་ནི  ཕྱོགས 
 སུ མ 						སུ	མ 	མཆོག 	ཅེས་བྱ་བ་ལ 	སོགས་པ་ལ 	།_། 	bstod tshogs ka_.txt	     སུ མ  མཆོག  ཅེས་བྱ་བ་ལ  སོགས་པ་ལ  །_། 
 སུ མ་ཞེས 						སུ	མ་ཞེས 	བྱ་བ་ནི 	།_ 	དམ 	ཚིག་གསུམ་པ 	bstod tshogs ka_.txt	     སུ མ་ཞེས  བྱ་བ་ནི  །_  དམ  ཚིག་གསུམ་པ 
 སུ ངས་པ 						སུ	ངས་པ 	-འི 	མཆོག་གི 	དངོས་གྲུབ་བམ 	།_ 	bstod tshogs ka_.txt	     སུ ངས་པ  -འི  མཆོག་གི  དངོས་གྲུབ་བམ  །_ 
 སུ མ་པོ 						སུ	མ་པོ 	སངས་རྒྱས་དང 	_།_ 	ཆོས་དང 	_།_ 	bstod tshogs ka_.txt	     སུ མ་པོ  སངས་རྒྱས་དང  _།_  ཆོས་དང  _།_ 
 སུ མ་པའོ 						སུ	མ་པའོ 	།_། 	ཡང་ན 	དམ་ཚིག་གསུམ་ནི 	།_ 	bstod tshogs ka_.txt	     སུ མ་པའོ  །_།  ཡང་ན  དམ་ཚིག་གསུམ་ནི  །_ 
 སུ ངས་པ 						སུ	ངས་པ 	ལྟ་བུའོ 	།_། 	འཇིག 	རྟེན་པ་དང 	bstod tshogs ka_.txt	     སུ ངས་པ  ལྟ་བུའོ  །_།  འཇིག  རྟེན་པ་དང 
 སུ མ 	འཇིག་རྟེན་ལས 	འདས་པ 	-འི 	ཕུན 		སུ	མ 	ཚོགས་པ 	ཐམས་ཅད་ཀྱི 	མཆོག་ནི 	།_ 	bstod tshogs ka_.txt	འཇིག་རྟེན་ལས  འདས་པ  -འི  ཕུན   སུ མ  ཚོགས་པ  ཐམས་ཅད་ཀྱི  མཆོག་ནི  །_ 
ཕུན  སུ མ 	རྣམ་པ 	ཐམས་ཅད 	མཁྱེན་པ 	ཉིད 	ཕུན 	སུ	མ 	ཚོགས་པའོ 	།_། 	ཡང་ན 	རིག 	bstod tshogs ka_.txt	རྣམ་པ  ཐམས་ཅད  མཁྱེན་པ  ཉིད  ཕུན  སུ མ  ཚོགས་པའོ  །_།  ཡང་ན  རིག 
 སུ  གྲུབ་པ་སྟེ 						སུ 	གྲུབ་པ་སྟེ 	མངོན་སུམ་དུ 	བྱར་རུང་བ 	ཉིད་དུ 	སྒྲུབ་པ་དེ 	bstod tshogs ka_.txt	     སུ  གྲུབ་པ་སྟེ  མངོན་སུམ་དུ  བྱར་རུང་བ  ཉིད་དུ  སྒྲུབ་པ་དེ 
 སུ ངས་པ 						སུ	ངས་པ 	བསྟོད་པ 	-འི 	རྒྱལ་པོ་ཉིད 	།_། 	bstod tshogs ka_.txt	     སུ ངས་པ  བསྟོད་པ  -འི  རྒྱལ་པོ་ཉིད  །_། 
 སུ མ 						སུ	མ 	མ 	ལུས 	སེལ 	མཛད་པ 	bstod tshogs ka_.txt	     སུ མ  མ  ལུས  སེལ  མཛད་པ 
 སུ མ 						སུ	མ 	གཟིགས་པ་པོ 	།_། 	ཆོས 	བློ 	bstod tshogs ka_.txt	     སུ མ  གཟིགས་པ་པོ  །_།  ཆོས  བློ 
 སུ མ 						སུ	མ 	ནད 	སེལ 	སངས་རྒྱས 	སྨན་གྱི་བླ 	bstod tshogs ka_.txt	     སུ མ  ནད  སེལ  སངས་རྒྱས  སྨན་གྱི་བླ 
 སུ མ 						སུ	མ 	ནད 	སེལ 	སངས་རྒྱས 	སྨན་གྱི་བླ 	bstod tshogs ka_.txt	     སུ མ  ནད  སེལ  སངས་རྒྱས  སྨན་གྱི་བླ 
 སུ མ་ན 						སུ	མ་ན 	སྐྱབས 	མཛད་པ 	།_། 	དུག་གསུམ 	bstod tshogs ka_.txt	     སུ མ་ན  སྐྱབས  མཛད་པ  །_།  དུག་གསུམ 
 སུ མ་གྱི 						སུ	མ་གྱི 	སྨན་པ་སྟེ 	།_། 	འདོད 	ཆགས 	bstod tshogs ka_.txt	     སུ མ་གྱི  སྨན་པ་སྟེ  །_།  འདོད  ཆགས 
 སུ མ 						སུ	མ 	ནད 	སེལ 	སངས་རྒྱས 	སྨན་གྱི་བླ 	bstod tshogs ka_.txt	     སུ མ  ནད  སེལ  སངས་རྒྱས  སྨན་གྱི་བླ 
 སུ མ 						སུ	མ 	ནད 	སེལ 	སངས་རྒྱས 	སྨན་གྱི་བླ 	bstod tshogs ka_.txt	     སུ མ  ནད  སེལ  སངས་རྒྱས  སྨན་གྱི་བླ 
 སུ  དག 						སུ 	དག 	གྱུར་པས 	།_། 	ཡིད 	བཞིན 	bstod tshogs ka_.txt	     སུ  དག  གྱུར་པས  །_།  ཡིད  བཞིན 
 སུ མ 						སུ	མ 	ནད 	སེལ 	སངས་རྒྱས 	སྨན་གྱི་བླ 	bstod tshogs ka_.txt	     སུ མ  ནད  སེལ  སངས་རྒྱས  སྨན་གྱི་བླ 