༄༅།_།  ཆོས ་ཀྱི 					༄༅།_། 	ཆོས	་ཀྱི 	སྐུ་ལ 	གནས་པ 	-འི 	ཡོན་ཏན 	bstod tshogs ka_.txt	    ༄༅།_།  ཆོས ་ཀྱི  སྐུ་ལ  གནས་པ  -འི  ཡོན་ཏན 
 ཆོས ་ཀྱི 	ཐུན་མོང 	མ་ཡིན་པ་ལ 	བསྟོད་པ 	།_༄༅༅།_། 		ཆོས	་ཀྱི 	སྐུ་ལ 	གནས་པ 	-འི 	ཡོན་ཏན 	bstod tshogs ka_.txt	ཐུན་མོང  མ་ཡིན་པ་ལ  བསྟོད་པ  །_༄༅༅།_།   ཆོས ་ཀྱི  སྐུ་ལ  གནས་པ  -འི  ཡོན་ཏན 
མངའ  ཆོས  ཀུན་ལ 	མི་མངའ 	།_། 	གཡོ་བ 	མི 	མངའ 	ཆོས 	ཀུན་ལ 	།_། 	མ 	སྤྲོས 	ཁྱོད་ལ 	bstod tshogs ka_.txt	མི་མངའ  །_།  གཡོ་བ  མི  མངའ  ཆོས  ཀུན་ལ  །_།  མ  སྤྲོས  ཁྱོད་ལ 
 ཆོས  སྐུ་ལ 	ཕྱག 	འཚལ་ལོ 	།_། 			ཆོས 	སྐུ་ལ 	གནས 	ཡོན་ཏན 	འདི་ལ 	བདག་གིས 	bstod tshogs ka_.txt	ཕྱག  འཚལ་ལོ  །_།    ཆོས  སྐུ་ལ  གནས  ཡོན་ཏན  འདི་ལ  བདག་གིས 
_།  ཆོས ་ཀྱི 	འགྲོ་བ 	རྣམས་ཀྱིས་མྱུར་དུ 	རྟོགས་པ 	-ར་ཤོག 	_། 	ཆོས	་ཀྱི 	སྐུ་ལ 	གནས་པ 	-འི 	ཡོན་ཏན 	bstod tshogs ka_.txt	འགྲོ་བ  རྣམས་ཀྱིས་མྱུར་དུ  རྟོགས་པ  -ར་ཤོག  _།  ཆོས ་ཀྱི  སྐུ་ལ  གནས་པ  -འི  ཡོན་ཏན 
།།_།།༄༅།_།  ཆོས ་ཀྱི 	བསྒྱུར་ཅིང 	ཞུས་ཏེ 	གཏན་ལ 	ཕབ་པ 	།།_།།༄༅།_། 	ཆོས	་ཀྱི 	དབྱིངས་སུ 	བསྟོད་པ 	།༄༅།_། 	རྒྱ 	bstod tshogs ka_.txt	བསྒྱུར་ཅིང  ཞུས་ཏེ  གཏན་ལ  ཕབ་པ  །།_།།༄༅།_།  ཆོས ་ཀྱི  དབྱིངས་སུ  བསྟོད་པ  །༄༅།_།  རྒྱ 
།_  ཆོས ་ཀྱི 	དྷརྨ་དྷཱ་ཏུ་སྟ་བཾ 	།_ 	བོད 	སྐད་དུ 	།_ 	ཆོས	་ཀྱི 	དབྱིངས་སུ 	བསྟོད་པ 	།_ 	འཕགས་པ 	bstod tshogs ka_.txt	དྷརྨ་དྷཱ་ཏུ་སྟ་བཾ  །_  བོད  སྐད་དུ  །_  ཆོས ་ཀྱི  དབྱིངས་སུ  བསྟོད་པ  །_  འཕགས་པ 
།_།  ཆོས ་ཀྱི 	སེམས 	ཅན 	ཀུན་ལ 	ངེས་གནས་པའི 	།_། 	ཆོས	་ཀྱི 	དབྱིངས་ལ 	ཕྱག 	འཚལ་འདུད 	།_། 	bstod tshogs ka_.txt	སེམས  ཅན  ཀུན་ལ  ངེས་གནས་པའི  །_།  ཆོས ་ཀྱི  དབྱིངས་ལ  ཕྱག  འཚལ་འདུད  །_། 
།_།  ཆོས ་ཀྱི 	།_། 	དག་པ 	དེ་ཉིད 	མྱ་ངན་འདས 	།_། 	ཆོས	་ཀྱི 	སྐུ་ཡང 	དེ་ཉིད་དོ 	།_། 	ཇི 	bstod tshogs ka_.txt	།_།  དག་པ  དེ་ཉིད  མྱ་ངན་འདས  །_།  ཆོས ་ཀྱི  སྐུ་ཡང  དེ་ཉིད་དོ  །_།  ཇི 
།_།  ཆོས ་ཀྱི 	དེ 	བཞིན 	ཉོན་མོངས་དང 	འདྲེས་པས 	།_། 	ཆོས	་ཀྱི 	དབྱིངས་ཀྱང 	མི 	མཐོང་ངོ 	_།_། 	bstod tshogs ka_.txt	དེ  བཞིན  ཉོན་མོངས་དང  འདྲེས་པས  །_།  ཆོས ་ཀྱི  དབྱིངས་ཀྱང  མི  མཐོང་ངོ  _།_། 
།_།  ཆོས  དབྱིངས 	དེ 	བཞིན 	ཉོན་མོངས་རྣམ 	སྦྱངས་པས 	།_། 	ཆོས 	དབྱིངས 	ཤིན་ཏུ 	དྲི་མེད་འགྱུར 	།_། 	ཇི 	bstod tshogs ka_.txt	དེ  བཞིན  ཉོན་མོངས་རྣམ  སྦྱངས་པས  །_།  ཆོས  དབྱིངས  ཤིན་ཏུ  དྲི་མེད་འགྱུར  །_།  ཇི 
།_།  ཆོས ་ཀྱི 	དེ 	བཞིན 	ཉོན་མོངས་བུམ 	ནང་གནས 	།_། 	ཆོས	་ཀྱི 	དབྱིངས་ཀྱང 	མི 	མཐོང་ངོ 	_།_། 	bstod tshogs ka_.txt	དེ  བཞིན  ཉོན་མོངས་བུམ  ནང་གནས  །_།  ཆོས ་ཀྱི  དབྱིངས་ཀྱང  མི  མཐོང་ངོ  _།_། 
།_།  ཆོས ་ཀྱི 	ཐུག 	བར་དུ 	སྣང་བ 	-ར་བྱེད 	།_། 	ཆོས	་ཀྱི 	དབྱིངས་ནི 	སྐྱེ 	མ་ཡིན 	།_། 	bstod tshogs ka_.txt	ཐུག  བར་དུ  སྣང་བ  -ར་བྱེད  །_།  ཆོས ་ཀྱི  དབྱིངས་ནི  སྐྱེ  མ་ཡིན  །_། 
།_།  ཆོས  དབྱིངས 	དེ 	བཞིན 	ཉོན་མོངས་ཀྱིས 	བསྒྲིབས་པའི 	།_། 	ཆོས 	དབྱིངས 	ཤིན་ཏུ 	དྲི་མེད་པ 	-འང 	_།_། 	bstod tshogs ka_.txt	དེ  བཞིན  ཉོན་མོངས་ཀྱིས  བསྒྲིབས་པའི  །_།  ཆོས  དབྱིངས  ཤིན་ཏུ  དྲི་མེད་པ  -འང  _།_། 
།_།  ཆོས ་ཀྱི 	དེ 	བཞིན 	ཉོན་མོངས་ལས 	གྲོལ་ན 	།_། 	ཆོས	་ཀྱི 	སྐུ 	ཉིད 	རབ་ཏུ་གསལ 	།_། 	bstod tshogs ka_.txt	དེ  བཞིན  ཉོན་མོངས་ལས  གྲོལ་ན  །_།  ཆོས ་ཀྱི  སྐུ  ཉིད  རབ་ཏུ་གསལ  །_། 
།_།  ཆོས  རྣམས 	-ས 	བོན 	གྱུར་པ 	ཁམས་དེ་ཉིད 	།_། 	ཆོས 	རྣམས 	ཀུན་གྱི 	རྟེན་དུ་འདོད 	།_། 	རིམ་གྱིས 	bstod tshogs ka_.txt	-ས  བོན  གྱུར་པ  ཁམས་དེ་ཉིད  །_།  ཆོས  རྣམས  ཀུན་གྱི  རྟེན་དུ་འདོད  །_།  རིམ་གྱིས 
།_།  ཆོས  དབྱིངས་གང 	དེ་བཞིན 	དྲི་མ 	མེད་པ 	-ར་གནས 	།_། 	ཆོས 	དབྱིངས་གང 	ཕྱིར 	བདག 	མ་ཡིན 	།_། 	bstod tshogs ka_.txt	དེ་བཞིན  དྲི་མ  མེད་པ  -ར་གནས  །_།  ཆོས  དབྱིངས་གང  ཕྱིར  བདག  མ་ཡིན  །_། 
-འི  ཆོས  ཀུན་ལ 	པར་བྱ 	།_། 	ཆགས་པ 	མེད་པ 	-འི 	ཆོས 	ཀུན་ལ 	།_། 	བུད 	མེད 	སྐྱེས་པ 	bstod tshogs ka_.txt	པར་བྱ  །_།  ཆགས་པ  མེད་པ  -འི  ཆོས  ཀུན་ལ  །_།  བུད  མེད  སྐྱེས་པ 
།_།  ཆོས ་ནི 	།_། 	མཆོག་ཏུ 	སེམས་ནི 	སྦྱོང་བྱེད་པའི 	།_། 	ཆོས	་ནི 	རང་བཞིན 	མེད་པ་ཡིན 	།_། 	ཇི 	bstod tshogs ka_.txt	།_།  མཆོག་ཏུ  སེམས་ནི  སྦྱོང་བྱེད་པའི  །_།  ཆོས ་ནི  རང་བཞིན  མེད་པ་ཡིན  །_།  ཇི 
།_།  ཆོས ་ཀྱི 	དེ 	བཞིན 	ཉོན་མོངས་ཀྱིས 	གཡོགས་པའི 	།_། 	ཆོས	་ཀྱི 	དབྱིངས་ཀྱང 	མཐོང 	མ་ཡིན 	།_། 	bstod tshogs ka_.txt	དེ  བཞིན  ཉོན་མོངས་ཀྱིས  གཡོགས་པའི  །_།  ཆོས ་ཀྱི  དབྱིངས་ཀྱང  མཐོང  མ་ཡིན  །_། 
-འི  ཆོས ་ཉིད་ཅན 	།_། 	སངས 	རྒྱས 	རྟག་པ 	-འི 	ཆོས	་ཉིད་ཅན 	།_། 	ཇི 	ལྟར 	རི་བོང 	bstod tshogs ka_.txt	།_།  སངས  རྒྱས  རྟག་པ  -འི  ཆོས ་ཉིད་ཅན  །_།  ཇི  ལྟར  རི་བོང 
བཞིན  ཆོས  རྣམས 	ཉིད་དེ 	མེད་པ་ལྟར 	།_། 	དེ 	བཞིན 	ཆོས 	རྣམས 	ཐམས་ཅད་ཀྱང 	_།_། 	བརྟགས་པ 	ཉིད་དེ 	bstod tshogs ka_.txt	ཉིད་དེ  མེད་པ་ལྟར  །_།  དེ  བཞིན  ཆོས  རྣམས  ཐམས་ཅད་ཀྱང  _།_།  བརྟགས་པ  ཉིད་དེ 
བདེ་གཤེགས  ཆོས  རྣམས་ཉིད 	གླང་རྭ་ཡི་དཔེས 	།_། 	ཇི 	ལྟར 	བདེ་གཤེགས 	ཆོས 	རྣམས་ཉིད 	།_། 	དབུ 	མ 	ཉིད་དུ 	bstod tshogs ka_.txt	གླང་རྭ་ཡི་དཔེས  །_།  ཇི  ལྟར  བདེ་གཤེགས  ཆོས  རྣམས་ཉིད  །_།  དབུ  མ  ཉིད་དུ 
།_།  ཆོས ་ཀྱི 	མེད 	འགག་པ 	མེད 	ཉིད་ལས 	།_། 	ཆོས	་ཀྱི 	དབྱིངས་ནི 	རབ་ཏུ་ཤེས 	།_། 	སྒྲ་དང 	bstod tshogs ka_.txt	མེད  འགག་པ  མེད  ཉིད་ལས  །_།  ཆོས ་ཀྱི  དབྱིངས་ནི  རབ་ཏུ་ཤེས  །_།  སྒྲ་དང 
-འི  ཆོས ་ཀྱི་དབྱིངས 	།_། 	མཚན 	ཉིད 	མེད་པ 	-འི 	ཆོས	་ཀྱི་དབྱིངས 	།_། 	རྟོག 	དང་བཅས་པ 	-ས 	bstod tshogs ka_.txt	།_།  མཚན  ཉིད  མེད་པ  -འི  ཆོས ་ཀྱི་དབྱིངས  །_།  རྟོག  དང་བཅས་པ  -ས 
།_།  ཆོས ་ཀྱི 	དེ 	བཞིན 	སྣ་ཡི 	རྣམ་ཤེས་ཀྱིས 	།_། 	ཆོས	་ཀྱི 	དབྱིངས་ལ 	རྟོག་པ 	-ར་བྱེད 	།_། 	bstod tshogs ka_.txt	དེ  བཞིན  སྣ་ཡི  རྣམ་ཤེས་ཀྱིས  །_།  ཆོས ་ཀྱི  དབྱིངས་ལ  རྟོག་པ  -ར་བྱེད  །_། 
།_།  ཆོས ་ཀྱི 	།_། 	རོ་ཡི 	ཁམས་ཀྱང 	དབེན་པ་སྟེ 	།_། 	ཆོས	་ཀྱི 	དབྱིངས་ཀྱི 	ངོ་བོ་ཡིན 	།_། 	རྣམ 	bstod tshogs ka_.txt	།_།  རོ་ཡི  ཁམས་ཀྱང  དབེན་པ་སྟེ  །_།  ཆོས ་ཀྱི  དབྱིངས་ཀྱི  ངོ་བོ་ཡིན  །_།  རྣམ 
།_།  ཆོས ་ཀྱི 	རྐྱེན 	དག་ལས་ནི 	གྲོལ 	གྱུར་པ 	།_། 	ཆོས	་ཀྱི 	དབྱིངས་ཞེས 	བརྗོད་པ 	-ར་བྱ 	།_། 	bstod tshogs ka_.txt	རྐྱེན  དག་ལས་ནི  གྲོལ  གྱུར་པ  །_།  ཆོས ་ཀྱི  དབྱིངས་ཞེས  བརྗོད་པ  -ར་བྱ  །_། 
 ཆོས  རྣམས་ལ 	ཡིད་གཙོར 	གྱུར་པ 	-འི 			ཆོས 	རྣམས་ལ 	།_། 	རྟོག་དང 	བརྟག་པ་རྣམ 	སྤངས་ནས 	bstod tshogs ka_.txt	ཡིད་གཙོར  གྱུར་པ  -འི    ཆོས  རྣམས་ལ  །_།  རྟོག་དང  བརྟག་པ་རྣམ  སྤངས་ནས 
།_།  ཆོས  རྣམས 					།_། 	ཆོས 	རྣམས 	རང་བཞིན 	མེད་པ་ཉིད 	།_། 	ཆོས་ཀྱི 	bstod tshogs ka_.txt	    །_།  ཆོས  རྣམས  རང་བཞིན  མེད་པ་ཉིད  །_།  ཆོས་ཀྱི 
_།_།  ཆོས  རྣམས 	མྱངས་དང 	རེག་པ 	-ར 	གྱུར་པ་དང 	_།_། 	ཆོས 	རྣམས 	དེ་ལྟར 	རྣལ་འབྱོར་པས 	།_། 	ཤེས་ན 	bstod tshogs ka_.txt	མྱངས་དང  རེག་པ  -ར  གྱུར་པ་དང  _།_།  ཆོས  རྣམས  དེ་ལྟར  རྣལ་འབྱོར་པས  །_།  ཤེས་ན 
།_།  ཆོས  རྣམས 	འདི 	-ས་ནི 	ཁམས 	རྒྱས་འགྱུར 	།_། 	ཆོས 	རྣམས 	ཀུན་ལ 	བརྩོན་འགྲུས་དང 	_།_། 	བསམ་གཏན་ལ 	bstod tshogs ka_.txt	འདི  -ས་ནི  ཁམས  རྒྱས་འགྱུར  །_།  ཆོས  རྣམས  ཀུན་ལ  བརྩོན་འགྲུས་དང  _།_།  བསམ་གཏན་ལ 
-འི  ཆོས ་བཞིའོ 	ཡེ་ཤེས་ཏེ 	།_། 	ཁམས 	རྒྱས་བྱེད་པ 	-འི 	ཆོས	་བཞིའོ 	།_། 	བྱང 	ཆུབ 	སེམས 	bstod tshogs ka_.txt	ཡེ་ཤེས་ཏེ  །_།  ཁམས  རྒྱས་བྱེད་པ  -འི  ཆོས ་བཞིའོ  །_།  བྱང  ཆུབ  སེམས 
།_།  ཆོས ་ཀྱི 	ཆུབ 	སེམས་དཔའ 	མ 	བྱུང་བར 	།_། 	ཆོས	་ཀྱི 	སྐུ་ནི 	འབྱུང 	མ་ཡིན 	།_། 	bstod tshogs ka_.txt	ཆུབ  སེམས་དཔའ  མ  བྱུང་བར  །_།  ཆོས ་ཀྱི  སྐུ་ནི  འབྱུང  མ་ཡིན  །_། 
།_།  ཆོས ་ཀྱི 	དེ 	བཞིན 	ས་ཡི 	མཐར་ཐུག་ན 	།_། 	ཆོས	་ཀྱི 	སྐུ་ཡང 	རྫོགས་ཤིང་གསལ 	།_། 	སངས 	bstod tshogs ka_.txt	དེ  བཞིན  ས་ཡི  མཐར་ཐུག་ན  །_།  ཆོས ་ཀྱི  སྐུ་ཡང  རྫོགས་ཤིང་གསལ  །_།  སངས 
རྒྱས  ཆོས ་དང 					རྒྱས 	ཆོས	་དང 	དགེ་འདུན་ལ 	།_། 	རྟག་ཏུ 	མོས་པ 	bstod tshogs ka_.txt	    རྒྱས  ཆོས ་དང  དགེ་འདུན་ལ  །_།  རྟག་ཏུ  མོས་པ 
།_།  ཆོས  སྟོན་པ་ཡི 	སོ་སོ 	ཡང་དག 	རིག 	ཀུན་ལ 	།_། 	ཆོས 	སྟོན་པ་ཡི 	འབེལ་བ 	-འི་གཏམ 	།_། 	རྣལ 	bstod tshogs ka_.txt	སོ་སོ  ཡང་དག  རིག  ཀུན་ལ  །_།  ཆོས  སྟོན་པ་ཡི  འབེལ་བ  -འི་གཏམ  །_།  རྣལ 
།_།  ཆོས ་ཀྱི 	སངས 	རྒྱས 	རྣམས་ཀྱི 	འཛིན་པ་ལས 	།_། 	ཆོས	་ཀྱི 	སྤྲིན་ནི 	ཀུན་དུ 	འབྱུང 	_།_། 	bstod tshogs ka_.txt	སངས  རྒྱས  རྣམས་ཀྱི  འཛིན་པ་ལས  །_།  ཆོས ་ཀྱི  སྤྲིན་ནི  ཀུན་དུ  འབྱུང  _།_། 
 ཆོས ་ཀྱི་གནས 	སངས་རྒྱས 	རྣམས་ཀྱི 				ཆོས	་ཀྱི་གནས 	།_། 	སྤྱོད་པ 	-འི 	འབྲས་བུ 	bstod tshogs ka_.txt	སངས་རྒྱས  རྣམས་ཀྱི     ཆོས ་ཀྱི་གནས  །_།  སྤྱོད་པ  -འི  འབྲས་བུ 
།_།  ཆོས ་ཀྱི 	།_། 	གནས་ནི 	ཡོངས་སུ 	གྱུར་པ་དེ 	།_། 	ཆོས	་ཀྱི 	སྐུ་ཞེས 	བརྗོད་པ་ཡིན 	།_། 	བག 	bstod tshogs ka_.txt	།_།  གནས་ནི  ཡོངས་སུ  གྱུར་པ་དེ  །_།  ཆོས ་ཀྱི  སྐུ་ཞེས  བརྗོད་པ་ཡིན  །_།  བག 
།_།  ཆོས ་ཀྱི 	སངས 	རྒྱས 	སྲས་པོ 	གྲགས་ཆེན་རྣམས 	།_། 	ཆོས	་ཀྱི 	སྤྲིན་གྱི 	ཡེ་ཤེས་ཀྱིས 	།_། 	ཆོས 	bstod tshogs ka_.txt	སངས  རྒྱས  སྲས་པོ  གྲགས་ཆེན་རྣམས  །_།  ཆོས ་ཀྱི  སྤྲིན་གྱི  ཡེ་ཤེས་ཀྱིས  །_།  ཆོས 
 ཆོས  །_། 						ཆོས 	།_། 	སྤྲོས 	མེད 	རྣམས་ལས 	ཉམས 	bstod tshogs ka_.txt	     ཆོས  །_།  སྤྲོས  མེད  རྣམས་ལས  ཉམས 
དྲི་མེད  ཆོས ་ཀྱི་སྐུ 	སེམས 	དབང་པོ 	།_། 	ཤིན་ཏུ 	དྲི་མེད 	ཆོས	་ཀྱི་སྐུ 	།_། 	དྲི 	མ 	མེད་པ 	bstod tshogs ka_.txt	སེམས  དབང་པོ  །_།  ཤིན་ཏུ  དྲི་མེད  ཆོས ་ཀྱི་སྐུ  །_།  དྲི  མ  མེད་པ 
-འི  ཆོས ་སྐུ་ལ 					-འི 	ཆོས	་སྐུ་ལ 	།_། 	ཡེ 	ཤེས་རྒྱ 	མཚོ 	bstod tshogs ka_.txt	    -འི  ཆོས ་སྐུ་ལ  །_།  ཡེ  ཤེས་རྒྱ  མཚོ 
།_།  ཆོས ་ཀྱི 	དེ་ལས 	སེམས་ཅན 	དོན 	རབ་མཛད 	།_། 	ཆོས	་ཀྱི 	དབྱིངས་སུ 	བསྟོད་པ 	སློབ་དཔོན 	ཆེན་པོ 	bstod tshogs ka_.txt	དེ་ལས  སེམས་ཅན  དོན  རབ་མཛད  །_།  ཆོས ་ཀྱི  དབྱིངས་སུ  བསྟོད་པ  སློབ་དཔོན  ཆེན་པོ 
།_།  ཆོས  ཉིད 	མ 	-འོ 	མཆོག་ཏུ 	རྟོགས་དཀའ་བའི 	།_། 	ཆོས 	ཉིད 	སངས་རྒྱས 	རྣམས་ཀྱིས་རྟོགས 	།_། 	ཁྱོད་ཀྱིས 	bstod tshogs ka_.txt	མ  -འོ  མཆོག་ཏུ  རྟོགས་དཀའ་བའི  །_།  ཆོས  ཉིད  སངས་རྒྱས  རྣམས་ཀྱིས་རྟོགས  །_།  ཁྱོད་ཀྱིས 
 ཆོས  རྣམས 	ཅུང་ཞིག 	མ 	བསྐྱེད་ཅིང 	།_། 		ཆོས 	རྣམས 	བཀག་པ 	-འང 	མ 	ལགས་ལ 	bstod tshogs ka_.txt	ཅུང་ཞིག  མ  བསྐྱེད་ཅིང  །_།   ཆོས  རྣམས  བཀག་པ  -འང  མ  ལགས་ལ 
།_།  ཆོས  དབྱིངས 	བྱང 	རོ་གཅིག 	གྱུར 	རིག་པས 	།_། 	ཆོས 	དབྱིངས 	མངོན་པ 	-ར 	དབྱེ 	-ར 	bstod tshogs ka_.txt	བྱང  རོ་གཅིག  གྱུར  རིག་པས  །_།  ཆོས  དབྱིངས  མངོན་པ  -ར  དབྱེ  -ར 
།_།  ཆོས ་ཀྱི 	-འི 	འགྲོ་བ 	མ 	ལུས་པ 	།_། 	ཆོས	་ཀྱི 	ཆ 	-ར་གྱིས 	ཚིམ་པ 	-ར་མཛད 	bstod tshogs ka_.txt	-འི  འགྲོ་བ  མ  ལུས་པ  །_།  ཆོས ་ཀྱི  ཆ  -ར་གྱིས  ཚིམ་པ  -ར་མཛད 
།_།  ཆོས  རྣམས 	པར 	གྱུར་པ 	མི 	མངའ་བས 	།_། 	ཆོས 	རྣམས 	ཀུན་ལ 	བརྟེན 	མ་ལགས 	།_། 	bstod tshogs ka_.txt	པར  གྱུར་པ  མི  མངའ་བས  །_།  ཆོས  རྣམས  ཀུན་ལ  བརྟེན  མ་ལགས  །_། 
།_།  ཆོས  རྣམས་གང 	ཆགས་པ 	-ར 	གྱུར 	མ་ལགས 	།_། 	ཆོས 	རྣམས་གང 	དུ 	-འང 	འགྲོ་འོང་མེད 	།_། 	bstod tshogs ka_.txt	ཆགས་པ  -ར  གྱུར  མ་ལགས  །_།  ཆོས  རྣམས་གང  དུ  -འང  འགྲོ་འོང་མེད  །_། 
སྐྱེ་དང  ཆོས ་དང 	-འང 	མ 	ལགས་ལ 	།_། 	སྐྱེ་དང 	ཆོས	་དང 	སྐུ 	རྣམས་ཀྱང 	།_། 	ཐུབ་ཆེན 	bstod tshogs ka_.txt	-འང  མ  ལགས་ལ  །_།  སྐྱེ་དང  ཆོས ་དང  སྐུ  རྣམས་ཀྱང  །_།  ཐུབ་ཆེན 
།_།  ཆོས  མཐོང་བ 	།_། 	མཐོང་ངོ་ཞེས་ནི 	རྗོད་པ 	-ར་བྱེད 	།_། 	ཆོས 	མཐོང་བ 	-ས་ནི་ཤིན་དུ་ཏུ་མཐོང 	།_། 	ཆོས 	ཉིད 	bstod tshogs ka_.txt	།_།  མཐོང་ངོ་ཞེས་ནི  རྗོད་པ  -ར་བྱེད  །_།  ཆོས  མཐོང་བ  -ས་ནི་ཤིན་དུ་ཏུ་མཐོང  །_།  ཆོས  ཉིད 
།_།  ཆོས ་ཀྱི 	ལས 	སྤངས་པ 	-ར་ཡང 	རབ་ཏུ་བསྟན 	།_། 	ཆོས	་ཀྱི 	དབྱིངས་ལ 	དབྱེ 	-ར 	མེད་ཕྱིར 	bstod tshogs ka_.txt	ལས  སྤངས་པ  -ར་ཡང  རབ་ཏུ་བསྟན  །_།  ཆོས ་ཀྱི  དབྱིངས་ལ  དབྱེ  -ར  མེད་ཕྱིར 
།_།  ཆོས ་ཀྱི 	།_། 	རྟག་ཅིང 	བརྟན་ལ 	ཞི་བ་ཡི 	།_། 	ཆོས	་ཀྱི 	རང་བཞིན 	ཁྱོད་ཀྱི་སྐུ 	།_། 	རྒྱལ 	bstod tshogs ka_.txt	།_།  རྟག་ཅིང  བརྟན་ལ  ཞི་བ་ཡི  །_།  ཆོས ་ཀྱི  རང་བཞིན  ཁྱོད་ཀྱི་སྐུ  །_།  རྒྱལ 
-འི  ཆོས ་ཀྱི 	_། 	མཆོག་ཏུ 	རྟོགས་དཀའ 	ཐུབ་པ 	-འི 	ཆོས	་ཀྱི 	སྣོད 	གྱུར་ཅིག 	_། 	དཔེ 	bstod tshogs ka_.txt	_།  མཆོག་ཏུ  རྟོགས་དཀའ  ཐུབ་པ  -འི  ཆོས ་ཀྱི  སྣོད  གྱུར་ཅིག  _།  དཔེ 
ཁྱོད་ཀྱིས  ཆོས  ཀུན་གྱི 	རྐྱེན 	འབྱུང་བར 	།_། 	མགོན་པོ 	ཁྱོད་ཀྱིས 	ཆོས 	ཀུན་གྱི 	།_། 	དངོས 	མེད 	གོམས་པ 	bstod tshogs ka_.txt	རྐྱེན  འབྱུང་བར  །_།  མགོན་པོ  ཁྱོད་ཀྱིས  ཆོས  ཀུན་གྱི  །_།  དངོས  མེད  གོམས་པ 
།_།  ཆོས  རྣམས 	མི 	མངའ་ལ 	ཕྱག 	འཚལ་འདུད 	།_། 	ཆོས 	རྣམས 	ཀུན་ལ 	མི 	གནས་པས 	།_། 	bstod tshogs ka_.txt	མི  མངའ་ལ  ཕྱག  འཚལ་འདུད  །_།  ཆོས  རྣམས  ཀུན་ལ  མི  གནས་པས  །_། 
 ཆོས ་ཀྱི 						ཆོས	་ཀྱི 	དབྱིངས་ཀྱི 	དངོས 	གྱུར་ཅིང 	།_། 	bstod tshogs ka_.txt	     ཆོས ་ཀྱི  དབྱིངས་ཀྱི  དངོས  གྱུར་ཅིང  །_། 
།_།  ཆོས  རྣམས 	།_། 	ཡང་ན 	འདི 	-ར་ནི་ཅི་ཞིག་བསྟོད 	།_། 	ཆོས 	རྣམས 	ཐམས་ཅད 	སྟོང་པ་ལ 	།_། 	གང་ལ 	bstod tshogs ka_.txt	།_།  ཡང་ན  འདི  -ར་ནི་ཅི་ཞིག་བསྟོད  །_།  ཆོས  རྣམས  ཐམས་ཅད  སྟོང་པ་ལ  །_།  གང་ལ 
རྣམས་ཀྱི  ཆོས ་སྐུ 	།_། 	སོ་སོ 	རང་རིག 	རྒྱལ་བ 	རྣམས་ཀྱི 	ཆོས	་སྐུ 	དཔེ་མེད 	གང་ཡིན་དེ་ལ 	བདག 	ཕྱག་འཚལ 	bstod tshogs ka_.txt	།_།  སོ་སོ  རང་རིག  རྒྱལ་བ  རྣམས་ཀྱི  ཆོས ་སྐུ  དཔེ་མེད  གང་ཡིན་དེ་ལ  བདག  ཕྱག་འཚལ 
-འི  ཆོས ་ཀྱི 	མཛད་ཅིང 	།_། 	རྟག་ཏུ 	དམ་པ 	-འི 	ཆོས	་ཀྱི 	སྒྲ 	སྐད 	རྒྱ་ཆེན 	འཇིག་རྟེན 	bstod tshogs ka_.txt	མཛད་ཅིང  །_།  རྟག་ཏུ  དམ་པ  -འི  ཆོས ་ཀྱི  སྒྲ  སྐད  རྒྱ་ཆེན  འཇིག་རྟེན 
 ཆོས ་ཀྱི 						ཆོས	་ཀྱི 	རྒྱལ་སྲིད 	གནས་པ 	གང་ཡིན་དེ་ལ 	ཕྱག 	bstod tshogs ka_.txt	     ཆོས ་ཀྱི  རྒྱལ་སྲིད  གནས་པ  གང་ཡིན་དེ་ལ  ཕྱག 
བྱང་ཆུབ  ཆོས ་ཀྱི 	ལ 	-ར་ཡང་ནི 	རྫོགས་པ 	-ར 	བྱང་ཆུབ 	ཆོས	་ཀྱི 	འཁོར་ལོ 	རབ་ཏུ 	ཞི་བ 	-ར་གང 	bstod tshogs ka_.txt	ལ  -ར་ཡང་ནི  རྫོགས་པ  -ར  བྱང་ཆུབ  ཆོས ་ཀྱི  འཁོར་ལོ  རབ་ཏུ  ཞི་བ  -ར་གང 
-འི  ཆོས ་ཀྱི 	དུ་མ 	-ར 	མ 	གྱུར་པ 	-འི 	ཆོས	་ཀྱི 	སྐུ 	གང་ཡིན་པ་དེ་ལ 	བདག 	ཕྱག 	bstod tshogs ka_.txt	དུ་མ  -ར  མ  གྱུར་པ  -འི  ཆོས ་ཀྱི  སྐུ  གང་ཡིན་པ་དེ་ལ  བདག  ཕྱག 
།_།  ཆོས  ཐམས་ཅད་ཀྱང 	མེད་པ 	-འི 	ངོ་བོ 	ཉིད་དོ 	།_། 	ཆོས 	ཐམས་ཅད་ཀྱང 	དེ་བཞིན 	ཉིད་ལས 	བྱུང་བ 	-ས་ན 	bstod tshogs ka_.txt	མེད་པ  -འི  ངོ་བོ  ཉིད་དོ  །_།  ཆོས  ཐམས་ཅད་ཀྱང  དེ་བཞིན  ཉིད་ལས  བྱུང་བ  -ས་ན 
ཕྱིར  ཆོས ་ཀྱི 	-འི 	དོན་ཏོ 	།_། 	གང་གི 	ཕྱིར 	ཆོས	་ཀྱི 	དབྱིངས 	གཅིག་དང 	དུ་མ་དང 	བྲལ་བ 	bstod tshogs ka_.txt	-འི  དོན་ཏོ  །_།  གང་གི  ཕྱིར  ཆོས ་ཀྱི  དབྱིངས  གཅིག་དང  དུ་མ་དང  བྲལ་བ 
བག་ཆགས་དང  ཆོས ་ཀྱི 	།_། 	གལ་ཏེ 	མ་རིག་པ 	-འི 	བག་ཆགས་དང 	ཆོས	་ཀྱི 	དབྱིངས 	ཐོག་མ་དང 	ཐ་མ 	མེད་པ 	bstod tshogs ka_.txt	།_།  གལ་ཏེ  མ་རིག་པ  -འི  བག་ཆགས་དང  ཆོས ་ཀྱི  དབྱིངས  ཐོག་མ་དང  ཐ་མ  མེད་པ 
རྣམས་ཀྱི  ཆོས ་ཉིད་ནི 	བསྒོས་པ 	བཞིན་ཏེ 	།_ 	དངོས་པོ 	རྣམས་ཀྱི 	ཆོས	་ཉིད་ནི 	དེ་ལྟ་བུའོ 	།_། 	དེ 	བས་ན 	bstod tshogs ka_.txt	བསྒོས་པ  བཞིན་ཏེ  །_  དངོས་པོ  རྣམས་ཀྱི  ཆོས ་ཉིད་ནི  དེ་ལྟ་བུའོ  །_།  དེ  བས་ན 
མཉམ་པ་ནི  ཆོས  ཐམས་ཅད་ཀྱི 	མཉམ་པ་ནི 	མཚུངས་པ 	མེད་པའོ 	།_། 	མཉམ་པ་ནི 	ཆོས 	ཐམས་ཅད་ཀྱི 	གཞི 	-ར 	མཚུངས་པ 	-ར 	bstod tshogs ka_.txt	མཉམ་པ་ནི  མཚུངས་པ  མེད་པའོ  །_།  མཉམ་པ་ནི  ཆོས  ཐམས་ཅད་ཀྱི  གཞི  -ར  མཚུངས་པ  -ར 
-འི  ཆོས ་ཀྱི 	-ས་སོ 	།_། 	དེ 	ལྟ་བུ 	-འི 	ཆོས	་ཀྱི 	སྐུ་སྟེ 	ཆོས་ཀྱི 	ལུས་དེ་ལ 	བདག 	bstod tshogs ka_.txt	-ས་སོ  །_།  དེ  ལྟ་བུ  -འི  ཆོས ་ཀྱི  སྐུ་སྟེ  ཆོས་ཀྱི  ལུས་དེ་ལ  བདག 
-འི  ཆོས ་ཀྱི 	མཛད་པའོ 	།_། 	རྟག་ཏུ 	དམ་པ 	-འི 	ཆོས	་ཀྱི 	སྒྲ 	སྐད 	རྒྱ་ཆེན 	འཇིག་རྟེན 	bstod tshogs ka_.txt	མཛད་པའོ  །_།  རྟག་ཏུ  དམ་པ  -འི  ཆོས ་ཀྱི  སྒྲ  སྐད  རྒྱ་ཆེན  འཇིག་རྟེན 
-འི  ཆོས ་ཀྱི 	ཤིན་ཏུ 	རྒྱ་ཆེ་བ 	-འི 	དམ་པ 	-འི 	ཆོས	་ཀྱི 	གསུང་ངོ 	།_། 	ཐམས་ཅད་དུ 	འཇུག་པ 	bstod tshogs ka_.txt	ཤིན་ཏུ  རྒྱ་ཆེ་བ  -འི  དམ་པ  -འི  ཆོས ་ཀྱི  གསུང་ངོ  །_།  ཐམས་ཅད་དུ  འཇུག་པ 
-འི  ཆོས ་སྟོན་ཅིང 	རྒྱ་ཆེ་བ་ལ 	སོགས་པ 	-འི 	དམ་པ 	-འི 	ཆོས	་སྟོན་ཅིང 	གསུང་བ 	-ར 	འགྱུར་བ་དེ་ལ 	དེ་སྐད་ཅེས་བྱའོ 	bstod tshogs ka_.txt	རྒྱ་ཆེ་བ་ལ  སོགས་པ  -འི  དམ་པ  -འི  ཆོས ་སྟོན་ཅིང  གསུང་བ  -ར  འགྱུར་བ་དེ་ལ  དེ་སྐད་ཅེས་བྱའོ 
 ཆོས ་ཀྱི་དེ 	།_། 	སངས 	རྒྱས་ཞེས 	བྱ་བ་ནི 		ཆོས	་ཀྱི་དེ 	ཁོ་ན་ཉིད་ཇི 	ལྟ་བ 	བཞིན་དུ 	བརྙེས་ཤིང 	bstod tshogs ka_.txt	།_།  སངས  རྒྱས་ཞེས  བྱ་བ་ནི   ཆོས ་ཀྱི་དེ  ཁོ་ན་ཉིད་ཇི  ལྟ་བ  བཞིན་དུ  བརྙེས་ཤིང 
-འི  ཆོས ་སྟོན་པ་ལ 	སེམས་དཔའ 	རྣམས་ལ 	རྣམ་པ 	སྣ་ཚོགས་པ 	-འི 	ཆོས	་སྟོན་པ་ལ 	སོགས་པ 	-ས 	ལོངས་སྤྱོད 	པར 	bstod tshogs ka_.txt	སེམས་དཔའ  རྣམས་ལ  རྣམ་པ  སྣ་ཚོགས་པ  -འི  ཆོས ་སྟོན་པ་ལ  སོགས་པ  -ས  ལོངས་སྤྱོད  པར 
གཞན་ཡང  ཆོས ་ཀྱི 	།_། 	དེའི 	ཕྱིར 	ཁྱད་པར 	གཞན་ཡང 	ཆོས	་ཀྱི 	རྒྱལ་སྲིད 	ཆེན་པོ་ལ 	བཞུགས་པ 	གང་ཡིན་ཞེས 	bstod tshogs ka_.txt	།_།  དེའི  ཕྱིར  ཁྱད་པར  གཞན་ཡང  ཆོས ་ཀྱི  རྒྱལ་སྲིད  ཆེན་པོ་ལ  བཞུགས་པ  གང་ཡིན་ཞེས 
 ཆོས ་ཀྱི 	བྱ་བ 	སྨོས་ཏེ 	།_ 			ཆོས	་ཀྱི 	སྲིད་ཀྱང་ཡིན 	ལ་ཆེན་པོ་ཡང 	ཡིན་པ 	-ས་ན 	bstod tshogs ka_.txt	བྱ་བ  སྨོས་ཏེ  །_    ཆོས ་ཀྱི  སྲིད་ཀྱང་ཡིན  ལ་ཆེན་པོ་ཡང  ཡིན་པ  -ས་ན 
 ཆོས ་ཀྱི 						ཆོས	་ཀྱི 	རྒྱལ་སྲིད 	ཆེན་པོ་སྟེ 	ཁམས་གསུམ་པ 	ཐམས་ཅད་ཀྱི 	bstod tshogs ka_.txt	     ཆོས ་ཀྱི  རྒྱལ་སྲིད  ཆེན་པོ་སྟེ  ཁམས་གསུམ་པ  ཐམས་ཅད་ཀྱི 
།_།  ཆོས ་ཀྱི 	།_ 	བྱང 	ཆུབ་པ 	ཉིད་དུའོ 	།_། 	ཆོས	་ཀྱི 	འཁོར་ལོ་ནི་བཱ་རཱ་ཎ་སཱིར 	དྲང་སྲོང 	སྨྲ་བ 	རི 	bstod tshogs ka_.txt	།_  བྱང  ཆུབ་པ  ཉིད་དུའོ  །_།  ཆོས ་ཀྱི  འཁོར་ལོ་ནི་བཱ་རཱ་ཎ་སཱིར  དྲང་སྲོང  སྨྲ་བ  རི 
།_  ཆོས ་ཀྱི 	།_ 	མངོན 	པར་བྱང 	ཆུབ་པ་དང 	།_ 	ཆོས	་ཀྱི 	འཁོར་ལོ 	བསྐོར་བ་ནས 	ཇི་སྲིད་དུ 	ཡོངས་སུ 	bstod tshogs ka_.txt	།_  མངོན  པར་བྱང  ཆུབ་པ་དང  །_  ཆོས ་ཀྱི  འཁོར་ལོ  བསྐོར་བ་ནས  ཇི་སྲིད་དུ  ཡོངས་སུ 
-འི  ཆོས ་ཅན 	སླར 	མི་ལྡོག 	པར 	གཤེགས་པ 	-འི 	ཆོས	་ཅན 	ཉིད 	ཡིན་པ 	-ས་ན 	བདེ་བ 	bstod tshogs ka_.txt	སླར  མི་ལྡོག  པར  གཤེགས་པ  -འི  ཆོས ་ཅན  ཉིད  ཡིན་པ  -ས་ན  བདེ་བ 
སྐུ་གསུམ་ནི  ཆོས ་ཀྱི 	-ར 	གཤེགས་པའོ 	།_། 	རྣམས་ཀྱི 	སྐུ་གསུམ་ནི 	ཆོས	་ཀྱི 	སྐུ་དང 	།_ 	ལོངས 	སྤྱོད 	bstod tshogs ka_.txt	-ར  གཤེགས་པའོ  །_།  རྣམས་ཀྱི  སྐུ་གསུམ་ནི  ཆོས ་ཀྱི  སྐུ་དང  །_  ལོངས  སྤྱོད 
-ས  ཆོས ་དང 	བསོད་ནམས་ཀྱི 	ཚོགས 	གང་ཡིན་པ 	དེ 	-ས 	ཆོས	་དང 	ལོངས་སྤྱོད 	རྫོགས་པ་དང 	།_ 	སྤྲུལ་པ 	bstod tshogs ka_.txt	བསོད་ནམས་ཀྱི  ཚོགས  གང་ཡིན་པ  དེ  -ས  ཆོས ་དང  ལོངས་སྤྱོད  རྫོགས་པ་དང  །_  སྤྲུལ་པ 
།_།  ཆོས ་ཀྱི 	།_། 	གུས་ལ 	བྱམས་མ 	སངས་རྒྱས་ཀྱི 	།_། 	ཆོས	་ཀྱི 	སྔོན་འགྲོ 	ཁྱོད 	བརྟན་ནས 	།_། 	bstod tshogs ka_.txt	།_།  གུས་ལ  བྱམས་མ  སངས་རྒྱས་ཀྱི  །_།  ཆོས ་ཀྱི  སྔོན་འགྲོ  ཁྱོད  བརྟན་ནས  །_། 
ཉིད་ཀྱིས  ཆོས ་ལ 	ལྟར 	ཁྱོད་ཀྱིས 	ཐེག་ཆེན་ལ 	།_། 	ཉིད་ཀྱིས 	ཆོས	་ལ 	བདག་མེད་རྟོགས 	།_། 	དེ 	བཞིན 	bstod tshogs ka_.txt	ལྟར  ཁྱོད་ཀྱིས  ཐེག་ཆེན་ལ  །_།  ཉིད་ཀྱིས  ཆོས ་ལ  བདག་མེད་རྟོགས  །_།  དེ  བཞིན 
སླད  ཆོས  རྣམས 	མ 	སྐྱེས་ལགས 	།_། 	དེ 	སླད 	ཆོས 	རྣམས 	ཁྱོད་ཀྱིས་གསུངས 	།_། 	བློ 	ལྡན 	bstod tshogs ka_.txt	མ  སྐྱེས་ལགས  །_།  དེ  སླད  ཆོས  རྣམས  ཁྱོད་ཀྱིས་གསུངས  །_།  བློ  ལྡན 
།_།  ཆོས ་དེ 	།_། 	དེས་ན 	མཐའ་གཉིས 	བྲལ་བ་ཡི 	།_། 	ཆོས	་དེ 	ཁྱོད་ཀྱིས 	བསྟན་པ་མཛད 	།_། 	དེས་ན 	bstod tshogs ka_.txt	།_།  དེས་ན  མཐའ་གཉིས  བྲལ་བ་ཡི  །_།  ཆོས ་དེ  ཁྱོད་ཀྱིས  བསྟན་པ་མཛད  །_།  དེས་ན 
 ཆོས  རྣམས 						ཆོས 	རྣམས 	མུ་བཞི་དང 	_།_། 	བྲལ་བ 	-ར 	bstod tshogs ka_.txt	     ཆོས  རྣམས  མུ་བཞི་དང  _།_།  བྲལ་བ  -ར 
ཕྱིར  ཆོས  རྣམས 	ཡོད 	མ་མཆིས 	།_། 	དེ 	ཕྱིར 	ཆོས 	རྣམས 	ཐམས་ཅད་ནི 	།_། 	རྟོག་པ 	ཙམ་ཞེས 	bstod tshogs ka_.txt	ཡོད  མ་མཆིས  །_།  དེ  ཕྱིར  ཆོས  རྣམས  ཐམས་ཅད་ནི  །_།  རྟོག་པ  ཙམ་ཞེས 
-འི  ཆོས ་ཀྱང 	ཁྱོད 	བཞེད་ལགས 	།_། 	དམ་པ 	-འི 	ཆོས	་ཀྱང 	དེ་ལྟ་བུ 	།_། 	དེ 	བཞིན 	bstod tshogs ka_.txt	ཁྱོད  བཞེད་ལགས  །_།  དམ་པ  -འི  ཆོས ་ཀྱང  དེ་ལྟ་བུ  །_།  དེ  བཞིན 
རྣམས་དང  ཆོས ་དབྱིངས་དང 	སངས་རྒྱས་བརྗོད 	།_། 	སངས 	རྒྱས 	རྣམས་དང 	ཆོས	་དབྱིངས་དང 	_།_། 	དེས་ན 	དོན་དུ 	ཐ 	bstod tshogs ka_.txt	སངས་རྒྱས་བརྗོད  །_།  སངས  རྒྱས  རྣམས་དང  ཆོས ་དབྱིངས་དང  _།_།  དེས་ན  དོན་དུ  ཐ 
-འི  ཆོས ་ནི 	འགོག 	བྱེད་པའི 	།_། 	དམ་པ 	-འི 	ཆོས	་ནི 	བསྟན་པ་ལགས 	།_། 	ངོ་བོ 	མེད་པ 	bstod tshogs ka_.txt	འགོག  བྱེད་པའི  །_།  དམ་པ  -འི  ཆོས ་ནི  བསྟན་པ་ལགས  །_།  ངོ་བོ  མེད་པ 
དེས་ན  ཆོས ་ཀྱི 	།_། 	གསོ་བ་དེ་ནི 	བླ་ན་མེད 	།_། 	དེས་ན 	ཆོས	་ཀྱི 	མཆོད་སྦྱིན་པ 	།_། 	མཆོད 	སྦྱིན 	bstod tshogs ka_.txt	།_།  གསོ་བ་དེ་ནི  བླ་ན་མེད  །_།  དེས་ན  ཆོས ་ཀྱི  མཆོད་སྦྱིན་པ  །_།  མཆོད  སྦྱིན 
།_།  ཆོས ་ཀྱི 	།_། 	སྟོང་པ 	ཉིད་དང 	ཆེས་ཟབ་པའི 	།_། 	ཆོས	་ཀྱི 	རྔ་ཆེན 	བརྡུངས་པ་ལགས 	།_། 	ངོ་བོ 	bstod tshogs ka_.txt	།_།  སྟོང་པ  ཉིད་དང  ཆེས་ཟབ་པའི  །_།  ཆོས ་ཀྱི  རྔ་ཆེན  བརྡུངས་པ་ལགས  །_།  ངོ་བོ 
 ཆོས ་ཀྱི 	ཉིད 	མེད 	སྒྲ་བོ་ཆེའི 	།_། 		ཆོས	་ཀྱི 	དུང་ནི 	བུས་པ་ལགས 	།_། 	སངས 	bstod tshogs ka_.txt	ཉིད  མེད  སྒྲ་བོ་ཆེའི  །_།   ཆོས ་ཀྱི  དུང་ནི  བུས་པ་ལགས  །_།  སངས 
 ཆོས ་ཀྱི 	རྒྱས 	བསྟན་པ 	བདུད་རྩི་ཡི 	།_། 		ཆོས	་ཀྱི 	རྫས་ནི 	གསུངས་པ་ལགས 	།_། 	ཆོས 	bstod tshogs ka_.txt	རྒྱས  བསྟན་པ  བདུད་རྩི་ཡི  །_།   ཆོས ་ཀྱི  རྫས་ནི  གསུངས་པ་ལགས  །_།  ཆོས 
།_།  ཆོས  རྣམས 	ཚིག་ལས 	འདས་པ 	-འི 	སྤྱོད་ཡུལ་གྱི 	།_། 	ཆོས 	རྣམས 	ཁྱོད་ཀྱིས་གང 	བསྟན་པ 	།_། 	དེ་ནི 	bstod tshogs ka_.txt	ཚིག་ལས  འདས་པ  -འི  སྤྱོད་ཡུལ་གྱི  །_།  ཆོས  རྣམས  ཁྱོད་ཀྱིས་གང  བསྟན་པ  །_།  དེ་ནི 
།_།  ཆོས  རྣམས 	གནས 	ཁྱོད་ལ 	ཕྱག 	འཚལ་བསྟོད 	།_། 	ཆོས 	རྣམས 	ཀུན་ལ 	མི 	གནས་ཤིང 	།_། 	bstod tshogs ka_.txt	གནས  ཁྱོད་ལ  ཕྱག  འཚལ་བསྟོད  །_།  ཆོས  རྣམས  ཀུན་ལ  མི  གནས་ཤིང  །_། 
 ཆོས  ཀུན 						ཆོས 	ཀུན 	རྟོགས་པ 	-ར 	ཐུགས་སུ་ཆུད 	།_། 	bstod tshogs ka_.txt	     ཆོས  ཀུན  རྟོགས་པ  -ར  ཐུགས་སུ་ཆུད  །_། 
།_།  ཆོས  རྣམས 	།_། 	གཞན་དུ 	ཁྱོད་ལ 	ཇི་ལྟར་བསྟོད 	།_། 	ཆོས 	རྣམས 	ཐམས་ཅད 	སྟོང་པ་ལ 	།_། 	སུ་ལ 	bstod tshogs ka_.txt	།_།  གཞན་དུ  ཁྱོད་ལ  ཇི་ལྟར་བསྟོད  །_།  ཆོས  རྣམས  ཐམས་ཅད  སྟོང་པ་ལ  །_།  སུ་ལ 
།_།  ཆོས ་ཀྱི 	།_། 	ཀ 	ཤི 	ཀ་ཡི་བཱ་རཱ་ཎ་སཱི་རུ 	།_། 	ཆོས	་ཀྱི 	འཁོར་ལོ 	རྣམ་གྲོལ 	རྨད་བྱུང་ནི 	།_། 	bstod tshogs ka_.txt	།_།  ཀ  ཤི  ཀ་ཡི་བཱ་རཱ་ཎ་སཱི་རུ  །_།  ཆོས ་ཀྱི  འཁོར་ལོ  རྣམ་གྲོལ  རྨད་བྱུང་ནི  །_། 
-འི  ཆོས ་སྐུ 	གཞན 	རྣམས་ན 	།_། 	བཞུགས་པ 	-འི 	ཆོས	་སྐུ 	ཀུན་ལ་འདུད 	།_། 	ཞི་ལ 	རྟག་ཏུ 	bstod tshogs ka_.txt	གཞན  རྣམས་ན  །_།  བཞུགས་པ  -འི  ཆོས ་སྐུ  ཀུན་ལ་འདུད  །_།  ཞི་ལ  རྟག་ཏུ 
རྒྱས  ཆོས ་སྐུ 	-འི 	ངོ་བོ་ཉིད 	།_། 	སངས 	རྒྱས 	ཆོས	་སྐུ 	མཁའ 	ལྟར 	འགྲོ་བ་ལ 	ཁྱབ 	bstod tshogs ka_.txt	-འི  ངོ་བོ་ཉིད  །_།  སངས  རྒྱས  ཆོས ་སྐུ  མཁའ  ལྟར  འགྲོ་བ་ལ  ཁྱབ 
།_།  ཆོས ་ཀྱི 	-འི 	མཆོད་རྟེན 	ཕྱག 	འཚལ་ལོ 	།_། 	ཆོས	་ཀྱི 	གཞི 	-ར 	གྱུར 	སེར་སྐྱ 	bstod tshogs ka_.txt	-འི  མཆོད་རྟེན  ཕྱག  འཚལ་ལོ  །_།  ཆོས ་ཀྱི  གཞི  -ར  གྱུར  སེར་སྐྱ 
རྟེན  ཆོས ་དང 	ཕྱག 	འཚལ་ལོ 	།_། 	འཇིག 	རྟེན 	ཆོས	་དང 	མཐུན་པ 	-ར 	བྱ་བ་དང 	།_། 	bstod tshogs ka_.txt	ཕྱག  འཚལ་ལོ  །_།  འཇིག  རྟེན  ཆོས ་དང  མཐུན་པ  -ར  བྱ་བ་དང  །_། 
།_།  ཆོས ་ཀྱི 	།_། 	བཱ་རཱ་ཎ་སཱི་ལ 	སོགས 	གནས་མཆོག་ཏུ 	།_། 	ཆོས	་ཀྱི 	འཁོར་ལོ 	བསྐོར་ནས 	གདུལ་བྱ་རྣམས 	།_། 	bstod tshogs ka_.txt	།_།  བཱ་རཱ་ཎ་སཱི་ལ  སོགས  གནས་མཆོག་ཏུ  །_།  ཆོས ་ཀྱི  འཁོར་ལོ  བསྐོར་ནས  གདུལ་བྱ་རྣམས  །_། 
།_།  ཆོས ་དང 	བཞིན 	གཤེགས 	ཀྱེ 	བདག་ལ་སྐྱོབས 	།_། 	ཆོས	་དང 	ཆོས 	མིན 	མ་འཚལ་ཞིང 	།_། 	bstod tshogs ka_.txt	བཞིན  གཤེགས  ཀྱེ  བདག་ལ་སྐྱོབས  །_།  ཆོས ་དང  ཆོས  མིན  མ་འཚལ་ཞིང  །_། 
མེད  ཆོས ་ཀྱི་སྐུ 	ཕྱག 	འཚལ་ལོ 	།_། 	དམིགས 	མེད 	ཆོས	་ཀྱི་སྐུ 	།_། 	ལོངས 	སྤྱོད 	རྫོགས་པ 	bstod tshogs ka_.txt	ཕྱག  འཚལ་ལོ  །_།  དམིགས  མེད  ཆོས ་ཀྱི་སྐུ  །_།  ལོངས  སྤྱོད  རྫོགས་པ 
དག  ཆོས ་ཀྱི་དབྱིངས 	ཕྱག 	འཚལ་ལོ 	།_། 	རྣམ 	དག 	ཆོས	་ཀྱི་དབྱིངས 	།_། 	སྒྲུབ་པ 	-འི 	འཕགས་ལམ་བརྒྱད 	bstod tshogs ka_.txt	ཕྱག  འཚལ་ལོ  །_།  རྣམ  དག  ཆོས ་ཀྱི་དབྱིངས  །_།  སྒྲུབ་པ  -འི  འཕགས་ལམ་བརྒྱད 
-འི  ཆོས  སྤངས་ནས 	།_། 	བདེ 	བར 	གྲགས་པ 	-འི 	ཆོས 	སྤངས་ནས 	།_། 	སྐྱེ་བོ 	དཀར་བ 	སྨོད་པ་མེད 	bstod tshogs ka_.txt	།_།  བདེ  བར  གྲགས་པ  -འི  ཆོས  སྤངས་ནས  །_།  སྐྱེ་བོ  དཀར་བ  སྨོད་པ་མེད 
།_།  ཆོས ་དང 	།_། 	ཞེ 	འགྲས 	གྱུར་པ་གང་གིས་ཀྱང 	།_། 	ཆོས	་དང 	ལྡན་པ 	-ར 	གླགས 	མི་རྙེད 	bstod tshogs ka_.txt	།_།  ཞེ  འགྲས  གྱུར་པ་གང་གིས་ཀྱང  །_།  ཆོས ་དང  ལྡན་པ  -ར  གླགས  མི་རྙེད 
དམ  ཆོས  དགའ་སྟོན་ཆེར 	སྦལ 	མགྲིན་པ 	ཆུད་པ་ལྟར 	།_། 	དམ 	ཆོས 	དགའ་སྟོན་ཆེར 	བཅས་པའི 	།_། 	མི 	ཉིད 	bstod tshogs ka_.txt	སྦལ  མགྲིན་པ  ཆུད་པ་ལྟར  །_།  དམ  ཆོས  དགའ་སྟོན་ཆེར  བཅས་པའི  །_།  མི  ཉིད 
སངས་རྒྱས  ཆོས  རྣམས་ལ 	སྡུག་བསྔལ་ཅན 	།_། 	ཇི 	ལྟར 	སངས་རྒྱས 	ཆོས 	རྣམས་ལ 	།_། 	སོ་སོ 	-ར 	བརྟགས་ནས 	bstod tshogs ka_.txt	སྡུག་བསྔལ་ཅན  །_།  ཇི  ལྟར  སངས་རྒྱས  ཆོས  རྣམས་ལ  །_།  སོ་སོ  -ར  བརྟགས་ནས 
།_།  ཆོས  རྣམས 	།_། 	སུ་ཞིག་གིས་ནི 	མཇལ་བ 	-ར་ནུས 	།_། 	ཆོས 	རྣམས 	ཀུན་གྱི 	མི 	བསྐྱོད་པ 	།_། 	bstod tshogs ka_.txt	།_།  སུ་ཞིག་གིས་ནི  མཇལ་བ  -ར་ནུས  །_།  ཆོས  རྣམས  ཀུན་གྱི  མི  བསྐྱོད་པ  །_། 
འཇིག་རྟེན  ཆོས  རྣམས་ཀྱིས 	-ར 	བས་ཏེ 	།_། 	ཉོན་མོངས 	འཇིག་རྟེན 	ཆོས 	རྣམས་ཀྱིས 	།_། 	སངས 	རྒྱས 	ཆོས་ལ 	bstod tshogs ka_.txt	-ར  བས་ཏེ  །_།  ཉོན་མོངས  འཇིག་རྟེན  ཆོས  རྣམས་ཀྱིས  །_།  སངས  རྒྱས  ཆོས་ལ 
རིན་ཆེན  ཆོས ་གང 	བྱུང 	ཡོན་ཏན 	ཉིད་ཀྱིས་མིན 	།_། 	རིན་ཆེན 	ཆོས	་གང 	བརྙེས་ནས་ཁྱོད 	།_། 	མཆོག་ཏུ 	གྱུར་པ 	bstod tshogs ka_.txt	བྱུང  ཡོན་ཏན  ཉིད་ཀྱིས་མིན  །_།  རིན་ཆེན  ཆོས ་གང  བརྙེས་ནས་ཁྱོད  །_།  མཆོག་ཏུ  གྱུར་པ 
བདག་གི  ཆོས ་ཉིད 	དད་པ 	-ར 	མཛད་པ་ཡང 	།_། 	བདག་གི 	ཆོས	་ཉིད 	རྗེས 	བསམས་ནས 	།_། 	ཆེན་པོ 	bstod tshogs ka_.txt	དད་པ  -ར  མཛད་པ་ཡང  །_།  བདག་གི  ཆོས ་ཉིད  རྗེས  བསམས་ནས  །_།  ཆེན་པོ 
དམ  ཆོས  རབ་ཏུ 	དེ་ནི 	ངོ་མཚར་ཞེས 	བྱ་སྟེ 	།_། 	དམ 	ཆོས 	རབ་ཏུ 	བསྟོད་པ་དང 	།_། 	དམ 	ཆོས་མ 	bstod tshogs ka_.txt	དེ་ནི  ངོ་མཚར་ཞེས  བྱ་སྟེ  །_།  དམ  ཆོས  རབ་ཏུ  བསྟོད་པ་དང  །_།  དམ  ཆོས་མ 
།_།  ཆོས  ཉིད་ལ་ནི 	།_། 	མི 	རིགས་པ་ནི 	རྩོད་པ་ཡིས 	།_། 	ཆོས 	ཉིད་ལ་ནི 	གེགས་བྱེད་ལ 	།_། 	དགྲ 	བཅོམ་པ་དང 	bstod tshogs ka_.txt	།_།  མི  རིགས་པ་ནི  རྩོད་པ་ཡིས  །_།  ཆོས  ཉིད་ལ་ནི  གེགས་བྱེད་ལ  །_།  དགྲ  བཅོམ་པ་དང 
།_།  ཆོས  བསྟན་པ 	དགུ 	རྣམས 	ལ་སྨན 	མཛད་པའི 	།_། 	ཆོས 	བསྟན་པ 	-ས་ནི 	བྱེད་པ་ན 	།_། 	གང 	bstod tshogs ka_.txt	དགུ  རྣམས  ལ་སྨན  མཛད་པའི  །_།  ཆོས  བསྟན་པ  -ས་ནི  བྱེད་པ་ན  །_།  གང 
གང་ཞིག  ཆོས ་ལ 	འཇིགས 	འཇོམས 	མཛད་པ་ཅི་ངོ་མཚར 	།_། 	གང་ཞིག 	ཆོས	་ལ 	མངོན་འདོད་པས 	།_། 	ཁྱོད་ལ 	བསུ་བ 	bstod tshogs ka_.txt	འཇིགས  འཇོམས  མཛད་པ་ཅི་ངོ་མཚར  །_།  གང་ཞིག  ཆོས ་ལ  མངོན་འདོད་པས  །_།  ཁྱོད་ལ  བསུ་བ 
།_།  ཆོས ་ནི 	གསུངས 	མཉན 	འོས 	རིན་ཆེན་ལགས 	།_། 	ཆོས	་ནི 	སྤྱད 	འོས 	རིན་ཆེན་པས 	།_། 	bstod tshogs ka_.txt	གསུངས  མཉན  འོས  རིན་ཆེན་ལགས  །_།  ཆོས ་ནི  སྤྱད  འོས  རིན་ཆེན་པས  །_། 
སྐྱོན་མེད  ཆོས  རྣམས་ཀྱིས 	རིགས་དང 	ཡུལ་དང་ནི 	།_། 	དུས་ཀྱི 	སྐྱོན་མེད 	ཆོས 	རྣམས་ཀྱིས 	།_། 	འདི 	དག 	ཀུན 	bstod tshogs ka_.txt	རིགས་དང  ཡུལ་དང་ནི  །_།  དུས་ཀྱི  སྐྱོན་མེད  ཆོས  རྣམས་ཀྱིས  །_།  འདི  དག  ཀུན 
།_།  ཆོས  ཉིད 	སངས 	རྒྱས 	རྣམས་ཀྱི 	སངས་རྒྱས་ཀྱི 	།_། 	ཆོས 	ཉིད 	བཅོམ་ལྡན་དེ 	རྨད་དོ 	།_། 	ཞི 	bstod tshogs ka_.txt	སངས  རྒྱས  རྣམས་ཀྱི  སངས་རྒྱས་ཀྱི  །_།  ཆོས  ཉིད  བཅོམ་ལྡན་དེ  རྨད་དོ  །_།  ཞི 
ཁྱོད་ཀྱི  ཆོས ་ཀྱིས 	ཁྱོད་ལ 	ཕྱག 	འཚལ་ལོ 	།_། 	ཁྱོད་ཀྱི 	ཆོས	་ཀྱིས 	རོ 	-ས 	ཚིམ་པས 	།_། 	bstod tshogs ka_.txt	ཁྱོད་ལ  ཕྱག  འཚལ་ལོ  །_།  ཁྱོད་ཀྱི  ཆོས ་ཀྱིས  རོ  -ས  ཚིམ་པས  །_། 
ཕྱི་ནས  ཆོས ་ནི 	སེམས་ལ 	སྤྲོ་བ 	བསྐྱེད་ནས་ནི 	།_། 	ཕྱི་ནས 	ཆོས	་ནི 	བསྟན་པ་མཛད 	།_། 	རིག་དང 	ཐབས་ལ 	bstod tshogs ka_.txt	སེམས་ལ  སྤྲོ་བ  བསྐྱེད་ནས་ནི  །_།  ཕྱི་ནས  ཆོས ་ནི  བསྟན་པ་མཛད  །_།  རིག་དང  ཐབས་ལ 
ཁྱོད་ཀྱི  ཆོས ་ལ 	ཁྱོད་ལ 	ཕྱག 	འཚལ་ལོ 	།_། 	ཁྱོད་ཀྱི 	ཆོས	་ལ 	གནས་དེ་དག 	_། 	རང 	དོན 	bstod tshogs ka_.txt	ཁྱོད་ལ  ཕྱག  འཚལ་ལོ  །_།  ཁྱོད་ཀྱི  ཆོས ་ལ  གནས་དེ་དག  _།  རང  དོན 
གལ་ཏེ  ཆོས ་ནི 	ཕྱིར 	ཀུན་བདག་ལ 	ཕྱག་འཚལ 	།_། 	གལ་ཏེ 	ཆོས	་ནི 	འདི་དག་ཀྱང 	།_། 	སྤོ་བ་ཞིག་ཏུ 	བཏུབ་ན་ནི 	bstod tshogs ka_.txt	ཕྱིར  ཀུན་བདག་ལ  ཕྱག་འཚལ  །_།  གལ་ཏེ  ཆོས ་ནི  འདི་དག་ཀྱང  །_།  སྤོ་བ་ཞིག་ཏུ  བཏུབ་ན་ནི 
 ཆོས ་བཤད 						ཆོས	་བཤད 	།_། 	འཇིག 	རྟེན་གསུམ 	ཕན 	bstod tshogs ka_.txt	     ཆོས ་བཤད  །_།  འཇིག  རྟེན་གསུམ  ཕན 
།_།  ཆོས ་ཀྱི 	བུ 	ལོན 	ལྷག་མ་ཅི 	མཆིས་ན 	།_། 	ཆོས	་ཀྱི 	སྐུ་ཡིས 	མ 	ལུས་པའི 	།_། 	bstod tshogs ka_.txt	བུ  ལོན  ལྷག་མ་ཅི  མཆིས་ན  །_།  ཆོས ་ཀྱི  སྐུ་ཡིས  མ  ལུས་པའི  །_། 
སྐུ་དང  ཆོས  འདི་དག 	དོར་བ 	-ར་མཛད 	།_། 	གཟུགས་ཀྱི 	སྐུ་དང 	ཆོས 	འདི་དག 	_། 	གཞན 	དོན 	ཁོ་ན 	bstod tshogs ka_.txt	དོར་བ  -ར་མཛད  །_།  གཟུགས་ཀྱི  སྐུ་དང  ཆོས  འདི་དག  _།  གཞན  དོན  ཁོ་ན 
སླད  ཆོས ་སྐུ 	ཉམས 	ཉིད་དུ་འཁུམས 	།_། 	དེ 	སླད 	ཆོས	་སྐུ 	མ 	ལུས་པ 	།_། 	སྲས་ཀྱི 	bstod tshogs ka_.txt	ཉམས  ཉིད་དུ་འཁུམས  །_།  དེ  སླད  ཆོས ་སྐུ  མ  ལུས་པ  །_།  སྲས་ཀྱི 
།_།  ཆོས  གཟུགས་སྐུ་གཉིས 	ལྟར 	ཐོག་མ 	དབུས 	མཐའ་རུ 	།_། 	ཆོས 	གཟུགས་སྐུ་གཉིས 	བདག་ཉིད་ཀྱིས 	།_། 	སེམས 	ཅན 	bstod tshogs ka_.txt	ལྟར  ཐོག་མ  དབུས  མཐའ་རུ  །_།  ཆོས  གཟུགས་སྐུ་གཉིས  བདག་ཉིད་ཀྱིས  །_།  སེམས  ཅན 
རྒྱས་ཀྱི་ནི  ཆོས  རྣམས་ལ 	མ 	-འོ་སྐུ 	།_། 	སངས 	རྒྱས་ཀྱི་ནི 	ཆོས 	རྣམས་ལ 	།_། 	ཡ 	མཚན 	མི་ཆེ 	bstod tshogs ka_.txt	མ  -འོ་སྐུ  །_།  སངས  རྒྱས་ཀྱི་ནི  ཆོས  རྣམས་ལ  །_།  ཡ  མཚན  མི་ཆེ 
འབྱུང་གནས  ཆོས ་ཀྱི་ཚོགས 	-ར 	རིན་ཆེན་གཏེར 	།_། 	ཡོན་ཏན 	འབྱུང་གནས 	ཆོས	་ཀྱི་ཚོགས 	།_། 	ཁྱོད་ལ 	སེམས་ཅན་གང 	འདུད་པ 	bstod tshogs ka_.txt	-ར  རིན་ཆེན་གཏེར  །_།  ཡོན་ཏན  འབྱུང་གནས  ཆོས ་ཀྱི་ཚོགས  །_།  ཁྱོད་ལ  སེམས་ཅན་གང  འདུད་པ 
གནས་སྐབས་ནི  ཆོས ་ཀྱི 	ཅན་གྱི 	དོན 	བྱ་བ 	-འི 	གནས་སྐབས་ནི 	ཆོས	་ཀྱི 	འཁོར་ལོ 	བསྐོར་བ་ལ 	སོགས་པ 	བསྟན་པ་ནས 	bstod tshogs ka_.txt	ཅན་གྱི  དོན  བྱ་བ  -འི  གནས་སྐབས་ནི  ཆོས ་ཀྱི  འཁོར་ལོ  བསྐོར་བ་ལ  སོགས་པ  བསྟན་པ་ནས 
འདི་དག་གིས་ནི  ཆོས ་ཀྱི 	དེ་ལ 	ནམ་མཁའ 	-འི་དཀྱིལ་ན་ཞེས 	བྱ་བ 	འདི་དག་གིས་ནི 	ཆོས	་ཀྱི 	འཁོར་ལོ 	བསྐོར་བ 	ཡང་དག 	པར 	bstod tshogs ka_.txt	དེ་ལ  ནམ་མཁའ  -འི་དཀྱིལ་ན་ཞེས  བྱ་བ  འདི་དག་གིས་ནི  ཆོས ་ཀྱི  འཁོར་ལོ  བསྐོར་བ  ཡང་དག  པར 
འདི་དག་གིས་ནི  ཆོས ་སྟོན་པ 	བསྔལ 	ཁྱབ་པ 	འདི་ཡིན་ཞེས 	བྱ་བ 	འདི་དག་གིས་ནི 	ཆོས	་སྟོན་པ 	-འི 	རང་བཞིན 	བསྟན་ཏོ 	།_། 	bstod tshogs ka_.txt	བསྔལ  ཁྱབ་པ  འདི་ཡིན་ཞེས  བྱ་བ  འདི་དག་གིས་ནི  ཆོས ་སྟོན་པ  -འི  རང་བཞིན  བསྟན་ཏོ  །_། 
དོན་གསུམ་སྟེ  ཆོས  བསྟན་དང 	སྤངས 	འབྱོར་བའོ 	།_། 	གཞན 	དོན་གསུམ་སྟེ 	ཆོས 	བསྟན་དང 	།_། 	དམ 	ཉམ་པ་དང 	ཡུན་རིང་གནས 	bstod tshogs ka_.txt	སྤངས  འབྱོར་བའོ  །_།  གཞན  དོན་གསུམ་སྟེ  ཆོས  བསྟན་དང  །_།  དམ  ཉམ་པ་དང  ཡུན་རིང་གནས 
གང་གིས་ཝཱ་རཱ་ཎ་སཱིར  ཆོས ་ཀྱི 	བྱང་ཆུབ 	དམ་པ 	ཐུགས་སུ་ཆུད 	།_། 	གང་གིས་ཝཱ་རཱ་ཎ་སཱིར 	ཆོས	་ཀྱི 	འཁོར་ལོ་བསྐོར 	།_། 	སཱ 	ལ 	bstod tshogs ka_.txt	བྱང་ཆུབ  དམ་པ  ཐུགས་སུ་ཆུད  །_།  གང་གིས་ཝཱ་རཱ་ཎ་སཱིར  ཆོས ་ཀྱི  འཁོར་ལོ་བསྐོར  །_།  སཱ  ལ 
སངས་རྒྱས  ཆོས ་ཀྱི 	-ར་བལྟམས 	།_། 	རྫོགས་པ 	-འི 	སངས་རྒྱས 	ཆོས	་ཀྱི 	ཆུ་སྲིན 	དུར་པ 	-ས་ཁྱབ 	།_། 	bstod tshogs ka_.txt	-ར་བལྟམས  །_།  རྫོགས་པ  -འི  སངས་རྒྱས  ཆོས ་ཀྱི  ཆུ་སྲིན  དུར་པ  -ས་ཁྱབ  །_། 
དཔལ་ལྡན  ཆོས ་ཀྱི 	འདས་པ་ལ 	བསྟོད་པ 	སློབ་དཔོན 	ཆེན་པོ 	དཔལ་ལྡན 	ཆོས	་ཀྱི 	གྲགས་པ 	-ས 	མཛད་པ 	རྫོགས་སོ 	bstod tshogs ka_.txt	འདས་པ་ལ  བསྟོད་པ  སློབ་དཔོན  ཆེན་པོ  དཔལ་ལྡན  ཆོས ་ཀྱི  གྲགས་པ  -ས  མཛད་པ  རྫོགས་སོ 
མཉམ་ཉིད  ཆོས ་མཆོག་ཅན 	མཉམ 	མེད 	མི 	གཡོ 	མཉམ་ཉིད 	ཆོས	་མཆོག་ཅན 	།_ 	ཞེས 	བྱ་བ་ལ 	སོགས་པ 	bstod tshogs ka_.txt	མཉམ  མེད  མི  གཡོ  མཉམ་ཉིད  ཆོས ་མཆོག་ཅན  །_  ཞེས  བྱ་བ་ལ  སོགས་པ 
མཉམ་ཉིད  ཆོས ་མཆོག་ཅན 	མཉམ 	མེད 	མི 	གཡོ 	མཉམ་ཉིད 	ཆོས	་མཆོག་ཅན 	།_། 	ཞེས 	བྱ་བ 	འདི 	bstod tshogs ka_.txt	མཉམ  མེད  མི  གཡོ  མཉམ་ཉིད  ཆོས ་མཆོག་ཅན  །_།  ཞེས  བྱ་བ  འདི 
 ཆོས  །_། 						ཆོས 	།_། 	ཞེས 	བྱ་བ 	འདི 	གསུངས་ཏེ 	bstod tshogs ka_.txt	     ཆོས  །_།  ཞེས  བྱ་བ  འདི  གསུངས་ཏེ 
མཆོག  ཆོས ་ཡིན་ནོ 	ཉིད 	དེ་ལྟ 	བུ 	དེ་ཉིད 	མཆོག 	ཆོས	་ཡིན་ནོ 	།_། 	དེ 	གང་དག་ལ 	ཡོད་པ 	bstod tshogs ka_.txt	ཉིད  དེ་ལྟ  བུ  དེ་ཉིད  མཆོག  ཆོས ་ཡིན་ནོ  །_།  དེ  གང་དག་ལ  ཡོད་པ 
ཉིད་ཀྱི  ཆོས ་ཀྱི 	དེ་བཞིན 	གཤེགས་པ 	རྣམས་ཀྱི 	དེ་བཞིན 	ཉིད་ཀྱི 	ཆོས	་ཀྱི 	སྐུ 	ཉིད 	བསྟན་ཏོ 	།_། 	bstod tshogs ka_.txt	དེ་བཞིན  གཤེགས་པ  རྣམས་ཀྱི  དེ་བཞིན  ཉིད་ཀྱི  ཆོས ་ཀྱི  སྐུ  ཉིད  བསྟན་ཏོ  །_། 
-འི  ཆོས ་ཉིད 	།_ 	དུས 	ཐམས་ཅད་དུ་གཉིས་སུ 	མེད་པ 	-འི 	ཆོས	་ཉིད 	ཤིན་ཏུ 	རྣམ་པ 	-ར 	དག་པ 	bstod tshogs ka_.txt	།_  དུས  ཐམས་ཅད་དུ་གཉིས་སུ  མེད་པ  -འི  ཆོས ་ཉིད  ཤིན་ཏུ  རྣམ་པ  -ར  དག་པ 
-ས  ཆོས  ཐམས་ཅད 	དེའི 	ཕྱིར 	རང་བཞིན 	འདི 	-ས 	ཆོས 	ཐམས་ཅད 	སྟོང་ཉིད་དུ 	རོ་གཅིག་ཅིང 	མཉམ་མོ 	།_། 	bstod tshogs ka_.txt	དེའི  ཕྱིར  རང་བཞིན  འདི  -ས  ཆོས  ཐམས་ཅད  སྟོང་ཉིད་དུ  རོ་གཅིག་ཅིང  མཉམ་མོ  །_། 
 ཆོས ་ཀྱང 	འདི་ནི 	མཆོག་ཀྱང་ཡིན་ལ 				ཆོས	་ཀྱང 	ཡིན་པ 	-ས 	མཆོག 	ཆོས་ཏེ 	bstod tshogs ka_.txt	འདི་ནི  མཆོག་ཀྱང་ཡིན་ལ     ཆོས ་ཀྱང  ཡིན་པ  -ས  མཆོག  ཆོས་ཏེ 
ཕྱིར  ཆོས ་ཀྱང་ཡིན་ནོ 	།_ 	དེ 	འཛིན་པ 	ཉིད་ཀྱི 	ཕྱིར 	ཆོས	་ཀྱང་ཡིན་ནོ 	།_། 	རྣམ་པ 	གཅིག་ཏུ་ན 	མཆོག 	bstod tshogs ka_.txt	།_  དེ  འཛིན་པ  ཉིད་ཀྱི  ཕྱིར  ཆོས ་ཀྱང་ཡིན་ནོ  །_།  རྣམ་པ  གཅིག་ཏུ་ན  མཆོག 
 ཆོས ་ཀྱི 						ཆོས	་ཀྱི 	མཆོག་སྟེ 	།_ 	དེ་ནི 	རྣམ་པ 	bstod tshogs ka_.txt	     ཆོས ་ཀྱི  མཆོག་སྟེ  །_  དེ་ནི  རྣམ་པ 
-འི  ཆོས ་ཀྱི 	དེ་བཞིན 	གཤེགས་པ 	རྣམས 	ཁོ་ན 	-འི 	ཆོས	་ཀྱི 	སྐུ་ཞེས 	བྱ 	ཞེ་ན 	།_ 	bstod tshogs ka_.txt	དེ་བཞིན  གཤེགས་པ  རྣམས  ཁོ་ན  -འི  ཆོས ་ཀྱི  སྐུ་ཞེས  བྱ  ཞེ་ན  །_ 
-འི  ཆོས  དེ་ལྟ 	ཡང་དག 	པར 	རིག་པ་ལ 	སོགས་པ 	-འི 	ཆོས 	དེ་ལྟ 	བུ 	མངའ་བ 	དེ་དག་ལ 	དེ་སྐད་ཅེས་བྱའོ 	bstod tshogs ka_.txt	ཡང་དག  པར  རིག་པ་ལ  སོགས་པ  -འི  ཆོས  དེ་ལྟ  བུ  མངའ་བ  དེ་དག་ལ  དེ་སྐད་ཅེས་བྱའོ 
-འི  ཆོས ་ཉིད་ཀྱིས་སམ 	གཡོ་བ་ནི 	ཡོངས་སུ 	མི 	ཉམས་པ 	-འི 	ཆོས	་ཉིད་ཀྱིས་སམ 	།_ 	འཁོར་བ 	ཇི་སྲིད 	པར 	bstod tshogs ka_.txt	གཡོ་བ་ནི  ཡོངས་སུ  མི  ཉམས་པ  -འི  ཆོས ་ཉིད་ཀྱིས་སམ  །_  འཁོར་བ  ཇི་སྲིད  པར 
-འི  ཆོས  རྣམས་ཀྱི 	།_ 	སངས 	རྒྱས་ལ 	སོགས་པ 	-འི 	ཆོས 	རྣམས་ཀྱི 	རབ་ནི 	མཆོག་རབ་སྟེ 	།_ 	མ 	bstod tshogs ka_.txt	།_  སངས  རྒྱས་ལ  སོགས་པ  -འི  ཆོས  རྣམས་ཀྱི  རབ་ནི  མཆོག་རབ་སྟེ  །_  མ 
ཡང་ན  ཆོས ་ཀྱི 	རྣམས་ཀྱི་ཡང 	གཙོ་བོ་ཞེས 	བཤད་པ་ཡིན་ནོ 	།_། 	ཡང་ན 	ཆོས	་ཀྱི 	དབྱིངས 	ཤིན་ཏུ 	རྣམ་པ 	-ར 	bstod tshogs ka_.txt	རྣམས་ཀྱི་ཡང  གཙོ་བོ་ཞེས  བཤད་པ་ཡིན་ནོ  །_།  ཡང་ན  ཆོས ་ཀྱི  དབྱིངས  ཤིན་ཏུ  རྣམ་པ  -ར 
-འི  ཆོས  རྣམས 	ཡང་དག 	པར 	རིག་པ་ལ 	སོགས་པ 	-འི 	ཆོས 	རྣམས 	མཉམ་པ 	མེད་པ་ཡིན 	།_ 	འདི 	bstod tshogs ka_.txt	ཡང་དག  པར  རིག་པ་ལ  སོགས་པ  -འི  ཆོས  རྣམས  མཉམ་པ  མེད་པ་ཡིན  །_  འདི 
སངས་རྒྱས  ཆོས  རྣམས་ལ 	མདོ་ལས 	།_ 	སུ 	དག 	སངས་རྒྱས 	ཆོས 	རྣམས་ལ 	།_། 	དཔེར 	བྱེད་པ་ནི 	ཇི་སྙེད་པ 	bstod tshogs ka_.txt	མདོ་ལས  །_  སུ  དག  སངས་རྒྱས  ཆོས  རྣམས་ལ  །_།  དཔེར  བྱེད་པ་ནི  ཇི་སྙེད་པ 
རྒྱས  ཆོས ་དང 	-ར 	གྱུར་པ 	།_། 	སངས 	རྒྱས 	ཆོས	་དང 	མཉམ་པ་གང 	།_། 	ནམ 	མཁའ 	bstod tshogs ka_.txt	-ར  གྱུར་པ  །_།  སངས  རྒྱས  ཆོས ་དང  མཉམ་པ་གང  །_།  ནམ  མཁའ 
-འི  ཆོས ་ཅན 	-ར 	འགྱུར་བ 	དེ་ལྟ 	བུ 	-འི 	ཆོས	་ཅན 	མ་ཡིན་གྱི 	།_། 	ཚད 	མེད་པ 	bstod tshogs ka_.txt	-ར  འགྱུར་བ  དེ་ལྟ  བུ  -འི  ཆོས ་ཅན  མ་ཡིན་གྱི  །_།  ཚད  མེད་པ 
རྒྱས  ཆོས ་དང 	-ར 	གྱུར་པ 	།_། 	སངས 	རྒྱས 	ཆོས	་དང 	མཉམ་པ་གང 	།_། 	ནམ 	མཁའ 	bstod tshogs ka_.txt	-ར  གྱུར་པ  །_།  སངས  རྒྱས  ཆོས ་དང  མཉམ་པ་གང  །_།  ནམ  མཁའ 
-འི  ཆོས ་ཅན་ཡིན 	དེས་ན 	ཇི་ལྟར 	དྲི་མ 	མེད་པ 	-འི 	ཆོས	་ཅན་ཡིན 	།_ 	སྙིང 	རྗེ་ནི 	སེམས་ཅན 	bstod tshogs ka_.txt	དེས་ན  ཇི་ལྟར  དྲི་མ  མེད་པ  -འི  ཆོས ་ཅན་ཡིན  །_  སྙིང  རྗེ་ནི  སེམས་ཅན 
འགག  ཆོས ་ཉིད་དེ 	ལྟ་བུ་ཞིག་ཅི 	ཞེ་ན 	།_ 	མི 	འགག 	ཆོས	་ཉིད་དེ 	།_ 	ཆོས 	ཉིད་ཀྱི 	རང་བཞིན་གང་ལ 	bstod tshogs ka_.txt	ལྟ་བུ་ཞིག་ཅི  ཞེ་ན  །_  མི  འགག  ཆོས ་ཉིད་དེ  །_  ཆོས  ཉིད་ཀྱི  རང་བཞིན་གང་ལ 
འགག་པ  ཆོས ་ཉིད་དོ 	མེད་པ 	-ར 	ཡོད་པ་དེ་ནི 	མི 	འགག་པ 	ཆོས	་ཉིད་དོ 	།_། 	སྨོན་ལམ 	གྲུབ་པ་གང་ལ 	མི 	bstod tshogs ka_.txt	མེད་པ  -ར  ཡོད་པ་དེ་ནི  མི  འགག་པ  ཆོས ་ཉིད་དོ  །_།  སྨོན་ལམ  གྲུབ་པ་གང་ལ  མི 
 ཆོས ་ཉིད 	འགག་པ 	-འི 				ཆོས	་ཉིད 	ཡོད་པ་དེ་ལ 	དེ་སྐད་ཅེས་བྱའོ 	།_། 	སྨོན་ལམ 	bstod tshogs ka_.txt	འགག་པ  -འི     ཆོས ་ཉིད  ཡོད་པ་དེ་ལ  དེ་སྐད་ཅེས་བྱའོ  །_།  སྨོན་ལམ 
-འི  ཆོས ་ཀྱི 	འཕེན་པ 	-ར 	བྱེད་པ་སྔོན 	འབྱུང་བ 	-འི 	ཆོས	་ཀྱི 	མིང་དང 	མཐུན་པ 	-ར 	སྙིང་རྗེ་ཞེས་ཀྱང་བྱའོ 	bstod tshogs ka_.txt	འཕེན་པ  -ར  བྱེད་པ་སྔོན  འབྱུང་བ  -འི  ཆོས ་ཀྱི  མིང་དང  མཐུན་པ  -ར  སྙིང་རྗེ་ཞེས་ཀྱང་བྱའོ 
།_  ཆོས ་ཀྱི 	དུ་འགྲོ་བ 	མཐའ་དག་གི 	དོན 	མཛད་ཅིང 	།_ 	ཆོས	་ཀྱི 	འཁོར་ལོ 	བསྐོར་བ 	ཡིད་བཞིན་གྱི 	ནོར་བུ 	bstod tshogs ka_.txt	དུ་འགྲོ་བ  མཐའ་དག་གི  དོན  མཛད་ཅིང  །_  ཆོས ་ཀྱི  འཁོར་ལོ  བསྐོར་བ  ཡིད་བཞིན་གྱི  ནོར་བུ 
-འི  ཆོས ་དེ 	-འི 	རྒྱལ་པོ 	བས་ཀྱང 	ལྷག་པ 	-འི 	ཆོས	་དེ 	འགའ་ཞིག 	ཡོད་དོ་ཞེས 	བསྟན་པ 	-ར 	bstod tshogs ka_.txt	-འི  རྒྱལ་པོ  བས་ཀྱང  ལྷག་པ  -འི  ཆོས ་དེ  འགའ་ཞིག  ཡོད་དོ་ཞེས  བསྟན་པ  -ར 
འགག  ཆོས ་ཉིད 	འདི 	སྨོན་ལམ 	གྲུབ་པ 	མི 	འགག 	ཆོས	་ཉིད 	ཅན་ཡིན 	།_ 	ཇི 	ལྟར་ན 	bstod tshogs ka_.txt	འདི  སྨོན་ལམ  གྲུབ་པ  མི  འགག  ཆོས ་ཉིད  ཅན་ཡིན  །_  ཇི  ལྟར་ན 
སངས་རྒྱས་ཀྱི  ཆོས ་ལ 	བྱ་བ་ནི 	འཇིག་རྟེན་གསུམ་པོ་ལའོ 	།_། 	མཆོག་ནི 	སངས་རྒྱས་ཀྱི 	ཆོས	་ལ 	སོགས་པའོ 	།_། 	གྲུབ་པ་ནི 	ཡོངས་སུ 	bstod tshogs ka_.txt	བྱ་བ་ནི  འཇིག་རྟེན་གསུམ་པོ་ལའོ  །_།  མཆོག་ནི  སངས་རྒྱས་ཀྱི  ཆོས ་ལ  སོགས་པའོ  །_།  གྲུབ་པ་ནི  ཡོངས་སུ 
-འོ  ཆོས ་ཉིད 	ངོ 	-ར 	ཨེ 	མ 	-འོ 	ཆོས	་ཉིད 	བཟང་ཞེས 	བྱ་བ 	གསུངས་སོ 	།_། 	bstod tshogs ka_.txt	ངོ  -ར  ཨེ  མ  -འོ  ཆོས ་ཉིད  བཟང་ཞེས  བྱ་བ  གསུངས་སོ  །_། 
 ཆོས ་ཉིད 	དེ 	བཞིན 	གཤེགས་པ 	རྣམས་ཀྱི 		ཆོས	་ཉིད 	རང་བཞིན་ནི 	ཤིན་ཏུ 	རྨད་དུ 	བྱུང་བ 	bstod tshogs ka_.txt	དེ  བཞིན  གཤེགས་པ  རྣམས་ཀྱི   ཆོས ་ཉིད  རང་བཞིན་ནི  ཤིན་ཏུ  རྨད་དུ  བྱུང་བ 
_།_  ཆོས ་སྦྱིན་པ 	ཟང་ཟིང་དང 	།_ 	མི 	འཇིགས་པ་དང 	_།_ 	ཆོས	་སྦྱིན་པ 	-འི 	ངོ་བོ 	ཡིན་པ 	-འི 	bstod tshogs ka_.txt	ཟང་ཟིང་དང  །_  མི  འཇིགས་པ་དང  _།_  ཆོས ་སྦྱིན་པ  -འི  ངོ་བོ  ཡིན་པ  -འི 
སངས་རྒྱས་ཀྱི  ཆོས  རྣམས་ཀྱི 	འབྱུང་སྟེ 	།_ 	དེར་ནི 	མཆོག 	སངས་རྒྱས་ཀྱི 	ཆོས 	རྣམས་ཀྱི 	དངོས་གྲུབ 	ཡོངས་སུ 	གྲུབ་པ་དེ 	སྩོལ་བ་ཞེས 	bstod tshogs ka_.txt	འབྱུང་སྟེ  །_  དེར་ནི  མཆོག  སངས་རྒྱས་ཀྱི  ཆོས  རྣམས་ཀྱི  དངོས་གྲུབ  ཡོངས་སུ  གྲུབ་པ་དེ  སྩོལ་བ་ཞེས 
_།_  ཆོས ་དང 	ལས་དམ 	ཚིག་སྟེ 	ངེས་པ་གསུམ་པོ 	སངས་རྒྱས་དང 	_།_ 	ཆོས	་དང 	_།_ 	ཕྱིར 	མི་ལྡོག་པ 	-འི 	bstod tshogs ka_.txt	ལས་དམ  ཚིག་སྟེ  ངེས་པ་གསུམ་པོ  སངས་རྒྱས་དང  _།_  ཆོས ་དང  _།_  ཕྱིར  མི་ལྡོག་པ  -འི 
།_།  ཆོས  སྒྲ 	མཆོག 	དཔལ་ལ 	ཕྱག 	འཚལ་ལོ 	།_། 	ཆོས 	སྒྲ 	ཆེན་པོ 	-ས 	ཕ་རོལ 	རྒོལ་བ་འཇོམས 	bstod tshogs ka_.txt	མཆོག  དཔལ་ལ  ཕྱག  འཚལ་ལོ  །_།  ཆོས  སྒྲ  ཆེན་པོ  -ས  ཕ་རོལ  རྒོལ་བ་འཇོམས 
།_།  ཆོས  བསྒྲགས 	མ 	ལུས 	སེལ 	མཛད་པ 	།_། 	ཆོས 	བསྒྲགས 	རྒྱ་མཚོ 	-འི 	དབྱངས་ལ 	ཕྱག 	bstod tshogs ka_.txt	མ  ལུས  སེལ  མཛད་པ  །_།  ཆོས  བསྒྲགས  རྒྱ་མཚོ  -འི  དབྱངས་ལ  ཕྱག 
 ཆོས ་ཀྱི 	འཚལ་ལོ 	།_། 				ཆོས	་ཀྱི 	བློ་གྲོས 	གཏིང་དཔག 	དཀའ་བ 	-འི་ཚུལ 	bstod tshogs ka_.txt	འཚལ་ལོ  །_།     ཆོས ་ཀྱི  བློ་གྲོས  གཏིང་དཔག  དཀའ་བ  -འི་ཚུལ 
 ཆོས ་ཀྱི 	།_། 	རྣམ 	དག 			ཆོས	་ཀྱི 	དབྱིངས་ལ 	རོལ 	མཛད་ཅིང 	།_། 	bstod tshogs ka_.txt	།_།  རྣམ  དག    ཆོས ་ཀྱི  དབྱིངས་ལ  རོལ  མཛད་ཅིང  །_། 
།_།  ཆོས  བློ 	མ 	ལུས 	མངོན་སུམ 	གཟིགས་པ་པོ 	།_། 	ཆོས 	བློ 	མངོན་པ 	-ར 	མཁྱེན་ལ 	ཕྱག 	bstod tshogs ka_.txt	མ  ལུས  མངོན་སུམ  གཟིགས་པ་པོ  །_།  ཆོས  བློ  མངོན་པ  -ར  མཁྱེན་ལ  ཕྱག 