།_།  གང ་ཞིག 	ནུར 	གྱུར་པ་ལ 	ཕྱག 	འཚལ་ལོ 	།_། 	གང	་ཞིག 	ཀུན 	དུ་མ 	ཤེས་ན 	།_། 	bstod tshogs ka_.txt	ནུར  གྱུར་པ་ལ  ཕྱག  འཚལ་ལོ  །_།  གང ་ཞིག  ཀུན  དུ་མ  ཤེས་ན  །_། 
།_།  གང ་ཞིག 	ཆོས་ཀྱི 	དབྱིངས་ལ 	ཕྱག 	འཚལ་འདུད 	།_། 	གང	་ཞིག 	འཁོར་བ 	-འི 	རྒྱུ 	-ར 	bstod tshogs ka_.txt	ཆོས་ཀྱི  དབྱིངས་ལ  ཕྱག  འཚལ་འདུད  །_།  གང ་ཞིག  འཁོར་བ  -འི  རྒྱུ  -ར 
ཕྱོགས་ནི  གང ་དང་གང 	དབྱིངས་ཀྱང 	མི 	མཐོང་ངོ 	_།_། 	ཕྱོགས་ནི 	གང	་དང་གང 	དག་ནས 	།_། 	བུམ་པ 	བུ་ག 	bstod tshogs ka_.txt	དབྱིངས་ཀྱང  མི  མཐོང་ངོ  _།_།  ཕྱོགས་ནི  གང ་དང་གང  དག་ནས  །_།  བུམ་པ  བུ་ག 
།_།  གང  ཚེ 	འོད་ཀྱི 	རང་བཞིན 	འབྱུང་བ 	-ར་འགྱུར 	།_། 	གང 	ཚེ 	ཏིང་འཛིན 	རྡོ་རྗེ་ཡིས 	།_། 	བུམ་པ་དེ་ནི 	bstod tshogs ka_.txt	འོད་ཀྱི  རང་བཞིན  འབྱུང་བ  -ར་འགྱུར  །_།  གང  ཚེ  ཏིང་འཛིན  རྡོ་རྗེ་ཡིས  །_།  བུམ་པ་དེ་ནི 
 གང ་གིས 						གང	་གིས 	སྒྲུབ་པ 	-ར 	ནུས 	།_།_ 	bstod tshogs ka_.txt	     གང ་གིས  སྒྲུབ་པ  -ར  ནུས  །_།_ 
གསུངས་པ  གང  །_། 	།_། 	རྒྱལ 	བས 	ཇི་སྙེད 	གསུངས་པ 	གང 	།_། 	དེ 	དག 	ཀུན་གྱིས 	ཉོན་མོངས་ལྡོག 	bstod tshogs ka_.txt	།_།  རྒྱལ  བས  ཇི་སྙེད  གསུངས་པ  གང  །_།  དེ  དག  ཀུན་གྱིས  ཉོན་མོངས་ལྡོག 
 གང  ཕྱིར 						གང 	ཕྱིར 	བདག 	མ་ཡིན 	།_། 	བུད 	bstod tshogs ka_.txt	     གང  ཕྱིར  བདག  མ་ཡིན  །_།  བུད 
།_།  གང ་ཞིག 	།_། 	བསླུ་བ 	མེད་ཅིང 	བརྟན་པ་ཡི 	།_། 	གང	་ཞིག 	དེ་ལྟར 	བདག་མེད་པ 	-འང 	_།_། 	bstod tshogs ka_.txt	།_།  བསླུ་བ  མེད་ཅིང  བརྟན་པ་ཡི  །_།  གང ་ཞིག  དེ་ལྟར  བདག་མེད་པ  -འང  _།_། 
 གང ་ཡིན 						གང	་ཡིན 	།_། 	ཕྱི 	རོལ 	སེམས་ཅན 	bstod tshogs ka_.txt	     གང ་ཡིན  །_།  ཕྱི  རོལ  སེམས་ཅན 
 གང ་གིས 						གང	་གིས 	བསྲུངས 	གྱུར་ཅིང 	_།_། 	སྲོག་ཆགས 	bstod tshogs ka_.txt	     གང ་གིས  བསྲུངས  གྱུར་ཅིང  _།_།  སྲོག་ཆགས 
།_།  གང ་གི 	སྲོག་གནས་པའི 	།_། 	རྒྱུ་གང 	མི་ཟད་པ་དེ་ཉིད 	།_། 	གང	་གི 	འབྲས་བུ 	མི་ཟད་གང 	_།_། 	སྣང་བ 	bstod tshogs ka_.txt	སྲོག་གནས་པའི  །_།  རྒྱུ་གང  མི་ཟད་པ་དེ་ཉིད  །_།  གང ་གི  འབྲས་བུ  མི་ཟད་གང  _།_།  སྣང་བ 
།_།  གང  ཕྱིར 	-འི 	ས་བོན 	འགག་པ 	-ར་འགྱུར 	།_། 	གང 	ཕྱིར 	སངས་རྒྱས 	མྱ་ངན་འདས 	།_། 	གཙང་བ 	bstod tshogs ka_.txt	-འི  ས་བོན  འགག་པ  -ར་འགྱུར  །_།  གང  ཕྱིར  སངས་རྒྱས  མྱ་ངན་འདས  །_།  གཙང་བ 
 གང  ཕྱིར་གཉིས་ནི 	རྟག་པ 	དགེ་བ 	-འི་གཞི 	།_། 		གང 	ཕྱིར་གཉིས་ནི 	བྱིས་པ 	-ས་བརྟགས 	།_། 	དེ་ཡི་གཉིས 	bstod tshogs ka_.txt	རྟག་པ  དགེ་བ  -འི་གཞི  །_།   གང  ཕྱིར་གཉིས་ནི  བྱིས་པ  -ས་བརྟགས  །_།  དེ་ཡི་གཉིས 
 གང  _།_། 						གང 	_།_། 	ཁ་ར 	སྤྱད་པ 	-ར 	འདོད་པ་དེས 	bstod tshogs ka_.txt	     གང  _།_།  ཁ་ར  སྤྱད་པ  -ར  འདོད་པ་དེས 
 གང  བསྲུངས་ནས 						གང 	བསྲུངས་ནས 	།_། 	ཉེ 	བར་གནས་ཤིང 	བསྒྲུབས་པ་ལས 	bstod tshogs ka_.txt	     གང  བསྲུངས་ནས  །_།  ཉེ  བར་གནས་ཤིང  བསྒྲུབས་པ་ལས 
-ར  གང ་དག་པ 	།_། 	དྲི 	མ 	མེད་པ 	-ར 	གང	་དག་པ 	།_། 	དྲི 	མ 	མེད་ཅེས 	bstod tshogs ka_.txt	།_།  དྲི  མ  མེད་པ  -ར  གང ་དག་པ  །_།  དྲི  མ  མེད་ཅེས 
།_།  གང ་གིས 	ཁྱོད་ནི 	ཀུན་དུ 	བསམ 	མི་ཁྱབ 	།_། 	གང	་གིས 	ཁྱོད་ནི 	ཤེས་པ 	-ར་ནུས 	།_། 	bstod tshogs ka_.txt	ཁྱོད་ནི  ཀུན་དུ  བསམ  མི་ཁྱབ  །_།  གང ་གིས  ཁྱོད་ནི  ཤེས་པ  -ར་ནུས  །_། 
།_།  གང ་ཡང 	ཤེས་པ 	-ས 	རྟོགས 	བྱ་བ 	།_། 	གང	་ཡང 	རུང་ལ 	ཕྱག 	འཚལ་བསྟོད 	།_། 	bstod tshogs ka_.txt	ཤེས་པ  -ས  རྟོགས  བྱ་བ  །_།  གང ་ཡང  རུང་ལ  ཕྱག  འཚལ་བསྟོད  །_། 
།_།  གང  ཚེ 	ཉིད 	སྟོང་པ 	མཐོང 	གྱུར་ནས 	།_། 	གང 	ཚེ 	སེམས་ནི 	རབ 	བཀྲུས་པས 	།_། 	bstod tshogs ka_.txt	ཉིད  སྟོང་པ  མཐོང  གྱུར་ནས  །_།  གང  ཚེ  སེམས་ནི  རབ  བཀྲུས་པས  །_། 
འཇིགས་པ་ཡིས  གང ་དག་ངོམས 	བཅུ་པོ་ཡིས 	ཡོངས་སུ་གང 	_།_། 	མི 	འཇིགས་པ་ཡིས 	གང	་དག་ངོམས 	།_། 	བསམ 	མི 	ཁྱབ་པ 	bstod tshogs ka_.txt	བཅུ་པོ་ཡིས  ཡོངས་སུ་གང  _།_།  མི  འཇིགས་པ་ཡིས  གང ་དག་ངོམས  །_།  བསམ  མི  ཁྱབ་པ 
།_།  གང ་ཞིག 	ནུར 	གྱུར་པ་ལ 	ཕྱག 	འཚལ་ལོ 	།_། 	གང	་ཞིག 	ལྟ་བ 	-ས 	ཕོངས་པ་ཡི 	།_། 	bstod tshogs ka_.txt	ནུར  གྱུར་པ་ལ  ཕྱག  འཚལ་ལོ  །_།  གང ་ཞིག  ལྟ་བ  -ས  ཕོངས་པ་ཡི  །_། 
།_།  གང ་ཞིག 	མེད 	ཁྱོད་ལ 	ཕྱག 	འཚལ་བསྟོད 	།_། 	གང	་ཞིག 	ཁྱོད་ཀྱིས 	ཅུང་ཞིག་ཀྱང 	།_། 	སངས 	bstod tshogs ka_.txt	མེད  ཁྱོད་ལ  ཕྱག  འཚལ་བསྟོད  །_།  གང ་ཞིག  ཁྱོད་ཀྱིས  ཅུང་ཞིག་ཀྱང  །_།  སངས 
 གང  དུ 						གང 	དུ 	-འང 	འགྲོ་འོང་མེད 	།_། 	དེ 	bstod tshogs ka_.txt	     གང  དུ  -འང  འགྲོ་འོང་མེད  །_།  དེ 
 གང  ཐོབ་པར 						གང 	ཐོབ་པར 	།_། 	གྱུར་པ 	འདི་ནི 	སེམས་ཅན 	bstod tshogs ka_.txt	     གང  ཐོབ་པར  །_།  གྱུར་པ  འདི་ནི  སེམས་ཅན 
།_།  གང  ཁྱོད 	འདས 	ཁྱོད 	ཕྱག 	འཚལ་འདུད 	།_། 	གང 	ཁྱོད 	འགྲོ་ལ 	ཕན་པ 	-འི་ཕྱིར 	།_། 	bstod tshogs ka_.txt	འདས  ཁྱོད  ཕྱག  འཚལ་འདུད  །_།  གང  ཁྱོད  འགྲོ་ལ  ཕན་པ  -འི་ཕྱིར  །_། 
།_།  གང  དག 	བློ 	ལྡན 	རྣམས་ལ 	རབ་ཏུ་བསྟན 	།_། 	གང 	དག 	རྒྱུ་ལ 	-ས 	བྱུང་བ་རྣམས 	།_། 	bstod tshogs ka_.txt	བློ  ལྡན  རྣམས་ལ  རབ་ཏུ་བསྟན  །_།  གང  དག  རྒྱུ་ལ  -ས  བྱུང་བ་རྣམས  །_། 
 གང  འབྱུང་བ 						གང 	འབྱུང་བ 	།_། 	དེ 	ཉིད 	ཁྱོད་ནི 	bstod tshogs ka_.txt	     གང  འབྱུང་བ  །_།  དེ  ཉིད  ཁྱོད་ནི 
།_།  གང ་ཞིག་དེ་ལ 	ཉིད 	བདུད་རྩི 	སྟོན 	མཛད་ན 	།_། 	གང	་ཞིག་དེ་ལ 	ཞེན 	གྱུར་པ 	།_། 	དེ 	bstod tshogs ka_.txt	ཉིད  བདུད་རྩི  སྟོན  མཛད་ན  །_།  གང ་ཞིག་དེ་ལ  ཞེན  གྱུར་པ  །_།  དེ 
 གང  ཐོབ་པ 						གང 	ཐོབ་པ 	།_། 	དེས་ནི 	འགྲོ་བ 	མ 	bstod tshogs ka_.txt	     གང  ཐོབ་པ  །_།  དེས་ནི  འགྲོ་བ  མ 
།_།  གང ་གིས 	ནུར 	གྱུར་པ་ལ 	ཕྱག 	འཚལ་ལོ 	།_། 	གང	་གིས 	སེམས་བྱུང 	དྲ་བ་ནི 	།_། 	སེམས 	bstod tshogs ka_.txt	ནུར  གྱུར་པ་ལ  ཕྱག  འཚལ་ལོ  །_།  གང ་གིས  སེམས་བྱུང  དྲ་བ་ནི  །_།  སེམས 
ལྟ་ན་ཡང  གང ་འདྲ་བས 	བསྟོད་པ 	-ར་བགྱི 	།_། 	དེ 	ལྟ་ན་ཡང 	གང	་འདྲ་བས 	།_། 	དེ 	བཞིན 	ཉིད 	bstod tshogs ka_.txt	བསྟོད་པ  -ར་བགྱི  །_།  དེ  ལྟ་ན་ཡང  གང ་འདྲ་བས  །_།  དེ  བཞིན  ཉིད 
།_།  གང ་ལ 	ཆོས 	རྣམས 	ཐམས་ཅད 	སྟོང་པ་ལ 	།_། 	གང	་ལ 	བསྟོད་ཅིང་གང་གིས་བསྟོད 	།_། 	སྐྱེ་དང 	འཇིག་པ་རྣམ 	bstod tshogs ka_.txt	ཆོས  རྣམས  ཐམས་ཅད  སྟོང་པ་ལ  །_།  གང ་ལ  བསྟོད་ཅིང་གང་གིས་བསྟོད  །_།  སྐྱེ་དང  འཇིག་པ་རྣམ 
 གང ་ལ 	སྤངས་ཤིང 	།_། 				གང	་ལ 	མཐའ་དང 	དབུས 	མེད་པ 	།_། 	bstod tshogs ka_.txt	སྤངས་ཤིང  །_།     གང ་ལ  མཐའ་དང  དབུས  མེད་པ  །_། 
 གང  །_། 						གང 	།_། 	གཤེགས་དང 	བྱོན་པ 	མི 	མངའ་ཞིང 	bstod tshogs ka_.txt	     གང  །_།  གཤེགས་དང  བྱོན་པ  མི  མངའ་ཞིང 
དཔེ་མེད  གང ་ཡིན་དེ་ལ 	རང་རིག 	རྒྱལ་བ 	རྣམས་ཀྱི 	ཆོས་སྐུ 	དཔེ་མེད 	གང	་ཡིན་དེ་ལ 	བདག 	ཕྱག་འཚལ 	།_། 	རང་གི 	bstod tshogs ka_.txt	རང་རིག  རྒྱལ་བ  རྣམས་ཀྱི  ཆོས་སྐུ  དཔེ་མེད  གང ་ཡིན་དེ་ལ  བདག  ཕྱག་འཚལ  །_།  རང་གི 
གནས་པ  གང ་ཡིན་དེ་ལ 	ལོངས་སྤྱོད 	རྫོགས 	སྐུ་ཆོས་ཀྱི 	རྒྱལ་སྲིད 	གནས་པ 	གང	་ཡིན་དེ་ལ 	ཕྱག 	འཚལ་ལོ 	།_། 	སེམས 	bstod tshogs ka_.txt	ལོངས་སྤྱོད  རྫོགས  སྐུ་ཆོས་ཀྱི  རྒྱལ་སྲིད  གནས་པ  གང ་ཡིན་དེ་ལ  ཕྱག  འཚལ་ལོ  །_།  སེམས 
 གང  སྣང་ཞིང 						གང 	སྣང་ཞིང 	།_། 	ལ 	ལ 	-ར་ཡང་ནི 	bstod tshogs ka_.txt	     གང  སྣང་ཞིང  །_།  ལ  ལ  -ར་ཡང་ནི 
 གང  སྣང་ལ 						གང 	སྣང་ལ 	།_། 	སྣ 	ཚོགས 	ཐབས་ཚུལ 	bstod tshogs ka_.txt	     གང  སྣང་ལ  །_།  སྣ  ཚོགས  ཐབས་ཚུལ 
དོན་ཆེན  གང ་ཡིན་དེ་ལ 	མཛད 	ཐུབ་པ 	རྣམས་ཀྱི 	སྤྲུལ་སྐུ 	དོན་ཆེན 	གང	་ཡིན་དེ་ལ 	ཕྱག 	འཚལ་ལོ 	།_། 	སེམས 	bstod tshogs ka_.txt	མཛད  ཐུབ་པ  རྣམས་ཀྱི  སྤྲུལ་སྐུ  དོན་ཆེན  གང ་ཡིན་དེ་ལ  ཕྱག  འཚལ་ལོ  །_།  སེམས 
གྱུར་པ  གང ་ཡིན་དེས 	བྱང་ཆུབ 	ས་བོན 	བསགས་པ 	-ར 	གྱུར་པ 	གང	་ཡིན་དེས 	།_། 	སྐུ་གསུམ 	ཐོབ་ནས 	འགྲོ་བ 	bstod tshogs ka_.txt	བྱང་ཆུབ  ས་བོན  བསགས་པ  -ར  གྱུར་པ  གང ་ཡིན་དེས  །_།  སྐུ་གསུམ  ཐོབ་ནས  འགྲོ་བ 
།_  གང ་གི 	དགོས་པ 	བརྗོད་པ 	-ར 	བྱ་སྟེ 	།_ 	གང	་གི 	ཕྱིར 	བརྗོད་པ་དང 	།_ 	དགོས་པ་དང 	bstod tshogs ka_.txt	དགོས་པ  བརྗོད་པ  -ར  བྱ་སྟེ  །_  གང ་གི  ཕྱིར  བརྗོད་པ་དང  །_  དགོས་པ་དང 
སྐུ  གང ་ཡིན་པ་དེ་ལ 	མ 	གྱུར་པ 	-འི 	ཆོས་ཀྱི 	སྐུ 	གང	་ཡིན་པ་དེ་ལ 	བདག 	ཕྱག 	འཚལ་ལོ་ཞེས 	བྱ་བ 	bstod tshogs ka_.txt	མ  གྱུར་པ  -འི  ཆོས་ཀྱི  སྐུ  གང ་ཡིན་པ་དེ་ལ  བདག  ཕྱག  འཚལ་ལོ་ཞེས  བྱ་བ 
 གང  ཐོག་མ 						གང 	ཐོག་མ 	ཉིད་ནས 	མ 	སྐྱེས་པ་དེ་ལ 	གཅིག་དང 	bstod tshogs ka_.txt	     གང  ཐོག་མ  ཉིད་ནས  མ  སྐྱེས་པ་དེ་ལ  གཅིག་དང 
ཕྱིར  གང ་ཞིག་གང་ལས 	བྱུང་བ 	-ས་ན 	།_ 	དེའི 	ཕྱིར 	གང	་ཞིག་གང་ལས 	བྱུང་བ 	-ར 	གྱུར་པ་སྟེ 	།_ 	bstod tshogs ka_.txt	བྱུང་བ  -ས་ན  །_  དེའི  ཕྱིར  གང ་ཞིག་གང་ལས  བྱུང་བ  -ར  གྱུར་པ་སྟེ  །_ 
 གང ་གིས 						གང	་གིས 	སྣ་ཚོགས་པ 	-འི 	གཟུགས་སུ 	གྱུར་པ་དེ 	bstod tshogs ka_.txt	     གང ་གིས  སྣ་ཚོགས་པ  -འི  གཟུགས་སུ  གྱུར་པ་དེ 
ཉིད་ལས  གང ་ཞིག 	།_། 	དེ 	བཞིན་དུ 	སྟོང་པ 	ཉིད་ལས 	གང	་ཞིག 	འབྱུང་བ 	-ར 	འགྱུར་བ་ནི 	རྟག་པ་དང 	bstod tshogs ka_.txt	།_།  དེ  བཞིན་དུ  སྟོང་པ  ཉིད་ལས  གང ་ཞིག  འབྱུང་བ  -ར  འགྱུར་བ་ནི  རྟག་པ་དང 
།_  གང ་གི 	ཆད་པ 	-ར 	མི 	འགྱུར་ཏེ 	།_ 	གང	་གི 	ཕྱིར 	ཀུན་དུ 	རྟོག་པ 	མ་ལུས་པ་དང 	bstod tshogs ka_.txt	ཆད་པ  -ར  མི  འགྱུར་ཏེ  །_  གང ་གི  ཕྱིར  ཀུན་དུ  རྟོག་པ  མ་ལུས་པ་དང 
།_།  གང ་གི 	གྱུར་པ་ཞེས 	བྱ་བ 	-འི 	དོན་ཏོ 	།_། 	གང	་གི 	ཕྱིར 	ཆོས་ཀྱི 	དབྱིངས 	གཅིག་དང 	bstod tshogs ka_.txt	གྱུར་པ་ཞེས  བྱ་བ  -འི  དོན་ཏོ  །_།  གང ་གི  ཕྱིར  ཆོས་ཀྱི  དབྱིངས  གཅིག་དང 
བྱ་བ  གང ་ཡང་མེད 	ཅི་ཡང་མེད 	།_། 	གཞལ 	བར 	བྱ་བ 	གང	་ཡང་མེད 	།_། 	ཡང 	དག 	ཉིད་ལ 	bstod tshogs ka_.txt	ཅི་ཡང་མེད  །_།  གཞལ  བར  བྱ་བ  གང ་ཡང་མེད  །_།  ཡང  དག  ཉིད་ལ 
 གང  འདི་ལྟར 						གང 	འདི་ལྟར 	རྐྱེན་དང 	ལྡན་པ་ནི 	ཀུན་ནས 	ཉོན་མོངས 	bstod tshogs ka_.txt	     གང  འདི་ལྟར  རྐྱེན་དང  ལྡན་པ་ནི  ཀུན་ནས  ཉོན་མོངས 
 གང  གྱུར་པ་དེ་ནི 						གང 	གྱུར་པ་དེ་ནི 	ནམ་མཁའ 	ལྟར 	རོ་གཅིག་ཅེས་བྱའོ 	།_། 	bstod tshogs ka_.txt	     གང  གྱུར་པ་དེ་ནི  ནམ་མཁའ  ལྟར  རོ་གཅིག་ཅེས་བྱའོ  །_། 
ལམ་པ་ཡང  གང ་ཞིག་ཡོད 	ཡོད 	མིན་ཏེ 	།_། 	ཚིག 	ལམ་པ་ཡང 	གང	་ཞིག་ཡོད 	།_། 	ཅུང 	ཟད 	ཉེ་བ 	bstod tshogs ka_.txt	ཡོད  མིན་ཏེ  །_།  ཚིག  ལམ་པ་ཡང  གང ་ཞིག་ཡོད  །_།  ཅུང  ཟད  ཉེ་བ 
བྱ  གང ་ཞིག་གཞལ 	།_། 	དེ་ལ 	དཔེ 	-ར 	བྱ 	གང	་ཞིག་གཞལ 	།_། 	སྐབས 	འབྱེད 	གཞི་དང 	bstod tshogs ka_.txt	།_།  དེ་ལ  དཔེ  -ར  བྱ  གང ་ཞིག་གཞལ  །_།  སྐབས  འབྱེད  གཞི་དང 
།_།  གང ་གི 	ཉེ་བ 	-ར 	བསགས་པ་ལས 	སྐྱེས་པའོ 	།_། 	གང	་གི 	ཞེ་ན 	།_ 	བློ 	ཅན 	bstod tshogs ka_.txt	ཉེ་བ  -ར  བསགས་པ་ལས  སྐྱེས་པའོ  །_།  གང ་གི  ཞེ་ན  །_  བློ  ཅན 
བཞུགས་པ  གང ་ཡིན་ཞེས 	གཞན་ཡང 	ཆོས་ཀྱི 	རྒྱལ་སྲིད 	ཆེན་པོ་ལ 	བཞུགས་པ 	གང	་ཡིན་ཞེས 	བྱ་བ 	སྨོས་ཏེ 	།_ 	ཆོས་ཀྱི 	bstod tshogs ka_.txt	གཞན་ཡང  ཆོས་ཀྱི  རྒྱལ་སྲིད  ཆེན་པོ་ལ  བཞུགས་པ  གང ་ཡིན་ཞེས  བྱ་བ  སྨོས་ཏེ  །_  ཆོས་ཀྱི 
སྐུ  གང ་ཡིན་པ་དེ་ལ 	།_། 	དེ་ལ 	གནས་པ 	-འི 	སྐུ 	གང	་ཡིན་པ་དེ་ལ 	དེ་སྐད་ཅེས་བྱའོ 	།_། 	དེ 	ལྟར 	bstod tshogs ka_.txt	།_།  དེ་ལ  གནས་པ  -འི  སྐུ  གང ་ཡིན་པ་དེ་ལ  དེ་སྐད་ཅེས་བྱའོ  །_།  དེ  ལྟར 
 གང  སྣང་ཞིང 						གང 	སྣང་ཞིང 	།_། 	ཞེས 	བྱ་བ་ལ 	སོགས་པ 	bstod tshogs ka_.txt	     གང  སྣང་ཞིང  །_།  ཞེས  བྱ་བ་ལ  སོགས་པ 
།_།  གང ་གིས 	ཡོངས་སུ 	སྨིན་པ 	-འི 	དོན་དུའོ 	།_། 	གང	་གིས 	དུས 	ལ་ལ 	དག་ཏུ 	མེ་དང 	bstod tshogs ka_.txt	ཡོངས་སུ  སྨིན་པ  -འི  དོན་དུའོ  །_།  གང ་གིས  དུས  ལ་ལ  དག་ཏུ  མེ་དང 
 གང ་དུ 						གང	་དུ 	སྣང 	ཞེ་ན 	།_ 	སྨྲས་པ 	bstod tshogs ka_.txt	     གང ་དུ  སྣང  ཞེ་ན  །_  སྨྲས་པ 
 གང  སྣང་ལ 						གང 	སྣང་ལ 	།_། 	ཞེས་པ་ནི 	གྱད་ཀྱི 	ཉེ་འཁོར 	bstod tshogs ka_.txt	     གང  སྣང་ལ  །_།  ཞེས་པ་ནི  གྱད་ཀྱི  ཉེ་འཁོར 
སྐུ  གང ་ཡིན་པ་དེ་ལ 	ལྟ་བུ 	-འི 	སྤྲུལ་པ 	-འི 	སྐུ 	གང	་ཡིན་པ་དེ་ལ 	ཕྱག 	འཚལ་ལོ་ཞེས 	སློབ་དཔོན 	ཀླུ་སྒྲུབ་ཀྱིས 	bstod tshogs ka_.txt	ལྟ་བུ  -འི  སྤྲུལ་པ  -འི  སྐུ  གང ་ཡིན་པ་དེ་ལ  ཕྱག  འཚལ་ལོ་ཞེས  སློབ་དཔོན  ཀླུ་སྒྲུབ་ཀྱིས 
།_  གང ་གིས 	འདི་སྐད་དུ 	སྟོན་པ 	-ར 	འགྱུར་ཏེ 	།_ 	གང	་གིས 	བདག་ཉིད་ཀྱིས 	བསོད་ནམས་དང 	ཡེ་ཤེས་ཀྱི 	ཚོགས 	bstod tshogs ka_.txt	འདི་སྐད་དུ  སྟོན་པ  -ར  འགྱུར་ཏེ  །_  གང ་གིས  བདག་ཉིད་ཀྱིས  བསོད་ནམས་དང  ཡེ་ཤེས་ཀྱི  ཚོགས 
མཛད་པ  གང ་ཡིན་པ་དེ་ནི 	-འི 	དོན 	གཅིག 	རྒྱུན་དུ 	མཛད་པ 	གང	་ཡིན་པ་དེ་ནི 	སེམས་ཅན་གྱི 	དོན 	གཅིག 	རྒྱུན་དུ 	bstod tshogs ka_.txt	-འི  དོན  གཅིག  རྒྱུན་དུ  མཛད་པ  གང ་ཡིན་པ་དེ་ནི  སེམས་ཅན་གྱི  དོན  གཅིག  རྒྱུན་དུ 
ཚོགས  གང ་ཡིན་པ 	དེས་ན 	དེ 	-འི 	བསོད་ནམས་ཀྱི 	ཚོགས 	གང	་ཡིན་པ 	དེ 	-ས 	ཆོས་དང 	ལོངས་སྤྱོད 	bstod tshogs ka_.txt	དེས་ན  དེ  -འི  བསོད་ནམས་ཀྱི  ཚོགས  གང ་ཡིན་པ  དེ  -ས  ཆོས་དང  ལོངས་སྤྱོད 
།_།  གང ་གིས 	སེམས་ཅན 	དོན་ཏེ 	གུས་པ 	གཞན་དག་མིན 	།_། 	གང	་གིས 	སྙིང་རྗེ 	མ 	བཏང་དེ་ཡིས 	ང་ལ 	bstod tshogs ka_.txt	སེམས་ཅན  དོན་ཏེ  གུས་པ  གཞན་དག་མིན  །_།  གང ་གིས  སྙིང་རྗེ  མ  བཏང་དེ་ཡིས  ང་ལ 
ལྷུང་བ  གང ་ཡིན་པ 	བཏང་ནས 	གནས་པ 	-ར 	གྱུར་པ 	ལྷུང་བ 	གང	་ཡིན་པ 	།_། 	དེ་ནི 	དེ་ལས 	སྙིང་རྗེ 	bstod tshogs ka_.txt	བཏང་ནས  གནས་པ  -ར  གྱུར་པ  ལྷུང་བ  གང ་ཡིན་པ  །_།  དེ་ནི  དེ་ལས  སྙིང་རྗེ 
།_།  གང ་གིས 	བསླང་བ 	-ར 	ནུས་ཀྱི 	གཞན་གྱིས་མིན 	།_། 	གང	་གིས 	སྙིང་རྗེ 	སེམས་ཅན་ལ་ནི 	རྗེས་སུ 	ཞུགས 	bstod tshogs ka_.txt	བསླང་བ  -ར  ནུས་ཀྱི  གཞན་གྱིས་མིན  །_།  གང ་གིས  སྙིང་རྗེ  སེམས་ཅན་ལ་ནི  རྗེས་སུ  ཞུགས 
_།  གང ་ལ 	སྙིང་རྗེ 	དག་དང 	བློ་དང 	གསལ་བ་དག 	_། 	གང	་ལ 	ཡོད་པ 	དེ 	-ས་ནི 	རྟག་ཏུ 	bstod tshogs ka_.txt	སྙིང་རྗེ  དག་དང  བློ་དང  གསལ་བ་དག  _།  གང ་ལ  ཡོད་པ  དེ  -ས་ནི  རྟག་ཏུ 
 གང ་གི་ཕྱིར 						གང	་གི་ཕྱིར 	།_། 	ང་ལ 	མི 	ལྟོས་པ 	bstod tshogs ka_.txt	     གང ་གི་ཕྱིར  །_།  ང་ལ  མི  ལྟོས་པ 
།_།  གང ་གིས་ཡིད་ནི 	དེ 	-ས་ནི 	མཆོད་པ 	འབྱུང་འགྱུར་ཏེ 	།_། 	གང	་གིས་ཡིད་ནི 	མགུ་བ 	-ར 	བྱེད་པ 	མཆོད་པ 	bstod tshogs ka_.txt	དེ  -ས་ནི  མཆོད་པ  འབྱུང་འགྱུར་ཏེ  །_།  གང ་གིས་ཡིད་ནི  མགུ་བ  -ར  བྱེད་པ  མཆོད་པ 
།_།  གང ་ལ 	ཚིལ་དང 	མིག་དང 	ལུས 	རྣམས་ཀྱང 	།_། 	གང	་ལ 	བརྩེ་བ 	-འི 	དབང་དུ 	བྱས་ནས 	bstod tshogs ka_.txt	ཚིལ་དང  མིག་དང  ལུས  རྣམས་ཀྱང  །_།  གང ་ལ  བརྩེ་བ  -འི  དབང་དུ  བྱས་ནས 
 གང ་ལ 						གང	་ལ 	འདི 	-ར་ནི 	སྙིང་རྗེ 	བྱམས་ལས 	bstod tshogs ka_.txt	     གང ་ལ  འདི  -ར་ནི  སྙིང་རྗེ  བྱམས་ལས 
།_།  གང ་གི 	རྣམ་པ 	-ར 	ཐར་ལ 	སོགས་གང་ལ 	།_། 	གང	་གི 	དོན་དུ 	སྙིང་རྗེ་དེ་ལ 	འབད་པ 	-འི་ཡིད་ཀྱིས 	bstod tshogs ka_.txt	རྣམ་པ  -ར  ཐར་ལ  སོགས་གང་ལ  །_།  གང ་གི  དོན་དུ  སྙིང་རྗེ་དེ་ལ  འབད་པ  -འི་ཡིད་ཀྱིས 
 གང ་གི 						གང	་གི 	དོན་དུ 	དོན 	འདི་བསྒྲུབས 	།_། 	bstod tshogs ka_.txt	     གང ་གི  དོན་དུ  དོན  འདི་བསྒྲུབས  །_། 
 གང ་ལ 						གང	་ལ 	བརྟེན་ནས 	ཕན 	འདི་བསྒྲུབས 	།_། 	bstod tshogs ka_.txt	     གང ་ལ  བརྟེན་ནས  ཕན  འདི་བསྒྲུབས  །_། 
 གང ་གི 						གང	་གི 	དོན་དུ 	ཉེ་བ 	-ར་བསྒྲུབས 	།_། 	bstod tshogs ka_.txt	     གང ་གི  དོན་དུ  ཉེ་བ  -ར་བསྒྲུབས  །_། 
།_།  གང  ཁྱོད 	ཕྱིན 	མ་ལ 	ཕྱག 	འཚལ་ལོ 	།_། 	གང 	ཁྱོད 	སྐུ 	ཀུན 	ཉེས་མེད་ལ 	།_། 	bstod tshogs ka_.txt	ཕྱིན  མ་ལ  ཕྱག  འཚལ་ལོ  །_།  གང  ཁྱོད  སྐུ  ཀུན  ཉེས་མེད་ལ  །_། 
མཐོང  གང ་ཡིན་པ 	།_། 	བསམ 	ཡས 	ཁྱོད 	མཐོང 	གང	་ཡིན་པ 	།_། 	དེས་ནི 	དེ་བཞིན 	གཤེགས་པ་མཐོང 	bstod tshogs ka_.txt	།_།  བསམ  ཡས  ཁྱོད  མཐོང  གང ་ཡིན་པ  །_།  དེས་ནི  དེ་བཞིན  གཤེགས་པ་མཐོང 
།_།  གང  སླད 	བྱམས་མ 	-འི 	ཡུམ 	ལགས་སོ 	།_། 	གང 	སླད 	སངས་རྒྱས 	འཇིག་རྟེན་གཙོ 	།_། 	ཐུགས 	bstod tshogs ka_.txt	བྱམས་མ  -འི  ཡུམ  ལགས་སོ  །_།  གང  སླད  སངས་རྒྱས  འཇིག་རྟེན་གཙོ  །_།  ཐུགས 
 གང ་ལ 						གང	་ལ 	ཁྱོད་ལ་ཡང 	།_། 	མངོན 	པར 	bstod tshogs ka_.txt	     གང ་ལ  ཁྱོད་ལ་ཡང  །_།  མངོན  པར 
།_།  གང ་དུ་ཡང་ནི 	།_། 	ཁྱོད་ནི་གང་ནས 	མ 	བྱོན་ཞིང 	།_། 	གང	་དུ་ཡང་ནི 	མི 	གཤེགས་པས 	།_། 	གནས་ནི 	bstod tshogs ka_.txt	།_།  ཁྱོད་ནི་གང་ནས  མ  བྱོན་ཞིང  །_།  གང ་དུ་ཡང་ནི  མི  གཤེགས་པས  །_།  གནས་ནི 
།_།  གང  ཁྱོད 	མཁས་པ 	རྣམས་ཀྱིས 	དམིགས 	མ་ལགས 	།_། 	གང 	ཁྱོད 	དེ་ལྟར 	མ 	འཁུམས་ནས 	།_། 	bstod tshogs ka_.txt	མཁས་པ  རྣམས་ཀྱིས  དམིགས  མ་ལགས  །_།  གང  ཁྱོད  དེ་ལྟར  མ  འཁུམས་ནས  །_། 
།_།  གང  ཁྱོད 	ངག་གི 	ཡུལ 	ཀུན་ལས 	འདས་མ 	།_། 	གང 	ཁྱོད 	འགའ 	-ར་ཡང 	རྟེན 	མི་མངའ 	bstod tshogs ka_.txt	ངག་གི  ཡུལ  ཀུན་ལས  འདས་མ  །_།  གང  ཁྱོད  འགའ  -ར་ཡང  རྟེན  མི་མངའ 
 གང  བསགས་པ 						གང 	བསགས་པ 	།_། 	དེ་ཡིས 	འཇིག་རྟེན 	མ 	bstod tshogs ka_.txt	     གང  བསགས་པ  །_།  དེ་ཡིས  འཇིག་རྟེན  མ 
།_།  གང ་ཞིག 	ནུར 	གྱུར་པ་ལ 	ཕྱག 	འཚལ་ལོ 	།_། 	གང	་ཞིག 	དངོས་པོ 	རྟེན་འབྱུང་རྣམས 	།_། 	ངོ་བོ 	bstod tshogs ka_.txt	ནུར  གྱུར་པ་ལ  ཕྱག  འཚལ་ལོ  །_།  གང ་ཞིག  དངོས་པོ  རྟེན་འབྱུང་རྣམས  །_།  ངོ་བོ 
བྱིས་པ  གང ་དག་ཅི 	མགོན་པོ 	ཁྱོད་ཀྱིས 	དེ་ལྟར་གསུངས 	།_། 	བྱིས་པ 	གང	་དག་ཅི 	བརྗོད་པ 	།_། 	བགྱིས་པ་ཞེས 	བགྱིད་དེ 	bstod tshogs ka_.txt	མགོན་པོ  ཁྱོད་ཀྱིས  དེ་ལྟར་གསུངས  །_།  བྱིས་པ  གང ་དག་ཅི  བརྗོད་པ  །_།  བགྱིས་པ་ཞེས  བགྱིད་དེ 
།_།  གང  ཚེ 	བཞིན 	མ 	ལགས 	རབ་ཏུ་བསྟན 	།_། 	གང 	ཚེ 	བྱས་པ 	-འི 	དངོས 	མ་སྐྱེས 	bstod tshogs ka_.txt	བཞིན  མ  ལགས  རབ་ཏུ་བསྟན  །_།  གང  ཚེ  བྱས་པ  -འི  དངོས  མ་སྐྱེས 
།_  གང  ཞིག་པ 	དེ 	ཚེ 	ད་ལྟར 	བྱུང་བ་ཡི 	།_ 	གང 	ཞིག་པ 	-ས་ན 	འདས་པ 	-ར་འགྱུར 	།_། 	bstod tshogs ka_.txt	དེ  ཚེ  ད་ལྟར  བྱུང་བ་ཡི  །_  གང  ཞིག་པ  -ས་ན  འདས་པ  -ར་འགྱུར  །_། 
 གང ་ལས 						གང	་ལས 	གཞན་ཞིག 	འབྱུང 	_།_། 	མ 	bstod tshogs ka_.txt	     གང ་ལས  གཞན་ཞིག  འབྱུང  _།_།  མ 
 གང ་ལས 						གང	་ལས 	ཀུན་དུ 	འབྱུང 	_།_། 	རང་བཞིན 	bstod tshogs ka_.txt	     གང ་ལས  ཀུན་དུ  འབྱུང  _།_།  རང་བཞིན 
།_།  གང  ཚེ་ཅི 	ཕ 	རོལ 	ཚུ་རོལ 	བཞིན་དུ་གསུངས 	།_། 	གང 	ཚེ་ཅི 	ལ 	-འང 	མི 	ལྟོས་པ 	bstod tshogs ka_.txt	ཕ  རོལ  ཚུ་རོལ  བཞིན་དུ་གསུངས  །_།  གང  ཚེ་ཅི  ལ  -འང  མི  ལྟོས་པ 
 གང ་ཞིག 	།_། 	དེ 	ཚེ་གང་ལ 			གང	་ཞིག 	འབྱུང 	།_། 	གང 	ཚེ་རིང་ལ 	bstod tshogs ka_.txt	།_།  དེ  ཚེ་གང་ལ    གང ་ཞིག  འབྱུང  །_།  གང  ཚེ་རིང་ལ 
 གང  རང 						གང 	རང 	ལས་མ 	མཆིས་ན 	།_། 	དེ 	bstod tshogs ka_.txt	     གང  རང  ལས་མ  མཆིས་ན  །_།  དེ 
 གང  ལགས་ཏེ 						གང 	ལགས་ཏེ 	།_། 	རང་གི 	རང་བཞིན 	མེད་ན་མིན 	bstod tshogs ka_.txt	     གང  ལགས་ཏེ  །_།  རང་གི  རང་བཞིན  མེད་ན་མིན 
།_།  གང  ཚེ 					།_། 	གང 	ཚེ 	གཞན་གྱི 	དངོས་མེད་པ 	།_། 	དེ 	bstod tshogs ka_.txt	    །_།  གང  ཚེ  གཞན་གྱི  དངོས་མེད་པ  །_།  དེ 
 གང  དམིགས་དེ 						གང 	དམིགས་དེ 	།_། 	གལ་ཏེ 	ཡང་དག 	མཆིས 	bstod tshogs ka_.txt	     གང  དམིགས་དེ  །_།  གལ་ཏེ  ཡང་དག  མཆིས 
།_།  གང  ཚེ 	-ས 	ཡང་དག 	རིག་པ 	-ར་འགྱུར 	།_། 	གང 	ཚེ 	ཡང་དག 	ཤེས་པ 	-ས་ཅི 	།_། 	bstod tshogs ka_.txt	-ས  ཡང་དག  རིག་པ  -ར་འགྱུར  །_།  གང  ཚེ  ཡང་དག  ཤེས་པ  -ས་ཅི  །_། 
།_།  གང ་གིས་ཅི་ཞིག 	ལོག 	པར 	ཡོངས་ཤེས 	ཁྱོད་ཀྱིས་གསུངས 	།_། 	གང	་གིས་ཅི་ཞིག 	མ 	རྟོགས་པ 	།_། 	ཡང 	bstod tshogs ka_.txt	ལོག  པར  ཡོངས་ཤེས  ཁྱོད་ཀྱིས་གསུངས  །_།  གང ་གིས་ཅི་ཞིག  མ  རྟོགས་པ  །_།  ཡང 
།_།  གང ་ལས 	གཉིས 	འདོད 	ཡང་དག 	རིག་མ་ལགས 	།_། 	གང	་ལས 	སྐྱེས་པ 	ཡོད 	མ་ལགས 	།_། 	bstod tshogs ka_.txt	གཉིས  འདོད  ཡང་དག  རིག་མ་ལགས  །_།  གང ་ལས  སྐྱེས་པ  ཡོད  མ་ལགས  །_། 
 གང ་ཡོད 						གང	་ཡོད 	།_། 	སྒྱུ 	མ 	-འི 	bstod tshogs ka_.txt	     གང ་ཡོད  །_།  སྒྱུ  མ  -འི 
 གང  མ་བཀྲོལ 						གང 	མ་བཀྲོལ 	།_། 	ཐུབ་ཆེན་གང 	ཕྱིར 	སེམས་ཅན་རྣམས 	bstod tshogs ka_.txt	     གང  མ་བཀྲོལ  །_།  ཐུབ་ཆེན་གང  ཕྱིར  སེམས་ཅན་རྣམས 
།_།  གང ་ཡང་གང་གིས 	།_། 	རང 	ལས་མ 	སྐྱེས་དེ་ཡི་ཕྱིར 	།_། 	གང	་ཡང་གང་གིས 	མ 	བཀྲོལ་ཞེས 	།_། 	དེ 	bstod tshogs ka_.txt	།_།  རང  ལས་མ  སྐྱེས་དེ་ཡི་ཕྱིར  །_།  གང ་ཡང་གང་གིས  མ  བཀྲོལ་ཞེས  །_།  དེ 
།_།  གང ་གིས 	།_། 	རྟོག་པ 	ཙམ་ཞེས 	ཁྱོད་ཀྱིས་གསུངས 	།_། 	གང	་གིས 	སྟོང་པ 	-ར 	རྣམ་རྟོག་པའི 	།_། 	bstod tshogs ka_.txt	།_།  རྟོག་པ  ཙམ་ཞེས  ཁྱོད་ཀྱིས་གསུངས  །_།  གང ་གིས  སྟོང་པ  -ར  རྣམ་རྟོག་པའི  །_། 
_།_།  གང ་ཡང 	མིན 	ཡོད 	མིན་གང 	ལགས་དང 	_།_། 	གང	་ཡང 	གཅིག 	མིན 	དུ་མ 	-འང་མིན 	bstod tshogs ka_.txt	མིན  ཡོད  མིན་གང  ལགས་དང  _།_།  གང ་ཡང  གཅིག  མིན  དུ་མ  -འང་མིན 
_།_།  གང ་ཡང 	བསམ 	མི 	ཁྱབ་དང 	དཔེ་མེད་དང 	_།_། 	གང	་ཡང 	མི 	སྐྱེ 	མི 	འགག་དང 	bstod tshogs ka_.txt	བསམ  མི  ཁྱབ་དང  དཔེ་མེད་དང  _།_།  གང ་ཡང  མི  སྐྱེ  མི  འགག་དང 
།_།  གང  ལ་རྫས་ཤིག 	མེད 	རྟག་པ 	མེད་པ 	-ར་གསུངས 	།_། 	གང 	ལ་རྫས་ཤིག 	སྐྱེ 	འགྱུར་བ 	།_། 	དེ་ལ 	bstod tshogs ka_.txt	མེད  རྟག་པ  མེད་པ  -ར་གསུངས  །_།  གང  ལ་རྫས་ཤིག  སྐྱེ  འགྱུར་བ  །_།  དེ་ལ 
།_།  གང  ཚེ་གཉིས 	བྱ 	ཡོད་པ 	-ས་དེ 	ཤེས་བཞིན 	།_། 	གང 	ཚེ་གཉིས 	ཀ 	མ 	སྐྱེས་པར 	།_། 	bstod tshogs ka_.txt	བྱ  ཡོད་པ  -ས་དེ  ཤེས་བཞིན  །_།  གང  ཚེ་གཉིས  ཀ  མ  སྐྱེས་པར  །_། 
།_།  གང ་ཡང 	།_། 	ངེས་པ 	-འི 	དོན་ཏོ་ཞེས་ཀྱང་བསྟན 	།_། 	གང	་ཡང 	སྐྱེ་དང 	འགག་ལ་སོགས 	།_། 	སེམས 	bstod tshogs ka_.txt	།_།  ངེས་པ  -འི  དོན་ཏོ་ཞེས་ཀྱང་བསྟན  །_།  གང ་ཡང  སྐྱེ་དང  འགག་ལ་སོགས  །_།  སེམས 
 གང ་གིས 						གང	་གིས 	རང 	ཕྱིན་ཏེ 	།_། 	བསོད 	bstod tshogs ka_.txt	     གང ་གིས  རང  ཕྱིན་ཏེ  །_།  བསོད 
 གང  ཐོབ་དེས 						གང 	ཐོབ་དེས 	།_། 	འགྲོ་བ 	ཁྱོད་དང 	མཚུངས་པ 	bstod tshogs ka_.txt	     གང  ཐོབ་དེས  །_།  འགྲོ་བ  ཁྱོད་དང  མཚུངས་པ 
 གང  བསྟན་པ 						གང 	བསྟན་པ 	།_། 	དེ་ནི 	ཁྱོད་ཀྱི 	ངོ་མཚར་ལགས 	bstod tshogs ka_.txt	     གང  བསྟན་པ  །_།  དེ་ནི  ཁྱོད་ཀྱི  ངོ་མཚར་ལགས 
།_།  གང ་ཞིག 	།_། 	སླད་ཀྱིས་ཀྱང་ནི 	བཟློག 	པར་མཛད 	།_། 	གང	་ཞིག 	རྐྱེན་ལས་དེ 	མ་མཆིས 	།_། 	དངོས 	bstod tshogs ka_.txt	།_།  སླད་ཀྱིས་ཀྱང་ནི  བཟློག  པར་མཛད  །_།  གང ་ཞིག  རྐྱེན་ལས་དེ  མ་མཆིས  །_།  དངོས 
།_།  གང  དག 	།_། 	སྤྲོས་པ 	རྣམས་ནི 	བཅད་པ་ལགས 	།_། 	གང 	དག 	ཚོགས་ལས 	རབ 	གྲུབ་ན 	།_། 	bstod tshogs ka_.txt	།_།  སྤྲོས་པ  རྣམས་ནི  བཅད་པ་ལགས  །_།  གང  དག  ཚོགས་ལས  རབ  གྲུབ་ན  །_། 
།_།  གང ་ནས་ཀྱང་ནི 	འདི 	ལྟར 	སྟོན་པ 	ཁྱོད་ཀྱིས་གཟིགས 	།_། 	གང	་ནས་ཀྱང་ནི 	མཆི་མ་ལགས 	།_། 	གང་དུ་ཡང་ནི 	མཆིས 	bstod tshogs ka_.txt	འདི  ལྟར  སྟོན་པ  ཁྱོད་ཀྱིས་གཟིགས  །_།  གང ་ནས་ཀྱང་ནི  མཆི་མ་ལགས  །_།  གང་དུ་ཡང་ནི  མཆིས 
།_།  གང  དག་གིས་ནི 	།_། 	ཁྱོད་ཀྱིས 	དགོངས་ནས 	གསུངས་པ་དང 	།_། 	གང 	དག་གིས་ནི 	དེ་ལྟར་རྟོགས 	།_། 	དེ 	དག 	bstod tshogs ka_.txt	།_།  ཁྱོད་ཀྱིས  དགོངས་ནས  གསུངས་པ་དང  །_།  གང  དག་གིས་ནི  དེ་ལྟར་རྟོགས  །_།  དེ  དག 
 གང ་གིས 						གང	་གིས 	རྣམ་ཤེས་པ 	།_། 	དེ 	ཚེ་དེ་ལ་ཇི 	bstod tshogs ka_.txt	     གང ་གིས  རྣམ་ཤེས་པ  །_།  དེ  ཚེ་དེ་ལ་ཇི 
བསོད་ནམས  གང ་ཡིན་དེས 	ཁྱོད 	བསྟོད་པའི 	།_། 	བདག་གིས 	བསོད་ནམས 	གང	་ཡིན་དེས 	།_། 	འཇིག 	རྟེན 	ཡང་དག 	bstod tshogs ka_.txt	ཁྱོད  བསྟོད་པའི  །_།  བདག་གིས  བསོད་ནམས  གང ་ཡིན་དེས  །_།  འཇིག  རྟེན  ཡང་དག 
།_།  གང ་གིས 	ནུར 	གྱུར་པ་ལ 	ཕྱག 	འཚལ་ལོ 	།_། 	གང	་གིས 	ཚུ་རོལ 	ཕ་རོལ་སྤངས 	།_། 	ཤེས 	bstod tshogs ka_.txt	ནུར  གྱུར་པ་ལ  ཕྱག  འཚལ་ལོ  །_།  གང ་གིས  ཚུ་རོལ  ཕ་རོལ་སྤངས  །_།  ཤེས 
།_།  གང ་ལ 	བླ 	མེད་དེ་ལ 	ཕྱག 	འཚལ་བསྟོད 	།_། 	གང	་ལ 	མཁྱེན་དང 	མི 	མཁྱེན་མེད 	།_། 	bstod tshogs ka_.txt	བླ  མེད་དེ་ལ  ཕྱག  འཚལ་བསྟོད  །_།  གང ་ལ  མཁྱེན་དང  མི  མཁྱེན་མེད  །_། 
།_།  གང ་ལ 	རྣལ 	འབྱོར་པ་དང 	ཐ 	མལ་དང 	།_། 	གང	་ལ 	བསྒོམ་དང 	མི 	བསྒོམ་མེད 	།_། 	bstod tshogs ka_.txt	རྣལ  འབྱོར་པ་དང  ཐ  མལ་དང  །_།  གང ་ལ  བསྒོམ་དང  མི  བསྒོམ་མེད  །_། 
།_།  གང ་ཞིག 	བླ 	མེད་དེ་ལ 	ཕྱག 	འཚལ་ལོ 	།_། 	གང	་ཞིག 	གཅིག་པུ 	ཡེ་ཤེས་གསལ 	།_། 	མ 	bstod tshogs ka_.txt	བླ  མེད་དེ་ལ  ཕྱག  འཚལ་ལོ  །_།  གང ་ཞིག  གཅིག་པུ  ཡེ་ཤེས་གསལ  །_།  མ 
།_།  གང ་ཞིག 	བླ 	མེད་དེ་ལ 	ཕྱག 	འཚལ་ལོ 	།_། 	གང	་ཞིག 	རགས་དང 	ཕྲ་བ་དང 	།_། 	ལྕི་བ་དང་ནི 	bstod tshogs ka_.txt	བླ  མེད་དེ་ལ  ཕྱག  འཚལ་ལོ  །_།  གང ་ཞིག  རགས་དང  ཕྲ་བ་དང  །_།  ལྕི་བ་དང་ནི 
།_།  གང ་གིས 	བླ 	མེད་དེ་ལ 	ཕྱག 	འཚལ་ལོ 	།_། 	གང	་གིས 	སྲིན་བུ 	-འི 	སྟོབས་ཀྱིས་ནི 	།_། 	bstod tshogs ka_.txt	བླ  མེད་དེ་ལ  ཕྱག  འཚལ་ལོ  །_།  གང ་གིས  སྲིན་བུ  -འི  སྟོབས་ཀྱིས་ནི  །_། 
 གང ་གིས 	གང་ཞིག 	ཐང་ལ 	མཆི་བ་ལྟར 	།_། 		གང	་གིས 	སྣང་བ 	-ས 	མུན་བསལ་བ 	།_། 	bstod tshogs ka_.txt	གང་ཞིག  ཐང་ལ  མཆི་བ་ལྟར  །_།   གང ་གིས  སྣང་བ  -ས  མུན་བསལ་བ  །_། 
།_།  གང ་ཞིག 	བླ 	མེད་དེ་ལ 	ཕྱག 	འཚལ་ལོ 	།_། 	གང	་ཞིག 	སྤྲུལ 	ལྡན 	རྫུ་འཕྲུལ་གྱིས 	།_། 	bstod tshogs ka_.txt	བླ  མེད་དེ་ལ  ཕྱག  འཚལ་ལོ  །_།  གང ་ཞིག  སྤྲུལ  ལྡན  རྫུ་འཕྲུལ་གྱིས  །_། 
།_།  གང ་གིས་ལམ 	གར 	མཁན 	རྐང་པ 	བསྐྱོད་པ་ལ 	།_། 	གང	་གིས་ལམ 	གཟིགས་ལམ 	མཁྱེན་པ 	།_། 	བླ 	bstod tshogs ka_.txt	གར  མཁན  རྐང་པ  བསྐྱོད་པ་ལ  །_།  གང ་གིས་ལམ  གཟིགས་ལམ  མཁྱེན་པ  །_།  བླ 
 གང ་ཞིག་གིས་ནི 	མེད་དེ་ལ 	ཕྱག 	འཚལ་ལོ 	།_། 		གང	་ཞིག་གིས་ནི 	ཆ་ཤས་དང 	།_། 	དོན 	སྟོང 	bstod tshogs ka_.txt	མེད་དེ་ལ  ཕྱག  འཚལ་ལོ  །_།   གང ་ཞིག་གིས་ནི  ཆ་ཤས་དང  །_།  དོན  སྟོང 
།_།  གང  འདི 	-འི 	རོལ་པ 	འདི 	མངའ་ན 	།_། 	གང 	འདི 	-ར 	བདག་ནི 	སྡུག་བསྔལ་གྱིས 	གཟིར་ཀྱང 	bstod tshogs ka_.txt	-འི  རོལ་པ  འདི  མངའ་ན  །_།  གང  འདི  -ར  བདག་ནི  སྡུག་བསྔལ་གྱིས  གཟིར་ཀྱང 
ཅན་ནི  གང ་ཡིན་ཞེས 	-ས་ཉེས 	།_། 	འདི་ན 	སྡུག་བསྔལ 	ཅན་ནི 	གང	་ཡིན་ཞེས 	།_། 	གླེན་གང་གང་གིས 	ཕུན་ཚོགས 	ཟད 	bstod tshogs ka_.txt	-ས་ཉེས  །_།  འདི་ན  སྡུག་བསྔལ  ཅན་ནི  གང ་ཡིན་ཞེས  །_།  གླེན་གང་གང་གིས  ཕུན་ཚོགས  ཟད 
།_།  གང ་ཞིག་ལ་ནི 	མ 	གཟིགས 	ཀྱེ་མ 	ངོ་མཚར་ཆེ 	།_། 	གང	་ཞིག་ལ་ནི 	ཚིག 	སྦྱིན 	གང་ཞིག་ལ 	།_། 	bstod tshogs ka_.txt	མ  གཟིགས  ཀྱེ་མ  ངོ་མཚར་ཆེ  །_།  གང ་ཞིག་ལ་ནི  ཚིག  སྦྱིན  གང་ཞིག་ལ  །_། 
།_།  གང ་དེ 	གཅོད 	མཛད 	སྨན་པ 	ཆེན་པོ་ནི 	།_། 	གང	་དེ 	ཁྱེད་ཀྱང 	བདག་ལ 	སྤོང 	མཛད་ན 	bstod tshogs ka_.txt	གཅོད  མཛད  སྨན་པ  ཆེན་པོ་ནི  །_།  གང ་དེ  ཁྱེད་ཀྱང  བདག་ལ  སྤོང  མཛད་ན 
།_།  གང ་ཡིན 	ཙམ 	བརྗོད་ལས 	བདག་གིས་དགེ 	བསགས་པ 	།_། 	གང	་ཡིན 	དེ 	-ས་ནི 	འགྲོ་ལ 	བསོད་ནམས་དག 	bstod tshogs ka_.txt	ཙམ  བརྗོད་ལས  བདག་གིས་དགེ  བསགས་པ  །_།  གང ་ཡིན  དེ  -ས་ནི  འགྲོ་ལ  བསོད་ནམས་དག 
-ས  གང ས་རི 	འཚལ་བས 	།_། 	བསོད 	ནམ 	-ས 	གང	ས་རི 	-འི 	ཁ་དོག 	ལྟར 	དཀའ 	bstod tshogs ka_.txt	འཚལ་བས  །_།  བསོད  ནམ  -ས  གང ས་རི  -འི  ཁ་དོག  ལྟར  དཀའ 
 གང  བསགས་པ 						གང 	བསགས་པ 	།_། 	དེས་ནི 	སེམས་ཅན 	མ 	bstod tshogs ka_.txt	     གང  བསགས་པ  །_།  དེས་ནི  སེམས་ཅན  མ 
།_།  གང ་གིས 	ཤཱཀྱ 	ཐུབ་པ་ལ 	ཕྱག 	འཚལ་ལོ 	།_། 	གང	་གིས 	དང་པོ 	-ར 	བྱང་ཆུབ 	ཐུགས་བསྐྱེད་ནས 	bstod tshogs ka_.txt	ཤཱཀྱ  ཐུབ་པ་ལ  ཕྱག  འཚལ་ལོ  །_།  གང ་གིས  དང་པོ  -ར  བྱང་ཆུབ  ཐུགས་བསྐྱེད་ནས 
།_།  གང ་གིས 	ཟེར 	སྟོང 	ལྡན་དཀྱིལ 	འཁོར་ཅན 	།_། 	གང	་གིས 	སྟོབས་ནི 	བརྒྱན 	གྱུར་པ 	།_། 	bstod tshogs ka_.txt	ཟེར  སྟོང  ལྡན་དཀྱིལ  འཁོར་ཅན  །_།  གང ་གིས  སྟོབས་ནི  བརྒྱན  གྱུར་པ  །_། 
།_།  གང ་ཞིག 	ཕྱག 	བྱས 	ཕྱག 	འཚལ་ལོ 	།_། 	གང	་ཞིག 	སེམས་ཅན 	ཕན 	མཛད་ཅིང 	།_། 	bstod tshogs ka_.txt	ཕྱག  བྱས  ཕྱག  འཚལ་ལོ  །_།  གང ་ཞིག  སེམས་ཅན  ཕན  མཛད་ཅིང  །_། 
 གང  བསགས་པ 						གང 	བསགས་པ 	།_། 	དེས་ནི 	སེམས་ཅན 	ཐམས་ཅད་ཀྱང 	bstod tshogs ka_.txt	     གང  བསགས་པ  །_།  དེས་ནི  སེམས་ཅན  ཐམས་ཅད་ཀྱང 
 གང ་ལེགས་དང 						གང	་ལེགས་དང 	ཉེས་བྱས་པ 	།_། 	དེ་ཡིས 	བདག་ནི 	bstod tshogs ka_.txt	     གང ་ལེགས་དང  ཉེས་བྱས་པ  །_།  དེ་ཡིས  བདག་ནི 
།_།  གང ་ལ 	སྐྱོབ་པ 	འགའ་ཡང 	ཡོད 	མ་མཆིས 	།_། 	གང	་ལ 	སྐྱབས་སུ 	མཆི་བ 	-ར་བགྱི 	།_། 	bstod tshogs ka_.txt	སྐྱོབ་པ  འགའ་ཡང  ཡོད  མ་མཆིས  །_།  གང ་ལ  སྐྱབས་སུ  མཆི་བ  -ར་བགྱི  །_། 
 གང ་ལ 						གང	་ལ 	སྐྱབས་སུ་མཆི 	།_། 	ཇི 	སྲིད 	bstod tshogs ka_.txt	     གང ་ལ  སྐྱབས་སུ་མཆི  །_།  ཇི  སྲིད 
 གང ་གི 	བདག་ལ 	སེམས 	ཡོད་ན 	།_། 		གང	་གི 	བསྟན་ལ 	གནས་པ་དང 	།_། 	གང 	bstod tshogs ka_.txt	བདག་ལ  སེམས  ཡོད་ན  །_།   གང ་གི  བསྟན་ལ  གནས་པ་དང  །_།  གང 
 གང ་ཞིག་ལ་ནི 	བསྟོད་གང་ལ 	བསྙེན་བཀུར་བགྱི 	།_། 			གང	་ཞིག་ལ་ནི 	ཉེས་པ་ཀུན 	།_། 	གཏན་ནས 	ཡོང་ཡེ 	bstod tshogs ka_.txt	བསྟོད་གང་ལ  བསྙེན་བཀུར་བགྱི  །_།    གང ་ཞིག་ལ་ནི  ཉེས་པ་ཀུན  །_།  གཏན་ནས  ཡོང་ཡེ 
 གང ་ལ་འང 	མི 	མངའ་ཞིང 	།_། 			གང	་ལ་འང 	རྣམ་པ 	ཐམས་ཅད་དུ 	།_། 	ཡོན་ཏན 	bstod tshogs ka_.txt	མི  མངའ་ཞིང  །_།    གང ་ལ་འང  རྣམ་པ  ཐམས་ཅད་དུ  །_།  ཡོན་ཏན 
།_།  གང ་གི 	གཞན་གྱི 	གནོད་པ 	བསལ་བ 	-འི་ཕྱིར 	།_། 	གང	་གི 	ཉེས་པ 	ཟད 	གྱུར་པ 	།_། 	bstod tshogs ka_.txt	གཞན་གྱི  གནོད་པ  བསལ་བ  -འི་ཕྱིར  །_།  གང ་གི  ཉེས་པ  ཟད  གྱུར་པ  །_། 
།_།  གང ་ཞིག 	དེ་ཡི 	བསྟན་ལ 	གནས་པ 	-འི་རིགས 	།_། 	གང	་ཞིག 	ཉེས་དེ 	གཞན་ལ་གནོད 	།_། 	དེ་ནི 	bstod tshogs ka_.txt	དེ་ཡི  བསྟན་ལ  གནས་པ  -འི་རིགས  །_།  གང ་ཞིག  ཉེས་དེ  གཞན་ལ་གནོད  །_།  དེ་ནི 
 གང  གཞན་སྨད 						གང 	གཞན་སྨད 	།_། 	ཉེས་པ 	རང་གི 	ཉེས 	bstod tshogs ka_.txt	     གང  གཞན་སྨད  །_།  ཉེས་པ  རང་གི  ཉེས 
 གང ་གིས་ཀྱང 						གང	་གིས་ཀྱང 	།_། 	ཆོས་དང 	ལྡན་པ 	-ར 	bstod tshogs ka_.txt	     གང ་གིས་ཀྱང  །_།  ཆོས་དང  ལྡན་པ  -ར 
།_།  གང ་ཞིག 	དེ་ཡི 	ཕྱོགས 	གཅིག 	བསྒྲིམས་ཏེ་བརྗོད 	།_། 	གང	་ཞིག 	གཞན་ལ 	སློབ་པ་དང 	།_། 	དམན 	bstod tshogs ka_.txt	དེ་ཡི  ཕྱོགས  གཅིག  བསྒྲིམས་ཏེ་བརྗོད  །_།  གང ་ཞིག  གཞན་ལ  སློབ་པ་དང  །_།  དམན 
 གང  །_། 						གང 	།_། 	ཉེས་པ 	ཟད་ཀྱང་དེ 	སློབ་ཅིང 	།_། 	bstod tshogs ka_.txt	     གང  །_།  ཉེས་པ  ཟད་ཀྱང་དེ  སློབ་ཅིང  །_། 
 གང  ཕྱིར 						གང 	ཕྱིར 	དོན་གྱིས 	ཁྱོད 	མི་སློབ 	།_། 	bstod tshogs ka_.txt	     གང  ཕྱིར  དོན་གྱིས  ཁྱོད  མི་སློབ  །_། 
 གང ་གི 						གང	་གི 	ཡོན་ཏན་གྲངས 	དག་དང 	།_། 	མཐུ་ལ 	bstod tshogs ka_.txt	     གང ་གི  ཡོན་ཏན་གྲངས  དག་དང  །_།  མཐུ་ལ 
 གང  །_། 						གང 	།_། 	དེ 	འདྲ 	སྲོག་ཆགས 	འགུམ་པ་ལས 	bstod tshogs ka_.txt	     གང  །_།  དེ  འདྲ  སྲོག་ཆགས  འགུམ་པ་ལས 
 གང  །_། 						གང 	།_། 	བདག་གི་དེ་ནི 	ངོ་མཚར་དགོངས 	།_། 	ཁྱོད་ནི 	bstod tshogs ka_.txt	     གང  །_།  བདག་གི་དེ་ནི  ངོ་མཚར་དགོངས  །_།  ཁྱོད་ནི 
།_།  གང ་ཡང 	གཙོ་བོ 	ཐུགས་རྗེ 	-ར 	གྱུར་པ་གང 	།_། 	གང	་ཡང 	གཤེད་མ 	ཉིད་ཀྱིས་ནི 	།_། 	རལ 	bstod tshogs ka_.txt	གཙོ་བོ  ཐུགས་རྗེ  -ར  གྱུར་པ་གང  །_།  གང ་ཡང  གཤེད་མ  ཉིད་ཀྱིས་ནི  །_།  རལ 
།_།  གང ་གི 	།_། 	ལྟ་དང 	ང་རྒྱལ 	སྣང་མེད་པ 	།_། 	གང	་གི 	ཤེས་རབ་ཀྱིས་ནི་བསལ 	།_། 	ཐུགས་ནི 	ཐུགས་རྗེ 	bstod tshogs ka_.txt	།_།  ལྟ་དང  ང་རྒྱལ  སྣང་མེད་པ  །_།  གང ་གི  ཤེས་རབ་ཀྱིས་ནི་བསལ  །_།  ཐུགས་ནི  ཐུགས་རྗེ 
བདེ་བ  གང ་དེ 	ཐུན་མོང 	མ 	ལགས་པའི 	།_། 	བདེ་བ 	གང	་དེ 	གྱ 	ནོམ་ཡང 	།_། 	དམ་པ 	bstod tshogs ka_.txt	ཐུན་མོང  མ  ལགས་པའི  །_།  བདེ་བ  གང ་དེ  གྱ  ནོམ་ཡང  །_།  དམ་པ 
།_།  གང ་ཞིག 	དུད 	འགྲོ 	དུ་མ 	རྣམས་ལ་ཡང 	།_། 	གང	་ཞིག 	ཡེ་ཤེས 	རྣམ་དག་ཕྱིར 	།_། 	ཇི 	bstod tshogs ka_.txt	དུད  འགྲོ  དུ་མ  རྣམས་ལ་ཡང  །_།  གང ་ཞིག  ཡེ་ཤེས  རྣམ་དག་ཕྱིར  །_།  ཇི 
།_།  གང ་ཞིག 	ཚིགས་སུ 	བཅད་པ 	-འི 	ཕྱེད་ཙམ་ཡང 	།_། 	གང	་ཞིག 	ཤེས་རབ་རྣམ 	འཕེལ་ཕྱིར 	།_། 	ཇི 	bstod tshogs ka_.txt	ཚིགས་སུ  བཅད་པ  -འི  ཕྱེད་ཙམ་ཡང  །_།  གང ་ཞིག  ཤེས་རབ་རྣམ  འཕེལ་ཕྱིར  །_།  ཇི 
 གང  _།_། 						གང 	_།_། 	སྐྱེ་བོ 	-ས 	ཐོབ་པ 	-ར 	bstod tshogs ka_.txt	     གང  _།_།  སྐྱེ་བོ  -ས  ཐོབ་པ  -ར 
།_།  གང  ཚེ 	ཁྱོད་ཀྱི 	དགོངས 	འདྲ 	ག་ལ་མཆིས 	།_། 	གང 	ཚེ 	ཁྱོད་ཀྱིས 	དགོངས་པ 	-འི་དཀྱེལ 	།_། 	bstod tshogs ka_.txt	ཁྱོད་ཀྱི  དགོངས  འདྲ  ག་ལ་མཆིས  །_།  གང  ཚེ  ཁྱོད་ཀྱིས  དགོངས་པ  -འི་དཀྱེལ  །_། 
།_།  གང ་ཞིག 	-འི 	མཐའ 	ལ་མ 	ཆགས་པས 	།_། 	གང	་ཞིག 	ཁ་ཅིག་གིས 	སྐྱོན་མིན 	།_། 	ཁྱོད་ཀྱི 	bstod tshogs ka_.txt	-འི  མཐའ  ལ་མ  ཆགས་པས  །_།  གང ་ཞིག  ཁ་ཅིག་གིས  སྐྱོན་མིན  །_།  ཁྱོད་ཀྱི 
ལེགས་པ  གང ་ཅི 	མང་པོ་ཡིན 	།_། 	འཇིག 	རྟེན 	ལེགས་པ 	གང	་ཅི 	-འང་རུང 	།_། 	ཐམས་ཅད 	སྔོ 	bstod tshogs ka_.txt	མང་པོ་ཡིན  །_།  འཇིག  རྟེན  ལེགས་པ  གང ་ཅི  -འང་རུང  །_།  ཐམས་ཅད  སྔོ 
།_།  གང ་ཡང 	རུ 	-འི 	རྭ་དང 	འདྲ་བ་གང 	།_། 	གང	་ཡང 	ཁྱོད་ཀྱི 	རྗེས་འགྲོ་སློབ 	།_། 	གྲོལ་བ 	bstod tshogs ka_.txt	རུ  -འི  རྭ་དང  འདྲ་བ་གང  །_།  གང ་ཡང  ཁྱོད་ཀྱི  རྗེས་འགྲོ་སློབ  །_།  གྲོལ་བ 
 གང  བརྙེས་ནས་ཁྱོད 						གང 	བརྙེས་ནས་ཁྱོད 	།_། 	མཆོག་ཏུ 	གྱུར་པ 	དེ་ཉིད་དང 	bstod tshogs ka_.txt	     གང  བརྙེས་ནས་ཁྱོད  །_།  མཆོག་ཏུ  གྱུར་པ  དེ་ཉིད་དང 
།_།  གང  ཕྱིར་གཉིས 	ཡང་ན 	དེ་ཡང 	ཁྱོད 	མཚུངས་མིན 	།_། 	གང 	ཕྱིར་གཉིས 	ཀ 	མཉམ་པ་ནི 	།_། 	ཚད 	bstod tshogs ka_.txt	ཡང་ན  དེ་ཡང  ཁྱོད  མཚུངས་མིན  །_།  གང  ཕྱིར་གཉིས  ཀ  མཉམ་པ་ནི  །_།  ཚད 
།_།  གང ་ལ 	སུ 	-ས་ཀྱང 	རྟོགས 	མི་འགྱུར 	།_། 	གང	་ལ 	སྤྱི 	ཙམ 	བསྒྲུན་ནས་ནི 	།_། 	bstod tshogs ka_.txt	སུ  -ས་ཀྱང  རྟོགས  མི་འགྱུར  །_།  གང ་ལ  སྤྱི  ཙམ  བསྒྲུན་ནས་ནི  །_། 
 གང  མ 						གང 	མ 	མཐོང་ངོ 	།_། 	ཁྱོད་ནི 	སྟོབས 	bstod tshogs ka_.txt	     གང  མ  མཐོང་ངོ  །_།  ཁྱོད་ནི  སྟོབས 
 གང ་གིས 	གནས་མ་ཡིན་ཡང 	།_། 				གང	་གིས 	རྒྱལ་བ 	-ར 	བྱ་བ 	-འི་རིགས 	bstod tshogs ka_.txt	གནས་མ་ཡིན་ཡང  །_།     གང ་གིས  རྒྱལ་བ  -ར  བྱ་བ  -འི་རིགས 
།_།  གང  ཚེ 	ཁྱོད 	བདག་ཉིད་ཀྱིས 	དགྱེས་པ 	-ར་མཛད 	།_། 	གང 	ཚེ 	བདུད 	རྣམས 	མངོན 	བཏུལ་བ 	bstod tshogs ka_.txt	ཁྱོད  བདག་ཉིད་ཀྱིས  དགྱེས་པ  -ར་མཛད  །_།  གང  ཚེ  བདུད  རྣམས  མངོན  བཏུལ་བ 
།_།  གང ་གི 	དེ 	ཉིད 	རྨད་དུ 	བྱུང་བ་ལགས 	།_། 	གང	་གི 	དེ་ལྟར 	བསམ 	མིན་ཡང 	།_། 	bstod tshogs ka_.txt	དེ  ཉིད  རྨད་དུ  བྱུང་བ་ལགས  །_།  གང ་གི  དེ་ལྟར  བསམ  མིན་ཡང  །_། 
 གང  །_། 						གང 	།_། 	མུ 	སྟེགས་ལས 	རྒྱལ་དེ 	སྨོས་ཅི 	bstod tshogs ka_.txt	     གང  །_།  མུ  སྟེགས་ལས  རྒྱལ་དེ  སྨོས་ཅི 
 གང  ལགས་དང 						གང 	ལགས་དང 	།_། 	དཔའ་བོ 	ཁྱོད་ཀྱིས 	མུ་སྟེགས་ལས 	bstod tshogs ka_.txt	     གང  ལགས་དང  །_།  དཔའ་བོ  ཁྱོད་ཀྱིས  མུ་སྟེགས་ལས 
 གང  །_། 						གང 	།_། 	ངོ 	མཚར 	མིན་ཞིང 	དགའ་བ་མིན 	bstod tshogs ka_.txt	     གང  །_།  ངོ  མཚར  མིན་ཞིང  དགའ་བ་མིན 
།_།  གང ་ཞིག 	འགྱུར་ན 	།_། 	ཁྱོད་ལ 	བསྟོད་དུ་ཅི་ཞིག་མཆིས 	།_། 	གང	་ཞིག 	འཕེལ་བ 	-འི 	རྒྱུ་མཚན་ཕྱིར 	།_། 	bstod tshogs ka_.txt	འགྱུར་ན  །_།  ཁྱོད་ལ  བསྟོད་དུ་ཅི་ཞིག་མཆིས  །_།  གང ་ཞིག  འཕེལ་བ  -འི  རྒྱུ་མཚན་ཕྱིར  །_། 
།།_།།  གང ་གིས 	བསྟོད་པ་ཞེས 	བྱ་བ་སྟེ 	ལེའུ 	བཞི་པའོ 	།།_།། 	གང	་གིས 	ཁྱོད་ཀྱི 	སྐུ 	མཐོང་བས 	།_། 	bstod tshogs ka_.txt	བསྟོད་པ་ཞེས  བྱ་བ་སྟེ  ལེའུ  བཞི་པའོ  །།_།།  གང ་གིས  ཁྱོད་ཀྱི  སྐུ  མཐོང་བས  །_། 
།_།  གང ་ཡང 	-ས 	སུ་ཞིག 	དད 	མི་མཛད 	།_། 	གང	་ཡང 	ལྟ་དང 	ཞི་བའམ 	།_། 	ཡུལ་ནི 	bstod tshogs ka_.txt	-ས  སུ་ཞིག  དད  མི་མཛད  །_།  གང ་ཡང  ལྟ་དང  ཞི་བའམ  །_།  ཡུལ་ནི 
མཐོང་དང  གང ་ཞིག་གིས 	སྐུ་དེ་གང་གིས་ནི 	།_། 	ལན 	བརྒྱ 	མཐོང་དང 	གང	་ཞིག་གིས 	།_། 	དང་པོ 	-ར 	མཐོང་བ་དེ་གཉིས་ཀ 	bstod tshogs ka_.txt	སྐུ་དེ་གང་གིས་ནི  །_།  ལན  བརྒྱ  མཐོང་དང  གང ་ཞིག་གིས  །_།  དང་པོ  -ར  མཐོང་བ་དེ་གཉིས་ཀ 
།_།  གང ་ཞིག་ཡི 	།_། 	ཁྱད 	པར་ལ 	མཁས་མ་ཡིན་ཡང 	།_། 	གང	་ཞིག་ཡི 	དགས 	རྣམས་ཀྱིས་ནི 	།_། 	ཁྱོད་ཀྱི 	bstod tshogs ka_.txt	།_།  ཁྱད  པར་ལ  མཁས་མ་ཡིན་ཡང  །_།  གང ་ཞིག་ཡི  དགས  རྣམས་ཀྱིས་ནི  །_།  ཁྱོད་ཀྱི 
།_།  གང ་གི 	ཕྲིན་ལས 	གསལ་བ 	-ར 	གྱུར་པ་ན 	།_། 	གང	་གི 	འབད་པ 	མེད་པ 	-ར་འཕྲུལ 	།_། 	bstod tshogs ka_.txt	ཕྲིན་ལས  གསལ་བ  -ར  གྱུར་པ་ན  །_།  གང ་གི  འབད་པ  མེད་པ  -ར་འཕྲུལ  །_། 
གཞན་ལ  གང ་ཞིག་ལ་ནི་རྟེན 	-འི 	སྐུ 	འདི་ནི 	།_། 	གཞན་ལ 	གང	་ཞིག་ལ་ནི་རྟེན 	།_། 	གཞན 	མི 	བས་ནི 	bstod tshogs ka_.txt	-འི  སྐུ  འདི་ནི  །_།  གཞན་ལ  གང ་ཞིག་ལ་ནི་རྟེན  །_།  གཞན  མི  བས་ནི 
གཞན  གང ་ཞིག་ལ་ལེགས 	གཤེགས་པ 	-འི 	ཡོན་ཏན་འདི 	།_། 	གཞན 	གང	་ཞིག་ལ་ལེགས 	གནས་འགྱུར 	།_། 	ཕུན 	སུམ 	bstod tshogs ka_.txt	གཤེགས་པ  -འི  ཡོན་ཏན་འདི  །_།  གཞན  གང ་ཞིག་ལ་ལེགས  གནས་འགྱུར  །_།  ཕུན  སུམ 
བཟོད་པ  གང ་དེ 	ཁྱོད་ནི 	ཐུགས་རྗེ་ཡིས 	བཅིངས་པས 	།_། 	བཟོད་པ 	གང	་དེ 	ངོ་མཚར་ལགས 	།_། 	དང་པོ 	-ར 	bstod tshogs ka_.txt	ཁྱོད་ནི  ཐུགས་རྗེ་ཡིས  བཅིངས་པས  །_།  བཟོད་པ  གང ་དེ  ངོ་མཚར་ལགས  །_།  དང་པོ  -ར 
 གང ་གིས 						གང	་གིས 	འཁོར་བ 	-ར་ཁྱོད 	།_། 	སྐྱོན 	bstod tshogs ka_.txt	     གང ་གིས  འཁོར་བ  -ར་ཁྱོད  །_།  སྐྱོན 
 གང  །_། 						གང 	།_། 	དེ 	ཁྱོད 	ཐུགས་རྗེ 	དུས 	bstod tshogs ka_.txt	     གང  །_།  དེ  ཁྱོད  ཐུགས་རྗེ  དུས 
 གང  །_། 						གང 	།_། 	ཉེར 	ཞི 	མཆོག་ལ 	གནས 	bstod tshogs ka_.txt	     གང  །_།  ཉེར  ཞི  མཆོག་ལ  གནས 
 གང  །_། 						གང 	།_། 	དེ་ནི 	བཞེད 	སྤྱོད 	མི 	bstod tshogs ka_.txt	     གང  །_།  དེ་ནི  བཞེད  སྤྱོད  མི 
 གང  །_། 						གང 	།_། 	གཞན 	དོན་གྲུབ 	པར 	མཛད 	bstod tshogs ka_.txt	     གང  །_།  གཞན  དོན་གྲུབ  པར  མཛད 
།_།  གང ་ཞིག 	གཏོར 	མ 	བཞིན་དུ 	བཏང་བ་ལགས 	།_། 	གང	་ཞིག 	རྗེས་སུ 	མི 	མཐུན་པའི 	།_། 	bstod tshogs ka_.txt	གཏོར  མ  བཞིན་དུ  བཏང་བ་ལགས  །_།  གང ་ཞིག  རྗེས་སུ  མི  མཐུན་པའི  །_། 
།_།  གང ་གི 	།_། 	ཐུགས 	རྗེ་དེ་ཡིས 	སྤྱོད་ལེགས་མང 	།_། 	གང	་གི 	སྨྲ་བ 	-ར 	བྱེད་པ 	-ར་ནུས 	bstod tshogs ka_.txt	།_།  ཐུགས  རྗེ་དེ་ཡིས  སྤྱོད་ལེགས་མང  །_།  གང ་གི  སྨྲ་བ  -ར  བྱེད་པ  -ར་ནུས 
།_།  གང  ཕྱིར 	ཁམས 	དབང་པོ 	-འི 	དབྱེ་བ་ཡིས 	།_། 	གང 	ཕྱིར 	བསམ་པ 	སྣ་ཚོགས་པ 	།_། 	དེ 	bstod tshogs ka_.txt	ཁམས  དབང་པོ  -འི  དབྱེ་བ་ཡིས  །_།  གང  ཕྱིར  བསམ་པ  སྣ་ཚོགས་པ  །_།  དེ 
།_།  གང ་ཞིག 	།_། 	ཁྱོད་ཀྱི 	གསུང་ནི་རྣམ 	བརྟགས་ན 	།_། 	གང	་ཞིག 	འཇམ་དང 	རྩུབ་པ་དང 	།_། 	གང་ཡང་དེ་གཉིས 	bstod tshogs ka_.txt	།_།  ཁྱོད་ཀྱི  གསུང་ནི་རྣམ  བརྟགས་ན  །_།  གང ་ཞིག  འཇམ་དང  རྩུབ་པ་དང  །_།  གང་ཡང་དེ་གཉིས 
 གང  དབྱེ 						གང 	དབྱེ 	-ར 	མེད་པས 	།_། 	ཡང་དང་ཡང་དུ 	bstod tshogs ka_.txt	     གང  དབྱེ  -ར  མེད་པས  །_།  ཡང་དང་ཡང་དུ 
།_།  གང  སླད 	ཁྱོད་ནི 	ཐུགས་དགོངས 	མ 	ཉམས་པས 	།_། 	གང 	སླད 	དུས 	མིན 	ཡུལ 	མིན་དང 	bstod tshogs ka_.txt	ཁྱོད་ནི  ཐུགས་དགོངས  མ  ཉམས་པས  །_།  གང  སླད  དུས  མིན  ཡུལ  མིན་དང 
།_།  གང ་གིས 	བསྟོད་པ 	-ར 	ནུས 	མ་ཡིན 	།_། 	གང	་གིས 	ཁྱོད་ཀྱང 	འདོད་ཆུང་བའི 	།_། 	རབ་ཏུ 	bstod tshogs ka_.txt	བསྟོད་པ  -ར  ནུས  མ་ཡིན  །_།  གང ་གིས  ཁྱོད་ཀྱང  འདོད་ཆུང་བའི  །_།  རབ་ཏུ 
 གང  ལགས་པ 						གང 	ལགས་པ 	།_། 	དེ 	བསམས 	ཁྱོད 	bstod tshogs ka_.txt	     གང  ལགས་པ  །_།  དེ  བསམས  ཁྱོད 
།_།  གང ་དེ 	མ 	མེད་པ 	རྙེད 	མཛད་པ 	།_། 	གང	་དེ 	ཆགས་སྡང 	མེད་པ 	-འི་ཕྱིར 	།_། 	bstod tshogs ka_.txt	མ  མེད་པ  རྙེད  མཛད་པ  །_།  གང ་དེ  ཆགས་སྡང  མེད་པ  -འི་ཕྱིར  །_། 
།_།  གང ་དུ 	དགའ་ན 	བསྐལ་པ 	-ར་ཡང 	གནས་ལ 	།_། 	གང	་དུ 	བདུད་ཀྱིས 	མི 	རྫི་བ 	།_། 	bstod tshogs ka_.txt	དགའ་ན  བསྐལ་པ  -ར་ཡང  གནས་ལ  །_།  གང ་དུ  བདུད་ཀྱིས  མི  རྫི་བ  །_། 
།_།  གང  ཚེ 	།_། 	ཤེས 	རབ་གསུམ་པོ་རྣམ 	འཕེལ་ཕྱིར 	།_། 	གང 	ཚེ 	སེམས་ནི 	ངེས 	སྦྱར་དང 	།_། 	bstod tshogs ka_.txt	།_།  ཤེས  རབ་གསུམ་པོ་རྣམ  འཕེལ་ཕྱིར  །_།  གང  ཚེ  སེམས་ནི  ངེས  སྦྱར་དང  །_། 
 གང  ལགས 						གང 	ལགས 	དེ་ལས་ནི 	།_། 	སྡུག 	བསྔལ 	bstod tshogs ka_.txt	     གང  ལགས  དེ་ལས་ནི  །_།  སྡུག  བསྔལ 
།།_།།  གང ་ཞིག 	བསྟོད་པ་ཞེས 	བྱ་བ་སྟེ 	ལེའུ 	བརྒྱད་པའོ 	།།_།། 	གང	་ཞིག 	སྔ་མ 	-ར 	སྨོན་ལམ་མཛད 	།_། 	bstod tshogs ka_.txt	བསྟོད་པ་ཞེས  བྱ་བ་སྟེ  ལེའུ  བརྒྱད་པའོ  །།_།།  གང ་ཞིག  སྔ་མ  -ར  སྨོན་ལམ་མཛད  །_། 
།_།  གང  མཐའ 	ཆོས 	བསྟན་པ 	-ས་ནི 	བྱེད་པ་ན 	།_། 	གང 	མཐའ 	-ར 	བདེ་བ 	སྒྲུབ་པ 	-འི་ཕྱིར 	bstod tshogs ka_.txt	ཆོས  བསྟན་པ  -ས་ནི  བྱེད་པ་ན  །_།  གང  མཐའ  -ར  བདེ་བ  སྒྲུབ་པ  -འི་ཕྱིར 
།_།  གང ་ཞིག 	འདོགས་མཛད 	།_། 	ལྡོག་པ་ན་ནི 	འགོད་པ་མཛད 	།_། 	གང	་ཞིག 	དད་པ 	-ས 	བརླན 	སེམས་ཀྱིས 	bstod tshogs ka_.txt	འདོགས་མཛད  །_།  ལྡོག་པ་ན་ནི  འགོད་པ་མཛད  །_།  གང ་ཞིག  དད་པ  -ས  བརླན  སེམས་ཀྱིས 
།_།  གང ་ཞིག 	།_། 	འཇིགས 	འཇོམས 	མཛད་པ་ཅི་ངོ་མཚར 	།_། 	གང	་ཞིག 	ཆོས་ལ 	མངོན་འདོད་པས 	།_། 	ཁྱོད་ལ 	bstod tshogs ka_.txt	།_།  འཇིགས  འཇོམས  མཛད་པ་ཅི་ངོ་མཚར  །_།  གང ་ཞིག  ཆོས་ལ  མངོན་འདོད་པས  །_།  ཁྱོད་ལ 
 གང  །_། 						གང 	།_། 	ཞི 	བར 	གྱུར་པ་དེ་ལ་ཡང 	།_། 	bstod tshogs ka_.txt	     གང  །_།  ཞི  བར  གྱུར་པ་དེ་ལ་ཡང  །_། 
 གང ་ཞིག 	མཚར 	མིན 				གང	་ཞིག 	ཐུགས་རྗེ 	-འི་བདག 	_། 	ཁྱོད་ནི 	bstod tshogs ka_.txt	མཚར  མིན     གང ་ཞིག  ཐུགས་རྗེ  -འི་བདག  _།  ཁྱོད་ནི 
།_།  གང ་ཞིག 	ཏོག 	གཅིག་ནི 	རབ 	ཕུལ་བས 	།_། 	གང	་ཞིག 	ངན་འགྲོ 	-ར 	ལྟུང 	མ་གྱུར 	bstod tshogs ka_.txt	ཏོག  གཅིག་ནི  རབ  ཕུལ་བས  །_།  གང ་ཞིག  ངན་འགྲོ  -ར  ལྟུང  མ་གྱུར 
།_།  གང ་ཞིག་གིས 	གྲོགས་ཀྱི 	ཕུལ་ཡང 	ཁྱོད 	ལགས་སོ 	།_། 	གང	་ཞིག་གིས 	ཁྱོད 	མཐོང 	ཙམ་གྱིས 	།_། 	bstod tshogs ka_.txt	གྲོགས་ཀྱི  ཕུལ་ཡང  ཁྱོད  ལགས་སོ  །_།  གང ་ཞིག་གིས  ཁྱོད  མཐོང  ཙམ་གྱིས  །_། 
།_།  གང ་ཞིག 	ཡོན་ཏན 	ཀུན 	མངའ 	མཆོད་འོས་ཁྱོད 	།_། 	གང	་ཞིག 	མཐོང་བ 	ཙམ་གྱིས་ནི 	།_། 	ངན 	bstod tshogs ka_.txt	ཡོན་ཏན  ཀུན  མངའ  མཆོད་འོས་ཁྱོད  །_།  གང ་ཞིག  མཐོང་བ  ཙམ་གྱིས་ནི  །_།  ངན 
།_།  གང ་ཞིག 	ཐད་དུ 	ཕྱིན་ནས 	ཁྱོད 	མཚང་འབྲུ 	།_། 	གང	་ཞིག 	ས་བོན 	མེད་པ 	-ར་སྤངས 	།_། 	bstod tshogs ka_.txt	ཐད་དུ  ཕྱིན་ནས  ཁྱོད  མཚང་འབྲུ  །_།  གང ་ཞིག  ས་བོན  མེད་པ  -ར་སྤངས  །_། 
།_།  གང ་ཞིག 	ཀུན་ལ 	ཕན་པ 	-ར 	བཞེད་པ་ལགས 	།_། 	གང	་ཞིག 	བར་མ་ལ 	ཕན་བཞེད 	།_། 	དེ་ནི 	bstod tshogs ka_.txt	ཀུན་ལ  ཕན་པ  -ར  བཞེད་པ་ལགས  །_།  གང ་ཞིག  བར་མ་ལ  ཕན་བཞེད  །_།  དེ་ནི 
 གང ་ཞིག 	ཤིན་ཏུ 	ངོ་མཚར་མིན 	།_། 			གང	་ཞིག 	སླར་ཡང 	བྱས 	འཇོམས་པའི 	།_། 	bstod tshogs ka_.txt	ཤིན་ཏུ  ངོ་མཚར་མིན  །_།    གང ་ཞིག  སླར་ཡང  བྱས  འཇོམས་པའི  །_། 
།_།  གང ་དུ 	།_། 	ཁྱོད་ལ 	དབྱེ་བ 	མི་མངའོ 	།_། 	གང	་དུ 	རྒྱུ་ནི 	མེད་པ་ལ 	།_། 	ཁྱོད་ཀྱིས 	bstod tshogs ka_.txt	།_།  ཁྱོད་ལ  དབྱེ་བ  མི་མངའོ  །_།  གང ་དུ  རྒྱུ་ནི  མེད་པ་ལ  །_།  ཁྱོད་ཀྱིས 
 གང  །_། 						གང 	།_། 	སངས 	རྒྱས 	རྣམས་ཀྱི 	སངས་རྒྱས་ཀྱི 	bstod tshogs ka_.txt	     གང  །_།  སངས  རྒྱས  རྣམས་ཀྱི  སངས་རྒྱས་ཀྱི 
མཛད  གང ་དེ 	མ 	ཐོབ་པ 	།_། 	སྔོན 	མཛད 	གང	་དེ 	ངོ་མཚར་མིན 	།_། 	ཁྱོད་ཀྱིས 	ཞི་གནས 	bstod tshogs ka_.txt	མ  ཐོབ་པ  །_།  སྔོན  མཛད  གང ་དེ  ངོ་མཚར་མིན  །_།  ཁྱོད་ཀྱིས  ཞི་གནས 
།_།  གང  ཕྱིར 	དེ 	ཚེ 	ཁྱོད 	ལ་ག་ལ་སྟེ 	།_། 	གང 	ཕྱིར 	གཞན་མ 	སྤངས་ནས་ཀྱང 	།_། 	སྡུག 	bstod tshogs ka_.txt	དེ  ཚེ  ཁྱོད  ལ་ག་ལ་སྟེ  །_།  གང  ཕྱིར  གཞན་མ  སྤངས་ནས་ཀྱང  །_།  སྡུག 
ཁྱོད་ལ  གང ་དང་གང་དུ་ཡང 	མཐའ 	-ར 	ཕྱིན་པས 	།_། 	ཁྱོད་ལ 	གང	་དང་གང་དུ་ཡང 	།_། 	ཇི 	སྐད 	སྐུལ་ཡང 	bstod tshogs ka_.txt	མཐའ  -ར  ཕྱིན་པས  །_།  ཁྱོད་ལ  གང ་དང་གང་དུ་ཡང  །_།  ཇི  སྐད  སྐུལ་ཡང 
 གང ་ན 						གང	་ན 	དུག 	བཅས་ཤིང 	།_། 	ཞུགས 	bstod tshogs ka_.txt	     གང ་ན  དུག  བཅས་ཤིང  །_།  ཞུགས 
 གང  །_། 						གང 	།_། 	དེ་ནི 	ཁྱོད་ཀྱི 	ཐབས་མཁས་ལགས 	།_། 	bstod tshogs ka_.txt	     གང  །_།  དེ་ནི  ཁྱོད་ཀྱི  ཐབས་མཁས་ལགས  །_། 
།_།  གང  ཕྱིར 	ཤིན་ཏུ 	ཚིམ་དང 	རྗེས 	མཐུན་མིན 	།_། 	གང 	ཕྱིར 	གཞན་གྱིས 	ཚིམ་བྱེད་ལས 	།_། 	ཚིམ 	bstod tshogs ka_.txt	ཤིན་ཏུ  ཚིམ་དང  རྗེས  མཐུན་མིན  །_།  གང  ཕྱིར  གཞན་གྱིས  ཚིམ་བྱེད་ལས  །_།  ཚིམ 
ཁྱོད་ཀྱིས  གང ་ཞིག 	ཉོན་མོངས 	དྲང 	སླད་དུ 	།_། 	ཁྱོད་ཀྱིས 	གང	་ཞིག 	མ 	སྩལ་བའི 	།_། 	ཐབས་དང 	bstod tshogs ka_.txt	ཉོན་མོངས  དྲང  སླད་དུ  །_།  ཁྱོད་ཀྱིས  གང ་ཞིག  མ  སྩལ་བའི  །_།  ཐབས་དང 
།།_།།  གང  ཕྱིར 	བསྟོད་པ་ཞེས 	བྱ་བ་སྟེ 	ལེའུ 	བཅུ་གཉིས་པའོ 	།།_།། 	གང 	ཕྱིར 	མྱ་ངན་གྱིས 	ཉམས་པས 	།_། 	སྟོན་པ 	bstod tshogs ka_.txt	བསྟོད་པ་ཞེས  བྱ་བ་སྟེ  ལེའུ  བཅུ་གཉིས་པའོ  །།_།།  གང  ཕྱིར  མྱ་ངན་གྱིས  ཉམས་པས  །_།  སྟོན་པ 
།_།  གང ་གི 	ཁྱོད་ལ 	རྟག་ཏུ 	ཕྱག 	འཚལ་ལོ 	།_། 	གང	་གི 	ཁྱོད 	དྲིན་ལན 	ལོན་པའི 	།_། 	bstod tshogs ka_.txt	ཁྱོད་ལ  རྟག་ཏུ  ཕྱག  འཚལ་ལོ  །_།  གང ་གི  ཁྱོད  དྲིན་ལན  ལོན་པའི  །_། 
སྐྱེ་བོ  གང ་དག 	སྙམ 	མི 	བགྱིད་དེ 	།_། 	སྐྱེ་བོ 	གང	་དག 	མྱ་ངན་འདས 	།_། 	དེ 	དག་གིས་ཀྱང 	bstod tshogs ka_.txt	སྙམ  མི  བགྱིད་དེ  །_།  སྐྱེ་བོ  གང ་དག  མྱ་ངན་འདས  །_།  དེ  དག་གིས་ཀྱང 
 གང ་གིས 						གང	་གིས 	རྨད་བྱུང་གསུངས 	།_། 	ཐོག 	མར 	bstod tshogs ka_.txt	     གང ་གིས  རྨད་བྱུང་གསུངས  །_།  ཐོག  མར 
 གང  །_། 						གང 	།_། 	དེ་ལ 	ལན་གོ་ཅི་ཞིག་ལོན 	།_། 	ཁྱོད་ནི 	bstod tshogs ka_.txt	     གང  །_།  དེ་ལ  ལན་གོ་ཅི་ཞིག་ལོན  །_།  ཁྱོད་ནི 
།_།  གང ་ཞིག 	ཅན 	རྣམས་ལ 	བགྱི 	འཚལ་བ 	།_། 	གང	་ཞིག 	ཁྱོད་ཀྱིས 	མ 	མཛད་པ 	།_། 	bstod tshogs ka_.txt	ཅན  རྣམས་ལ  བགྱི  འཚལ་བ  །_།  གང ་ཞིག  ཁྱོད་ཀྱིས  མ  མཛད་པ  །_། 
 གང  ལགས་པ 						གང 	ལགས་པ 	།_། 	དེ 	ཕྱིར 	ཀུན་བདག་ལ 	bstod tshogs ka_.txt	     གང  ལགས་པ  །_།  དེ  ཕྱིར  ཀུན་བདག་ལ 
 གང  །_། 						གང 	།_། 	དེ་ནི 	ངེས་པ 	-ར 	བགྱིད 	bstod tshogs ka_.txt	     གང  །_།  དེ་ནི  ངེས་པ  -ར  བགྱིད 
།_།  གང  ཕྱིར་ལྡོག་པ 	།_། 	ཁྱོད་ཀྱིས 	མི 	སྤྱོད་པ་ཡིས་ཀྱང 	།_། 	གང 	ཕྱིར་ལྡོག་པ 	-འི 	མི 	འཐད་ན 	།_། 	bstod tshogs ka_.txt	།_།  ཁྱོད་ཀྱིས  མི  སྤྱོད་པ་ཡིས་ཀྱང  །_།  གང  ཕྱིར་ལྡོག་པ  -འི  མི  འཐད་ན  །_། 
།_།  གང ་ཞིག 	སེམས 	ཅན 	གཞན་དོན 	མཛད་པ་ཉིད 	།_། 	གང	་ཞིག 	ཐོག་མ 	དབུས 	མཐའ 	-ར་ཡང 	bstod tshogs ka_.txt	སེམས  ཅན  གཞན་དོན  མཛད་པ་ཉིད  །_།  གང ་ཞིག  ཐོག་མ  དབུས  མཐའ  -ར་ཡང 
།_།  གང  ཕྱིར 	དེའི 	འབྲས་གཟུགས་དང 	གཟུགས 	མེད་པའང 	།_། 	གང 	ཕྱིར 	ཁྱོད་ཀྱིས 	མ 	དགོངས་ཏེ 	།_། 	bstod tshogs ka_.txt	དེའི  འབྲས་གཟུགས་དང  གཟུགས  མེད་པའང  །_།  གང  ཕྱིར  ཁྱོད་ཀྱིས  མ  དགོངས་ཏེ  །_། 
 གང  འདུད་པ 						གང 	འདུད་པ 	།_། 	དེ 	དག་ལ་ཡང 	ཕྱག 	bstod tshogs ka_.txt	     གང  འདུད་པ  །_།  དེ  དག་ལ་ཡང  ཕྱག 
ཡུལ  གང ་དེ 	ཞབས 	རྡུལ་གྱིས 	བརྒྱན་པའི 	།_། 	ཡུལ 	གང	་དེ 	ལ 	-འང 	ཕྱག 	འཚལ་ནས 	bstod tshogs ka_.txt	ཞབས  རྡུལ་གྱིས  བརྒྱན་པའི  །_།  ཡུལ  གང ་དེ  ལ  -འང  ཕྱག  འཚལ་ནས 
།_།  གང  སླད 	ཡོངས་སུ 	མི 	ཤེས་པ 	བསྟན་ཏོ 	།_། 	གང 	སླད 	འགྲོ 	འདི 	-ས 	ཁྱོད་ལ 	bstod tshogs ka_.txt	ཡོངས་སུ  མི  ཤེས་པ  བསྟན་ཏོ  །_།  གང  སླད  འགྲོ  འདི  -ས  ཁྱོད་ལ 
སྨོན་ལམ  གང ་ཡིན་པའོ 	འཇུག་པ 	-ར 	འགྱུར་བ 	-འི 	སྨོན་ལམ 	གང	་ཡིན་པའོ 	།_། 	དེའི 	ཉེ་བ 	-ར 	bstod tshogs ka_.txt	འཇུག་པ  -ར  འགྱུར་བ  -འི  སྨོན་ལམ  གང ་ཡིན་པའོ  །_།  དེའི  ཉེ་བ  -ར 
།_།  གང  སླད 	ལོངས 	སྤྱད་པ 	ལ་སོ 	སོར་རྟོག་པའོ 	།_། 	གང 	སླད 	འགྲོ་བ 	མྱ་ངན 	མ 	འདས་ཞེས 	bstod tshogs ka_.txt	ལོངས  སྤྱད་པ  ལ་སོ  སོར་རྟོག་པའོ  །_།  གང  སླད  འགྲོ་བ  མྱ་ངན  མ  འདས་ཞེས 
།_།  གང  སླད 	འདི་དག་ནི 	རིགས 	ཡོད་པ 	ཉིད་ཡིན་ནོ 	།_། 	གང 	སླད 	གལ་ཏེ 	རང་ལ 	རག་ལས་ཞེས 	བྱ་བ 	bstod tshogs ka_.txt	འདི་དག་ནི  རིགས  ཡོད་པ  ཉིད་ཡིན་ནོ  །_།  གང  སླད  གལ་ཏེ  རང་ལ  རག་ལས་ཞེས  བྱ་བ 
དེ་ལ  གང ་ཞིག 	ཕ་རོལ་ཏུ 	ཕྱིན་པ 	དག་གོ 	།_། 	དེ་ལ 	གང	་ཞིག 	སྐྱེ་བོ 	དམན་དང 	ཕོངས་པ 	རེ་བ 	bstod tshogs ka_.txt	ཕ་རོལ་ཏུ  ཕྱིན་པ  དག་གོ  །_།  དེ་ལ  གང ་ཞིག  སྐྱེ་བོ  དམན་དང  ཕོངས་པ  རེ་བ 
།_།  གང  སླད 	ཚུལ་ཁྲིམས་ཀྱི 	ཕ་རོལ་ཏུ 	ཕྱིན་པ 	བསྟན་ཏོ 	།_། 	གང 	སླད 	མཁས་པ 	རྣམས་ཀྱི 	མི་དགེའི་ལས་ཀྱང་ཞེས 	བྱ་བ 	bstod tshogs ka_.txt	ཚུལ་ཁྲིམས་ཀྱི  ཕ་རོལ་ཏུ  ཕྱིན་པ  བསྟན་ཏོ  །_།  གང  སླད  མཁས་པ  རྣམས་ཀྱི  མི་དགེའི་ལས་ཀྱང་ཞེས  བྱ་བ 
 གང  སླད 						གང 	སླད 	ཤེས་རབ 	དོན་དམ་ཞེས 	བྱ་བ 	-འི 	bstod tshogs ka_.txt	     གང  སླད  ཤེས་རབ  དོན་དམ་ཞེས  བྱ་བ  -འི 
།_།  གང  སླད 	འདི་དག་གིས་ནི 	ཐབས་ལ 	མངའ་དབང 	མཛད་པའོ 	།_། 	གང 	སླད 	སྣ་ཚོགས 	ཐབས་ཀྱིས་ཞེས 	བྱ་བ 	འདི་དག་གིས་ནི 	bstod tshogs ka_.txt	འདི་དག་གིས་ནི  ཐབས་ལ  མངའ་དབང  མཛད་པའོ  །_།  གང  སླད  སྣ་ཚོགས  ཐབས་ཀྱིས་ཞེས  བྱ་བ  འདི་དག་གིས་ནི 
།_།  གང  སླད 	འདི་དག་གིས་ནི 	དེ 	-འི 	དགོས་པའོ 	།_། 	གང 	སླད 	ཁྱོད་ནི 	འགྲོ་བ 	-འི 	སྐྱེ་བ 	bstod tshogs ka_.txt	འདི་དག་གིས་ནི  དེ  -འི  དགོས་པའོ  །_།  གང  སླད  ཁྱོད་ནི  འགྲོ་བ  -འི  སྐྱེ་བ 
།_།  གང ་ཞིག 	ནུར 	གྱུར་པ་ལ 	ཕྱག 	འཚལ་ལོ 	།_། 	གང	་ཞིག 	སེར་སྐྱ 	-འི 	གཞི 	-ར་ནི 	bstod tshogs ka_.txt	ནུར  གྱུར་པ་ལ  ཕྱག  འཚལ་ལོ  །_།  གང ་ཞིག  སེར་སྐྱ  -འི  གཞི  -ར་ནི 
 གང ་གིས 	ཤཱཀྱ 	-འི 	རིགས་སུ་འཁྲུངས 	།_། 		གང	་གིས 	མཉམ 	དགར 	བྱང་ཆུབ 	དམ་པ 	bstod tshogs ka_.txt	ཤཱཀྱ  -འི  རིགས་སུ་འཁྲུངས  །_།   གང ་གིས  མཉམ  དགར  བྱང་ཆུབ  དམ་པ 
 གང ་གིས་ཝཱ་རཱ་ཎ་སཱིར 	ཐུགས་སུ་ཆུད 	།_། 				གང	་གིས་ཝཱ་རཱ་ཎ་སཱིར 	ཆོས་ཀྱི 	འཁོར་ལོ་བསྐོར 	།_། 	སཱ 	bstod tshogs ka_.txt	ཐུགས་སུ་ཆུད  །_།     གང ་གིས་ཝཱ་རཱ་ཎ་སཱིར  ཆོས་ཀྱི  འཁོར་ལོ་བསྐོར  །_།  སཱ 
 གང  བསགས་པ 						གང 	བསགས་པ 	།_། 	དེས་ནི 	བདག་གིས 	གནས་མཆོག 	bstod tshogs ka_.txt	     གང  བསགས་པ  །_།  དེས་ནི  བདག་གིས  གནས་མཆོག 
།_།  གང ་ཞིག 	འཇམ་པ 	-འི་མགོན་ལ 	ཕྱག 	འཚལ་ལོ 	།_། 	གང	་ཞིག 	བསྟོད་དུ 	བློ་བཟང 	རྣམས་ཀྱི 	བློ་གྲོས་དང 	bstod tshogs ka_.txt	འཇམ་པ  -འི་མགོན་ལ  ཕྱག  འཚལ་ལོ  །_།  གང ་ཞིག  བསྟོད་དུ  བློ་བཟང  རྣམས་ཀྱི  བློ་གྲོས་དང 
།_  གང  དག 	-ར 	འོས་པ 	དེ་དག་ཀྱང་གང 	ཞེ་ན 	།_ 	གང 	དག 	རང 	ཡོངས་སུ 	དག་པ 	-འི 	bstod tshogs ka_.txt	-ར  འོས་པ  དེ་དག་ཀྱང་གང  ཞེ་ན  །_  གང  དག  རང  ཡོངས་སུ  དག་པ  -འི 
དེ  གང ་དག་ལ 	དེ་ཉིད 	མཆོག 	ཆོས་ཡིན་ནོ 	།_། 	དེ 	གང	་དག་ལ 	ཡོད་པ 	དེ་དག་ལ 	དེ་སྐད་ཅེས 	བྱ་སྟེ 	bstod tshogs ka_.txt	དེ་ཉིད  མཆོག  ཆོས་ཡིན་ནོ  །_།  དེ  གང ་དག་ལ  ཡོད་པ  དེ་དག་ལ  དེ་སྐད་ཅེས  བྱ་སྟེ 
།_།  གང  དག་ལ 	མི 	གསལ་བ 	-ས 	མེད་པ་དང་འདྲའོ 	།_། 	གང 	དག་ལ 	ཐུགས་རྗེ 	-འི 	བདག་ཉིད 	ངོ་བོ 	bstod tshogs ka_.txt	མི  གསལ་བ  -ས  མེད་པ་དང་འདྲའོ  །_།  གང  དག་ལ  ཐུགས་རྗེ  -འི  བདག་ཉིད  ངོ་བོ 
།_།  གང  དག་ལ་དེ 	ཕུང་པོ 	ལྔ 	-འི 	རང་བཞིན་ནོ 	།_། 	གང 	དག་ལ་དེ 	སེལ་ཅིང 	འདོར་བ 	-འི 	ངང་ཚུལ 	bstod tshogs ka_.txt	ཕུང་པོ  ལྔ  -འི  རང་བཞིན་ནོ  །_།  གང  དག་ལ་དེ  སེལ་ཅིང  འདོར་བ  -འི  ངང་ཚུལ 
ཡོན་ཏན  གང ་དག 	བྱང་ཆུབ་ཀྱི 	ཡན་ལག་ལ 	སོགས་པ 	-འི 	ཡོན་ཏན 	གང	་དག 	ཡིན་པ 	ཀུན་ལ 	མཉམ་པ་དང 	མཐའ་མེད་པ 	bstod tshogs ka_.txt	བྱང་ཆུབ་ཀྱི  ཡན་ལག་ལ  སོགས་པ  -འི  ཡོན་ཏན  གང ་དག  ཡིན་པ  ཀུན་ལ  མཉམ་པ་དང  མཐའ་མེད་པ 
།_།  གང  དག་དེ 	དངོས 	གྲུབ་ནི 	ཡོངས་སུ 	གྲུབ་པའོ 	།_། 	གང 	དག་དེ 	སྩོལ་བ 	-འི 	ངང་ཚུལ 	ཡོད་པ་ཞེས 	bstod tshogs ka_.txt	དངོས  གྲུབ་ནི  ཡོངས་སུ  གྲུབ་པའོ  །_།  གང  དག་དེ  སྩོལ་བ  -འི  ངང་ཚུལ  ཡོད་པ་ཞེས 
མེད་པ  གང ་དག 	-འི 	ཡོན་ཏན 	དཔེ་མེད་ཅིང་སོ 	སོར་ཚད 	མེད་པ 	གང	་དག 	ཡིན་པ 	དེ་དག 	སྩོལ་བ་ཞེས 	བྱ་བ 	bstod tshogs ka_.txt	-འི  ཡོན་ཏན  དཔེ་མེད་ཅིང་སོ  སོར་ཚད  མེད་པ  གང ་དག  ཡིན་པ  དེ་དག  སྩོལ་བ་ཞེས  བྱ་བ 
།_  གང  དག་ལ 	རྣམས་ནི 	ཁྱད་པར་གྱི 	ཚིག 	བསྡུ་བ་ཡིན་ཏེ 	།_ 	གང 	དག་ལ 	གཞན་ལ 	ཕན་པ 	-འི 	རྒྱུ 	bstod tshogs ka_.txt	རྣམས་ནི  ཁྱད་པར་གྱི  ཚིག  བསྡུ་བ་ཡིན་ཏེ  །_  གང  དག་ལ  གཞན་ལ  ཕན་པ  -འི  རྒྱུ 
ཕྱིར  གང ་དག་ལ 	-ར 	དག་པ་ལ 	དམིགས་པ 	-འི 	ཕྱིར 	གང	་དག་ལ 	ཡུལ 	མཆོག་རབ 	ཡོད་པ་སྟེ 	།_ 	bstod tshogs ka_.txt	-ར  དག་པ་ལ  དམིགས་པ  -འི  ཕྱིར  གང ་དག་ལ  ཡུལ  མཆོག་རབ  ཡོད་པ་སྟེ  །_ 
 གང  །_། 						གང 	།_། 	ནམ 	མཁའ 	-འི 	ཁམས་སུ 	bstod tshogs ka_.txt	     གང  །_།  ནམ  མཁའ  -འི  ཁམས་སུ 
 གང  ན 						གང 	ན 	-འང་མེད 	།_། 	ནམ 	མཁའ 	bstod tshogs ka_.txt	     གང  ན  -འང་མེད  །_།  ནམ  མཁའ 
།_།  གང  དག 	མཉམ་པ 	-འི 	དཔེ 	ཉིད་དོ 	།_། 	གང 	དག 	མཉམ་པ 	-ས 	དཔེ 	ཡིན་པ 	bstod tshogs ka_.txt	མཉམ་པ  -འི  དཔེ  ཉིད་དོ  །_།  གང  དག  མཉམ་པ  -ས  དཔེ  ཡིན་པ 
 གང  ཕན་ཆད 						གང 	ཕན་ཆད 	བློ 	-ས་ཀྱང 	དབྲི་བ 	-ར 	bstod tshogs ka_.txt	     གང  ཕན་ཆད  བློ  -ས་ཀྱང  དབྲི་བ  -ར 
ཡོན་ཏན  གང ་ཡང 	མི 	ཟད་པ་ལ 	སོགས་པ 	-འི 	ཡོན་ཏན 	གང	་ཡང 	རུང་བ 	འགའ་ཞིག་གོ 	།_། 	དེའི 	bstod tshogs ka_.txt	མི  ཟད་པ་ལ  སོགས་པ  -འི  ཡོན་ཏན  གང ་ཡང  རུང་བ  འགའ་ཞིག་གོ  །_།  དེའི 
།_  གང  དག་ལ་དེ 	དག་གི 	གྲུབ་པ་ནི 	ཡོངས་སུ 	གྲུབ་པ་སྟེ 	།_ 	གང 	དག་ལ་དེ 	སྐལ་བ་ཇི 	ལྟ་བ 	བཞིན་དུ 	སྩོལ་བ 	bstod tshogs ka_.txt	དག་གི  གྲུབ་པ་ནི  ཡོངས་སུ  གྲུབ་པ་སྟེ  །_  གང  དག་ལ་དེ  སྐལ་བ་ཇི  ལྟ་བ  བཞིན་དུ  སྩོལ་བ 
དན་ནི  གང ་དག་ལ 	ཞེས 	འབྱུང་སྟེ 	།_ 	དེ་ལ 	དན་ནི 	གང	་དག་ལ 	སེམས་ཅན་གྱི 	ཁམས་ལ 	སྐལ་བ་ཇི 	ལྟ་བ 	bstod tshogs ka_.txt	ཞེས  འབྱུང་སྟེ  །_  དེ་ལ  དན་ནི  གང ་དག་ལ  སེམས་ཅན་གྱི  ཁམས་ལ  སྐལ་བ་ཇི  ལྟ་བ 
འདྲ་བ  གང ་ཡིན་དེ 	-ས 	བྱ་བ 	དཔེ་དང་ནི 	།_། 	འདྲ་བ 	གང	་ཡིན་དེ 	དཔེ་ཡིན 	།_། 	ཞེས 	བཤད་པ 	bstod tshogs ka_.txt	-ས  བྱ་བ  དཔེ་དང་ནི  །_།  འདྲ་བ  གང ་ཡིན་དེ  དཔེ་ཡིན  །_།  ཞེས  བཤད་པ 
 གང ་གིས་ན 						གང	་གིས་ན 	བཅོམ་ལྡན 	འདས་ཀྱི 	དཔེ 	-ར 	bstod tshogs ka_.txt	     གང ་གིས་ན  བཅོམ་ལྡན  འདས་ཀྱི  དཔེ  -ར 
 གང  །_། 						གང 	།_། 	ནམ 	མཁའ 	-འི 	ཁམས་སུ 	bstod tshogs ka_.txt	     གང  །_།  ནམ  མཁའ  -འི  ཁམས་སུ 
 གང  ན 						གང 	ན 	-འང་མེད 	།_། 	ཅེས 	ནམ་མཁའ་དང 	bstod tshogs ka_.txt	     གང  ན  -འང་མེད  །_།  ཅེས  ནམ་མཁའ་དང 
 གང ་ལ 						གང	་ལ 	འགག་པ་སྟེ 	རྒྱུན 	ཆད་པ 	མེད་པ 	bstod tshogs ka_.txt	     གང ་ལ  འགག་པ་སྟེ  རྒྱུན  ཆད་པ  མེད་པ 
 གང ་ལ 						གང	་ལ 	མི 	འགག་པ 	-འི 	ཆོས་ཉིད 	bstod tshogs ka_.txt	     གང ་ལ  མི  འགག་པ  -འི  ཆོས་ཉིད 
།_  གང ་ལ་དེ 	ཡུལ་དང 	དུས་མཐའ 	ཡས་ཤིང 	མ་ལུས་པ་ཡིན་ཏེ 	།_ 	གང	་ལ་དེ 	ཡོད་པ་དེ་ལ 	དེ་སྐད་ཅེས་བྱའོ 	།_། 	གང 	bstod tshogs ka_.txt	ཡུལ་དང  དུས་མཐའ  ཡས་ཤིང  མ་ལུས་པ་ཡིན་ཏེ  །_  གང ་ལ་དེ  ཡོད་པ་དེ་ལ  དེ་སྐད་ཅེས་བྱའོ  །_།  གང 
།_  གང  དག་ལ 	བྱ་བ 	འདི་ཉིད་ནི 	མཇུག 	སྡུད་པ་ཡིན་ཏེ 	།_ 	གང 	དག་ལ 	རྣམ་པ 	-ར 	མི་རྟོག་ཀྱང 	གཞན་ལ 	bstod tshogs ka_.txt	བྱ་བ  འདི་ཉིད་ནི  མཇུག  སྡུད་པ་ཡིན་ཏེ  །_  གང  དག་ལ  རྣམ་པ  -ར  མི་རྟོག་ཀྱང  གཞན་ལ 
དང་བཅས་པ  གང ་ཡིན་པ་དེ་ནི 	ངོ་བོ 	རྣམ་པ 	-ར 	རྟོག་པ 	དང་བཅས་པ 	གང	་ཡིན་པ་དེ་ནི 	རྣམ་པ 	-ར 	རྟོག་པ 	-འི 	bstod tshogs ka_.txt	ངོ་བོ  རྣམ་པ  -ར  རྟོག་པ  དང་བཅས་པ  གང ་ཡིན་པ་དེ་ནི  རྣམ་པ  -ར  རྟོག་པ  -འི 
འདི་སྐད་ཅེས  གང ་ཞིག 	རུང་བ 	-འང 	འདི 	-ར 	འདི་སྐད་ཅེས 	གང	་ཞིག 	རྣམ་པ 	-ར 	མི་རྟོག་ཀྱང 	ཡུལ་དང 	bstod tshogs ka_.txt	རུང་བ  -འང  འདི  -ར  འདི་སྐད་ཅེས  གང ་ཞིག  རྣམ་པ  -ར  མི་རྟོག་ཀྱང  ཡུལ་དང 
།_།  གང ་ཞིག་ཅེ་ན 	འགྱུར་བ་ཞེས 	བྱ་བ 	-འི 	དོན་ཏོ 	།_། 	གང	་ཞིག་ཅེ་ན 	།_ 	ཐུགས 	རྗེ 	-འི 	bstod tshogs ka_.txt	འགྱུར་བ་ཞེས  བྱ་བ  -འི  དོན་ཏོ  །_།  གང ་ཞིག་ཅེ་ན  །_  ཐུགས  རྗེ  -འི 
།_།  གང  དག་ཏུ 	གྲུབ་པ་ནི 	ཡོངས་སུ 	གྲུབ་པ་སྟེ་དེ 	སྩོལ་བའོ 	།_། 	གང 	དག་ཏུ 	འགག་པ 	-ར 	མི 	འགྱུར 	bstod tshogs ka_.txt	གྲུབ་པ་ནི  ཡོངས་སུ  གྲུབ་པ་སྟེ་དེ  སྩོལ་བའོ  །_།  གང  དག་ཏུ  འགག་པ  -ར  མི  འགྱུར 
།_  གང  དག་ལ 	མེད 	མི 	དཔོག 	པར་ཏེ 	།_ 	གང 	དག་ལ 	ཡོན་ཏན་གྱི 	ཚོགས 	ཡོངས་སུ 	དཔག་ཏུ 	bstod tshogs ka_.txt	མེད  མི  དཔོག  པར་ཏེ  །_  གང  དག་ལ  ཡོན་ཏན་གྱི  ཚོགས  ཡོངས་སུ  དཔག་ཏུ 
 གང ་ལ 						གང	་ལ 	ལེགས་པ 	-ར 	རྫོགས་ཤིང 	མཐའ 	bstod tshogs ka_.txt	     གང ་ལ  ལེགས་པ  -ར  རྫོགས་ཤིང  མཐའ 
།_།  གང  དག་ལ 	ཕྱིར 	ཕ་རོལ་ཏུ 	ཕྱིན་པ 	ཐམས་ཅད་དོ 	།_། 	གང 	དག་ལ 	འཁོར་གསུམ 	ཡོངས་སུ 	དག་པ 	-ས 	bstod tshogs ka_.txt	ཕྱིར  ཕ་རོལ་ཏུ  ཕྱིན་པ  ཐམས་ཅད་དོ  །_།  གང  དག་ལ  འཁོར་གསུམ  ཡོངས་སུ  དག་པ  -ས 
།_།  གང  དག་ལ 	ངོ་བོ 	ཉིད་ནི 	སྦྱིན 	མཆོག་ཉིད་དོ 	།_། 	གང 	དག་ལ 	གནས་མཆོག་སྟེ 	དབང་ཕྱུག་གམ 	།_ 	གོ 	bstod tshogs ka_.txt	ངོ་བོ  ཉིད་ནི  སྦྱིན  མཆོག་ཉིད་དོ  །_།  གང  དག་ལ  གནས་མཆོག་སྟེ  དབང་ཕྱུག་གམ  །_  གོ 
སྒྲུབ་པ  གང ་ཡིན་པ 	དབང་ཕྱུག 	རྣམས་ཀྱི 	ནང་ན 	མཆོག 	སྒྲུབ་པ 	གང	་ཡིན་པ 	དག་ནི 	དམ་པ 	སྩོལ 	མཆོག 	bstod tshogs ka_.txt	དབང་ཕྱུག  རྣམས་ཀྱི  ནང་ན  མཆོག  སྒྲུབ་པ  གང ་ཡིན་པ  དག་ནི  དམ་པ  སྩོལ  མཆོག 
།_།  གང  དག 	-ར 	གཤེགས་པ 	-འི 	ཕྱིར་རོ 	།_། 	གང 	དག 	ལ་དུ 	-ས་གསུམ་ལ 	ཐོགས་པ 	མི 	bstod tshogs ka_.txt	-ར  གཤེགས་པ  -འི  ཕྱིར་རོ  །_།  གང  དག  ལ་དུ  -ས་གསུམ་ལ  ཐོགས་པ  མི 
བྱ་བ  གང ་ཡིན་པའོ 	ཤེས 	བྱ 	-འི 	སྒྲིབ་པ་ཞེས 	བྱ་བ 	གང	་ཡིན་པའོ 	།_། 	གང 	དག་ལ 	དེ་དག 	bstod tshogs ka_.txt	ཤེས  བྱ  -འི  སྒྲིབ་པ་ཞེས  བྱ་བ  གང ་ཡིན་པའོ  །_།  གང  དག་ལ  དེ་དག 
 གང  ལས་དམ 						གང 	ལས་དམ 	ཚིག་སྟེ 	ངེས་པ་གསུམ་པོ 	སངས་རྒྱས་དང 	_།_ 	bstod tshogs ka_.txt	     གང  ལས་དམ  ཚིག་སྟེ  ངེས་པ་གསུམ་པོ  སངས་རྒྱས་དང  _།_ 
།_།  གང ་གི 	རྒྱུད 	འདི་ཉིད་ལས 	བྱར་རུང་བ 	ཉིད་དུ 	།_། 	གང	་གི 	བྱང་ཆུབ 	སེམས 	བརྟན་ཞིང 	།_། 	bstod tshogs ka_.txt	རྒྱུད  འདི་ཉིད་ལས  བྱར་རུང་བ  ཉིད་དུ  །_།  གང ་གི  བྱང་ཆུབ  སེམས  བརྟན་ཞིང  །_། 
 གང  ཐོབ་དེས 						གང 	ཐོབ་དེས 	།_། 	སེམས 	ཅན 	རྣམས་མྱུར 	bstod tshogs ka_.txt	     གང  ཐོབ་དེས  །_།  སེམས  ཅན  རྣམས་མྱུར 
།_།  གང ་གིས 	འབྲུ 	ཆགས 	མཛེས་པ 	-འི་སྐུ 	།_། 	གང	་གིས 	མཐོང་ཐོས 	དྲན་ཡང 	དཔལ 	གྱུར་པ 	bstod tshogs ka_.txt	འབྲུ  ཆགས  མཛེས་པ  -འི་སྐུ  །_།  གང ་གིས  མཐོང་ཐོས  དྲན་ཡང  དཔལ  གྱུར་པ 