 དང  བྲལ་བ 						དང 	བྲལ་བ 	-ར 	དགོངས་པ་ཅན 	།_། 	མི 	bstod tshogs ka_.txt	     དང  བྲལ་བ  -ར  དགོངས་པ་ཅན  །_།  མི 
 དང  གནས་པ 						དང 	གནས་པ 	བཤད 	བྱ་དང 	།_། 	ཚིག་དང 	bstod tshogs ka_.txt	     དང  གནས་པ  བཤད  བྱ་དང  །_།  ཚིག་དང 
 དང  དེ་དག་གི 						དང 	དེ་དག་གི 	།_། 	ཚིག་དང 	སྤྱོད 	མཁྱེན 	bstod tshogs ka_.txt	     དང  དེ་དག་གི  །_།  ཚིག་དང  སྤྱོད  མཁྱེན 
 དང  །_། 						དང 	།_། 	འགྲོ་དང 	ངེས་འབྱུང 	སེམས་ཅན་ལ 	།_། 	bstod tshogs ka_.txt	     དང  །_།  འགྲོ་དང  ངེས་འབྱུང  སེམས་ཅན་ལ  །_། 
 དང  གནས་དང 						དང 	གནས་དང 	གཏོང་བ་དང 	།_། 	སྤྲུལ་པ་དང་ནི 	བསྒྱུར་བ་དང 	bstod tshogs ka_.txt	     དང  གནས་དང  གཏོང་བ་དང  །_།  སྤྲུལ་པ་དང་ནི  བསྒྱུར་བ་དང 
 དང  ཡེ་ཤེས་ལ 						དང 	ཡེ་ཤེས་ལ 	།_། 	མངའ 	བརྙེས 	ཁྱོད་ལ 	bstod tshogs ka_.txt	     དང  ཡེ་ཤེས་ལ  །_།  མངའ  བརྙེས  ཁྱོད་ལ 
 དང  སྐྱབས་དང 						དང 	སྐྱབས་དང 	དག་པ་དང 	།_། 	ངེས 	འབྱུང 	bstod tshogs ka_.txt	     དང  སྐྱབས་དང  དག་པ་དང  །_།  ངེས  འབྱུང 
 དང ་ནི 						དང	་ནི 	སྤངས་པ་དང 	།_། 	ངེས 	འབྱུང 	bstod tshogs ka_.txt	     དང ་ནི  སྤངས་པ་དང  །_།  ངེས  འབྱུང 
 དང  ལྡན་པ་པོ 						དང 	ལྡན་པ་པོ 	།_། 	ཕན 	དགོངས 	ཁྱོད་ལ 	bstod tshogs ka_.txt	     དང  ལྡན་པ་པོ  །_།  ཕན  དགོངས  ཁྱོད་ལ 
 དང  ཐུགས་སུ 						དང 	ཐུགས་སུ 	ཆུད་པ་དང 	།_། 	མཁྱེན་པ་དང་ནི 	ཕྲིན་ལས་ཀྱིས 	bstod tshogs ka_.txt	     དང  ཐུགས་སུ  ཆུད་པ་དང  །_།  མཁྱེན་པ་དང་ནི  ཕྲིན་ལས་ཀྱིས 
 དང ་ནི 						དང	་ནི 	རང 	སངས་རྒྱས 	།_། 	ཀུན 	bstod tshogs ka_.txt	     དང ་ནི  རང  སངས་རྒྱས  །_།  ཀུན 
 དང  །_ 						དང 	།_ 	ཤཱི་ལེཎྡྲ་བོ་དྷི་དང 	།_ 	ཞུ་ཆེན་གྱི 	ལོ་ཙཱ་བ་བནྡེ 	bstod tshogs ka_.txt	     དང  །_  ཤཱི་ལེཎྡྲ་བོ་དྷི་དང  །_  ཞུ་ཆེན་གྱི  ལོ་ཙཱ་བ་བནྡེ 
 དང  འདྲེས་པས 						དང 	འདྲེས་པས 	།_། 	མར་གྱི 	སྙིང་པོ 	མི 	bstod tshogs ka_.txt	     དང  འདྲེས་པས  །_།  མར་གྱི  སྙིང་པོ  མི 
 དང  འདྲེས་པས 						དང 	འདྲེས་པས 	།_། 	ཆོས་ཀྱི 	དབྱིངས་ཀྱང 	མི 	bstod tshogs ka_.txt	     དང  འདྲེས་པས  །_།  ཆོས་ཀྱི  དབྱིངས་ཀྱང  མི 
 དང ་གང 						དང	་གང 	དག་ནས 	།_། 	བུམ་པ 	བུ་ག 	bstod tshogs ka_.txt	     དང ་གང  དག་ནས  །_།  བུམ་པ  བུ་ག 
 དང ་དེ་ཡི 						དང	་དེ་ཡི 	ཕྱོགས 	ཉིད་ནས 	།_། 	འོད་ཀྱི 	bstod tshogs ka_.txt	     དང ་དེ་ཡི  ཕྱོགས  ཉིད་ནས  །_།  འོད་ཀྱི 
 དང  བྲལ 						དང 	བྲལ 	གྱུར་ན 	།_། 	དེ་ཡི 	འབྲས་བུ 	bstod tshogs ka_.txt	     དང  བྲལ  གྱུར་ན  །_།  དེ་ཡི  འབྲས་བུ 
 དང  འདྲ་བ 						དང 	འདྲ་བ 	-འི 	འབྲས་བུ་འབྱུང 	_།_། 	ས་བོན 	bstod tshogs ka_.txt	     དང  འདྲ་བ  -འི  འབྲས་བུ་འབྱུང  _།_།  ས་བོན 
 དང  ཁུག་རྣ 						དང 	ཁུག་རྣ 	དུ་བ་དང 	_།_། 	སྒྲ་གཅན 	གདོང་དང 	bstod tshogs ka_.txt	     དང  ཁུག་རྣ  དུ་བ་དང  _།_།  སྒྲ་གཅན  གདོང་དང 
 དང  གནོད་སེམས 						དང 	གནོད་སེམས 	ལེ་ལོ་དང 	_།_། 	རྒོད་པ་དང་ནི 	ཐེ་ཚོམ་སྟེ 	bstod tshogs ka_.txt	     དང  གནོད་སེམས  ལེ་ལོ་དང  _།_།  རྒོད་པ་དང་ནི  ཐེ་ཚོམ་སྟེ 
 དང  བདག་གི 						དང 	བདག་གི 	རྣམ་རྟོག་དང 	_།_། 	མིང་གི 	འདུ་ཤེས 	bstod tshogs ka_.txt	     དང  བདག་གི  རྣམ་རྟོག་དང  _།_།  མིང་གི  འདུ་ཤེས 
 དང  འབྱུང་ལས 						དང 	འབྱུང་ལས 	གྱུར་པ 	-ས་སོ 	།_། 	སངས 	bstod tshogs ka_.txt	     དང  འབྱུང་ལས  གྱུར་པ  -ས་སོ  །_།  སངས 
 དང  _།_། 						དང 	_།_། 	བརྟེན་ནས 	འགག་པ 	-ར 	འགྱུར་བ 	bstod tshogs ka_.txt	     དང  _།_།  བརྟེན་ནས  འགག་པ  -ར  འགྱུར་བ 
།_།  དང  བ 	ལྟར 	ཉི་ཟླ 	སྐར་མ 	-འི་གཟུགས 	།_། 	དང 	བ 	-འི 	སྣོད་ཀྱི 	ཆུ 	ནང་དུ 	bstod tshogs ka_.txt	ལྟར  ཉི་ཟླ  སྐར་མ  -འི་གཟུགས  །_།  དང  བ  -འི  སྣོད་ཀྱི  ཆུ  ནང་དུ 
 དང ་འདྲ 						དང	་འདྲ 	།_། 	ཐོག 	མ 	བར་དང 	bstod tshogs ka_.txt	     དང ་འདྲ  །_།  ཐོག  མ  བར་དང 
 དང  བདག 						དང 	བདག 	གི 	-ར་བརྟག 	_། 	ཇི 	bstod tshogs ka_.txt	     དང  བདག  གི  -ར་བརྟག  _།  ཇི 
 དང  གཟུགས་ལ 						དང 	གཟུགས་ལ 	བརྟེན་ནས་ནི 	།_། 	དྲི 	མ 	bstod tshogs ka_.txt	     དང  གཟུགས་ལ  བརྟེན་ནས་ནི  །_།  དྲི  མ 
 དང  རྣ་བ་ལ 						དང 	རྣ་བ་ལ 	བརྟེན་ནས 	།_། 	རྣམ 	པར 	bstod tshogs ka_.txt	     དང  རྣ་བ་ལ  བརྟེན་ནས  །_།  རྣམ  པར 
རྟོག  དང ་བཅས་པ 	མེད་པ 	-འི 	ཆོས་ཀྱི་དབྱིངས 	།_། 	རྟོག 	དང	་བཅས་པ 	-ས 	ཐོས་པ 	-ར་འགྱུར 	།_། 	bstod tshogs ka_.txt	མེད་པ  -འི  ཆོས་ཀྱི་དབྱིངས  །_།  རྟོག  དང ་བཅས་པ  -ས  ཐོས་པ  -ར་འགྱུར  །_། 
 དང  དྲི་ལ 						དང 	དྲི་ལ 	བརྟེན་ནས་སྣོམ 	།_། 	དེ་ནི 	གཟུགས་སུ 	bstod tshogs ka_.txt	     དང  དྲི་ལ  བརྟེན་ནས་སྣོམ  །_།  དེ་ནི  གཟུགས་སུ 
 དང  _།_། 						དང 	_།_། 	རེག་བྱ 	-འི 	རྐྱེན་གྱི 	མཚན་ཉིད་དང 	bstod tshogs ka_.txt	     དང  _།_།  རེག་བྱ  -འི  རྐྱེན་གྱི  མཚན་ཉིད་དང 
 དང  བརྟག་པ་རྣམ 						དང 	བརྟག་པ་རྣམ 	སྤངས་ནས 	།_། 	ཆོས 	རྣམས 	bstod tshogs ka_.txt	     དང  བརྟག་པ་རྣམ  སྤངས་ནས  །_།  ཆོས  རྣམས 
 དང  ཐོས་དང 						དང 	ཐོས་དང 	བསྣམས་པ་དང 	_།_། 	མྱངས་དང 	རེག་པ 	bstod tshogs ka_.txt	     དང  ཐོས་དང  བསྣམས་པ་དང  _།_།  མྱངས་དང  རེག་པ 
 དང  _།_། 						དང 	_།_། 	ཆོས 	རྣམས 	དེ་ལྟར 	རྣལ་འབྱོར་པས 	bstod tshogs ka_.txt	     དང  _།_།  ཆོས  རྣམས  དེ་ལྟར  རྣལ་འབྱོར་པས 
 དང  རྣ་བ 						དང 	རྣ་བ 	སྣ 	དག་དང 	_།_། 	ལྕེ་དང 	bstod tshogs ka_.txt	     དང  རྣ་བ  སྣ  དག་དང  _།_།  ལྕེ་དང 
 དང  དེ་བཞིན་ཡིད 						དང 	དེ་བཞིན་ཡིད 	།_། 	སྐྱེ 	མཆེད་དྲུག་པོ 	རྣམ་དག་པ 	bstod tshogs ka_.txt	     དང  དེ་བཞིན་ཡིད  །_།  སྐྱེ  མཆེད་དྲུག་པོ  རྣམ་དག་པ 
 དང  _།_། 						དང 	_།_། 	དེ་དག 	འགགས་པ 	སངས་རྒྱས་ཉིད 	།_། 	bstod tshogs ka_.txt	     དང  _།_།  དེ་དག  འགགས་པ  སངས་རྒྱས་ཉིད  །_། 
 དང  མི 						དང 	མི 	ཤེས་པ 	དག་ལས 	།_། 	ལུས 	bstod tshogs ka_.txt	     དང  མི  ཤེས་པ  དག་ལས  །_།  ལུས 
 དང ་ནི 						དང	་ནི 	མ 	མཐོང་ཡིན 	།_། 	ཤེས 	bstod tshogs ka_.txt	     དང ་ནི  མ  མཐོང་ཡིན  །_།  ཤེས 
 དང  བསོད་ནམས 						དང 	བསོད་ནམས 	དམན་པ་ལ 	།_། 	བཅོམ 	ལྡན 	bstod tshogs ka_.txt	     དང  བསོད་ནམས  དམན་པ་ལ  །_།  བཅོམ  ལྡན 
 དང  _།_། 						དང 	_།_། 	འོག་མིན 	ཉིད་དེ་རྣམ 	མཛེས་པ 	།_། 	bstod tshogs ka_.txt	     དང  _།_།  འོག་མིན  ཉིད་དེ་རྣམ  མཛེས་པ  །_། 
 དང  _།_། 						དང 	_།_། 	འཕགས་པ 	-འི 	ནང་ན 	སྣ་ཚོགས་ཉིད 	bstod tshogs ka_.txt	     དང  _།_།  འཕགས་པ  -འི  ནང་ན  སྣ་ཚོགས་ཉིད 
 དང  འདྲེས་ཆུ 						དང 	འདྲེས་ཆུ 	།_། 	སྣོད 	གཅིག་ན་ནི 	གནས་པ་ལས 	bstod tshogs ka_.txt	     དང  འདྲེས་ཆུ  །_།  སྣོད  གཅིག་ན་ནི  གནས་པ་ལས 
 དང  བདག་གི་ཞེས 						དང 	བདག་གི་ཞེས 	འཛིན་པས 	།_། 	ཇི 	སྲིད 	bstod tshogs ka_.txt	     དང  བདག་གི་ཞེས  འཛིན་པས  །_།  ཇི  སྲིད 
 དང  _།_། 						དང 	_།_། 	ཚུལ་ཁྲིམས 	སེམས་ཅན 	དོན 	སྡུད 	bstod tshogs ka_.txt	     དང  _།_།  ཚུལ་ཁྲིམས  སེམས་ཅན  དོན  སྡུད 
 དང  །_། 						དང 	།_། 	སེམས 	ཅན 	ཕན 	བྱེད 	bstod tshogs ka_.txt	     དང  །_།  སེམས  ཅན  ཕན  བྱེད 
 དང  _།_། 						དང 	_།_། 	བསམ་གཏན་ལ 	སེམས 	འཇུག་པ་དང 	_།_། 	bstod tshogs ka_.txt	     དང  _།_།  བསམ་གཏན་ལ  སེམས  འཇུག་པ་དང  _།_། 
ཐབས  དང ་བཅས་པ 	འདི་ཡང 	བྱང་ཆུབ 	རྒྱས་བྱེད་ཡིན 	།_། 	ཐབས 	དང	་བཅས་པ 	-འི 	ཤེས་རབ་དང 	_།_། 	སྨོན་ལམ 	bstod tshogs ka_.txt	འདི་ཡང  བྱང་ཆུབ  རྒྱས་བྱེད་ཡིན  །_།  ཐབས  དང ་བཅས་པ  -འི  ཤེས་རབ་དང  _།_།  སྨོན་ལམ 
 དང  _།_། 						དང 	_།_། 	སྟོབས་ལ 	ངེས་ནས 	ཡེ་ཤེས་ཏེ 	།_། 	bstod tshogs ka_.txt	     དང  _།_།  སྟོབས་ལ  ངེས་ནས  ཡེ་ཤེས་ཏེ  །_། 
 དང  དགེ་འདུན་ལ 						དང 	དགེ་འདུན་ལ 	།_། 	རྟག་ཏུ 	མོས་པ 	བརྟན་པོ་ཡིས 	bstod tshogs ka_.txt	     དང  དགེ་འདུན་ལ  །_།  རྟག་ཏུ  མོས་པ  བརྟན་པོ་ཡིས 
 དང  སྒྱུ་རྩལ 						དང 	སྒྱུ་རྩལ 	བཟོ་གནས་ཀུན 	།_། 	བསམ 	གཏན 	bstod tshogs ka_.txt	     དང  སྒྱུ་རྩལ  བཟོ་གནས་ཀུན  །_།  བསམ  གཏན 
 དང  _།_། 						དང 	_།_། 	ཕུན 	སུམ 	ཚོགས 	ཀུན 	bstod tshogs ka_.txt	     དང  _།_།  ཕུན  སུམ  ཚོགས  ཀུན 
 དང  _།_། 						དང 	_།_། 	སྐྱེ་དང 	འཇིག་པ 	ཟད་པ་ལ 	།_། 	bstod tshogs ka_.txt	     དང  _།_།  སྐྱེ་དང  འཇིག་པ  ཟད་པ་ལ  །_། 
 དང  _།_། 						དང 	_།_། 	འཁོར་བ 	-འི 	མཚོ་ཡི 	འདམ 	bstod tshogs ka_.txt	     དང  _།_།  འཁོར་བ  -འི  མཚོ་ཡི  འདམ 
 དང  _།_། 						དང 	_།_། 	འབད 	མེད 	ལྷུན་གྱིས 	གྲུབ 	bstod tshogs ka_.txt	     དང  _།_།  འབད  མེད  ལྷུན་གྱིས  གྲུབ 
 དང  མཉམ་པ 						དང 	མཉམ་པ 	།_། 	སངས 	རྒྱས 	རྣམས་ཀྱི 	bstod tshogs ka_.txt	     དང  མཉམ་པ  །_།  སངས  རྒྱས  རྣམས་ཀྱི 
ཀུན་གྱི  དང ོས་མེད་པའི 	གྱུར་པའོ 	།_། 	སེམས 	ཅན 	ཀུན་གྱི 	དང	ོས་མེད་པའི 	།_། 	ངོ་བོ 	དེ་ཡང་དེ 	སྤྱོད་ཡུལ 	bstod tshogs ka_.txt	གྱུར་པའོ  །_།  སེམས  ཅན  ཀུན་གྱི  དང ོས་མེད་པའི  །_།  ངོ་བོ  དེ་ཡང་དེ  སྤྱོད་ཡུལ 
 དང  _།_ 						དང 	_།_ 	ལོ་ཙཱ་བ 	ཚུལ་ཁྲིམས 	རྒྱལ་བ 	-ས 	bstod tshogs ka_.txt	     དང  _།_  ལོ་ཙཱ་བ  ཚུལ་ཁྲིམས  རྒྱལ་བ  -ས 
།_།  དང ོས་པོ 	རྟེན 	འདི་ལ 	ཕན 	བརྩོན་ཁྱོད 	།_། 	དང	ོས་པོ 	མེད་པ 	-འི 	དོན 	རིག་པས 	bstod tshogs ka_.txt	རྟེན  འདི་ལ  ཕན  བརྩོན་ཁྱོད  །_།  དང ོས་པོ  མེད་པ  -འི  དོན  རིག་པས 
 དང  རྟོགས 						དང 	རྟོགས 	བྱ 	མི 	མངའ་ཞིང 	།_། 	bstod tshogs ka_.txt	     དང  རྟོགས  བྱ  མི  མངའ་ཞིང  །_། 
 དང  །_། 						དང 	།_། 	རྣམ 	བྱང 	རོ་གཅིག 	གྱུར 	bstod tshogs ka_.txt	     དང  །_།  རྣམ  བྱང  རོ་གཅིག  གྱུར 
 དང  མཉམ་པ 						དང 	མཉམ་པ 	-འི 	ཐུགས 	མངའ་ཁྱོད 	།_། 	bstod tshogs ka_.txt	     དང  མཉམ་པ  -འི  ཐུགས  མངའ་ཁྱོད  །_། 
 དང  སྐྱེ་མཆེད་ལ 						དང 	སྐྱེ་མཆེད་ལ 	།_། 	ཆགས 	པར 	གྱུར་པ 	bstod tshogs ka_.txt	     དང  སྐྱེ་མཆེད་ལ  །_།  ཆགས  པར  གྱུར་པ 
 དང  སྡུག་བསྔལ 						དང 	སྡུག་བསྔལ 	དེ་བཞིན་དུ 	།_། 	རྟག 	མི་རྟག 	bstod tshogs ka_.txt	     དང  སྡུག་བསྔལ  དེ་བཞིན་དུ  །_།  རྟག  མི་རྟག 
 དང  ཆོས་དང 						དང 	ཆོས་དང 	སྐུ 	རྣམས་ཀྱང 	།_། 	ཐུབ་ཆེན 	bstod tshogs ka_.txt	     དང  ཆོས་དང  སྐུ  རྣམས་ཀྱང  །_།  ཐུབ་ཆེན 
 དང  གཞན་པ 						དང 	གཞན་པ 	རྣམས 	སྤངས་པ 	།_། 	བྲག 	bstod tshogs ka_.txt	     དང  གཞན་པ  རྣམས  སྤངས་པ  །_།  བྲག 
 དང  འཇིག་པ་རྣམ 						དང 	འཇིག་པ་རྣམ 	སྤངས་པ 	།_། 	སྨད་པ 	མེད་པ 	bstod tshogs ka_.txt	     དང  འཇིག་པ་རྣམ  སྤངས་པ  །_།  སྨད་པ  མེད་པ 
 དང  ཆད་པ་དང 						དང 	ཆད་པ་དང 	བྲལ་ཞིང 	།_། 	མཚན 	ཉིད 	bstod tshogs ka_.txt	     དང  ཆད་པ་དང  བྲལ་ཞིང  །_།  མཚན  ཉིད 
ཤ  དང ་རུས་པ 	སྟོང 	ཁྱོད་ཀྱི 	སྐུ་ལ་མེད 	།_། 	ཤ 	དང	་རུས་པ 	ཁྲག 	མེད་ཀྱང 	།_། 	ནམ 	bstod tshogs ka_.txt	སྟོང  ཁྱོད་ཀྱི  སྐུ་ལ་མེད  །_།  ཤ  དང ་རུས་པ  ཁྲག  མེད་ཀྱང  །_།  ནམ 
 དང  སྐོམ་པ 						དང 	སྐོམ་པ 	འབྱུང 	མེད་ཀྱང 	།_། 	ཁྱོད་ནི 	bstod tshogs ka_.txt	     དང  སྐོམ་པ  འབྱུང  མེད་ཀྱང  །_།  ཁྱོད་ནི 
 དང  བལྟམས་དང 						དང 	བལྟམས་དང 	མངོན་བྱང་ཆུབ 	།_། 	འཁོར 	བ 	bstod tshogs ka_.txt	     དང  བལྟམས་དང  མངོན་བྱང་ཆུབ  །_།  འཁོར  བ 
 དང  །_ 						དང 	།_ 	ལོ་ཙཱ་བ 	དགེ་སློང 	ཚུལ་ཁྲིམས 	རྒྱལ་བ 	bstod tshogs ka_.txt	     དང  །_  ལོ་ཙཱ་བ  དགེ་སློང  ཚུལ་ཁྲིམས  རྒྱལ་བ 
 དང  མཚུངས་པ་རུ 						དང 	མཚུངས་པ་རུ 	།_། 	གསལ 	བར་ཅི་ཡི 	ཕྱིར 	bstod tshogs ka_.txt	     དང  མཚུངས་པ་རུ  །_།  གསལ  བར་ཅི་ཡི  ཕྱིར 
དེ  དང ོས 	མིག་གིས 	གཟུང 	མིན་པས 	།_། 	དེ 	དང	ོས 	མིག་གི 	ཇི་ལྟར་ཡིན 	།_། 	གཟུགས 	bstod tshogs ka_.txt	མིག་གིས  གཟུང  མིན་པས  །_།  དེ  དང ོས  མིག་གི  ཇི་ལྟར་ཡིན  །_།  གཟུགས 
 དང  དོན་དག 						དང 	དོན་དག 	ཐ 	དད་མིན 	།_། 	མེ་ཡིས 	bstod tshogs ka_.txt	     དང  དོན་དག  ཐ  དད་མིན  །_།  མེ་ཡིས 
རང  དང ོས་མེད་ཅེས 	ཕྱིར 	ཤེས་དང 	ཤེས་བྱ་དག 	_། 	རང 	དང	ོས་མེད་ཅེས 	ཁྱོད་ཀྱིས་གསུང 	།_། 	མཚན 	ཉིད 	bstod tshogs ka_.txt	ཕྱིར  ཤེས་དང  ཤེས་བྱ་དག  _།  རང  དང ོས་མེད་ཅེས  ཁྱོད་ཀྱིས་གསུང  །_།  མཚན  ཉིད 
།_།  དང ོས་པོ 	འགྲོ་བ 	འདི་དག 	ཞི་བ 	-ར་མཛད 	།_། 	དང	ོས་པོ 	ཡོད་པ 	ཉིད 	མི་སྐྱེ 	།_། 	bstod tshogs ka_.txt	འགྲོ་བ  འདི་དག  ཞི་བ  -ར་མཛད  །_།  དང ོས་པོ  ཡོད་པ  ཉིད  མི་སྐྱེ  །_། 
 དང  །_། 						དང 	།_། 	འདྲ 	བ 	-འི 	སྐྱེ་བ 	bstod tshogs ka_.txt	     དང  །_།  འདྲ  བ  -འི  སྐྱེ་བ 
 དང  མ 						དང 	མ 	ཞིག་པ 	དག་གིས 	།_། 	རྒྱུ 	bstod tshogs ka_.txt	     དང  མ  ཞིག་པ  དག་གིས  །_།  རྒྱུ 
 དང  །_། 						དང 	།_། 	གཞན་གྱིས 	བྱས་དང་གཉིས 	ཀ 	-ས་བྱས 	bstod tshogs ka_.txt	     དང  །_།  གཞན་གྱིས  བྱས་དང་གཉིས  ཀ  -ས་བྱས 
།_།  དང ོས་པོ 	ཉིད 	ཁྱོད་ནི 	སྟོང་པ 	-ར་བཞེད 	།_། 	དང	ོས་པོ 	རང་དབང 	ཡོད 	མིན་ཞེས 	།_། 	bstod tshogs ka_.txt	ཉིད  ཁྱོད་ནི  སྟོང་པ  -ར་བཞེད  །_།  དང ོས་པོ  རང་དབང  ཡོད  མིན་ཞེས  །_། 
།_།  དང ོས 	མགོན་པོ 	ཁྱོད་ཀྱིས 	ཆོས 	ཀུན་གྱི 	།_། 	དང	ོས 	མེད 	གོམས་པ 	-ར 	མཛད་པ་ལགས 	bstod tshogs ka_.txt	མགོན་པོ  ཁྱོད་ཀྱིས  ཆོས  ཀུན་གྱི  །_།  དང ོས  མེད  གོམས་པ  -ར  མཛད་པ་ལགས 
 དང  །_ 						དང 	།_ 	ལོ་ཙཱ་བ 	ཚུལ་ཁྲིམས 	རྒྱལ་བ 	-ས 	bstod tshogs ka_.txt	     དང  །_  ལོ་ཙཱ་བ  ཚུལ་ཁྲིམས  རྒྱལ་བ  -ས 
 དང  སྡུག་བསྔལ 						དང 	སྡུག་བསྔལ 	མཚན་ཉིད་དག 	_། 	སེམས 	ལས་མ 	bstod tshogs ka_.txt	     དང  སྡུག་བསྔལ  མཚན་ཉིད་དག  _།  སེམས  ལས་མ 
།_།  དང ོས 	ཁྱོད 	གཤེགས་དང 	བྱོན 	མི་མངའ 	།_། 	དང	ོས 	མི 	མངའ་ལ 	ཕྱག 	འཚལ་འདུད 	bstod tshogs ka_.txt	ཁྱོད  གཤེགས་དང  བྱོན  མི་མངའ  །_།  དང ོས  མི  མངའ་ལ  ཕྱག  འཚལ་འདུད 
ལགས  དང ོས 	།_། 	དངོས 	མེད 	མ 	ལགས 	དང	ོས 	མ་ལགས 	།_། 	ཆད་པ 	མ 	bstod tshogs ka_.txt	།_།  དངོས  མེད  མ  ལགས  དང ོས  མ་ལགས  །_།  ཆད་པ  མ 
 དང  ལྗང་དང 						དང 	ལྗང་དང 	བཙོད་མདོག་མིན 	།_། 	སེར་དང 	གནག་དང 	bstod tshogs ka_.txt	     དང  ལྗང་དང  བཙོད་མདོག་མིན  །_།  སེར་དང  གནག་དང 
 དང  ཟླུམ་པ 						དང 	ཟླུམ་པ 	མ 	ལགས་ལ 	།_། 	ཚད 	bstod tshogs ka_.txt	     དང  ཟླུམ་པ  མ  ལགས་ལ  །_།  ཚད 
མེད་པ་ཡི  དང ོས 					མེད་པ་ཡི 	དང	ོས 	བརྙེས་པ 	།_། 	ཚད 	མི 	bstod tshogs ka_.txt	    མེད་པ་ཡི  དང ོས  བརྙེས་པ  །_།  ཚད  མི 
དབྱིངས་ཀྱི  དང ོས 	མི 	གནས་པས 	།_། 	ཆོས་ཀྱི 	དབྱིངས་ཀྱི 	དང	ོས 	གྱུར་ཅིང 	།_། 	མཆོག་ཏུ 	ཟབ་པ་གཉིས 	bstod tshogs ka_.txt	མི  གནས་པས  །_།  ཆོས་ཀྱི  དབྱིངས་ཀྱི  དང ོས  གྱུར་ཅིང  །_།  མཆོག་ཏུ  ཟབ་པ་གཉིས 
 དང  འཇིག་པ་རྣམ 						དང 	འཇིག་པ་རྣམ 	སྤངས་ཤིང 	།_། 	གང་ལ 	མཐའ་དང 	bstod tshogs ka_.txt	     དང  འཇིག་པ་རྣམ  སྤངས་ཤིང  །_།  གང་ལ  མཐའ་དང 
 དང  འཛིན་པ 						དང 	འཛིན་པ 	མི 	མངའ་བ 	།_། 	འདིར་ནི 	bstod tshogs ka_.txt	     དང  འཛིན་པ  མི  མངའ་བ  །_།  འདིར་ནི 
 དང  བྱོན་པ 						དང 	བྱོན་པ 	མི 	མངའ་ཞིང 	།_། 	འགྲོ 	bstod tshogs ka_.txt	     དང  བྱོན་པ  མི  མངའ་ཞིང  །_།  འགྲོ 
 དང  །_ 						དང 	།_ 	ལོ་ཙཱ་བ 	དགེ་སློང 	ཚུལ་ཁྲིམས 	རྒྱལ་བ 	bstod tshogs ka_.txt	     དང  །_  ལོ་ཙཱ་བ  དགེ་སློང  ཚུལ་ཁྲིམས  རྒྱལ་བ 
 དང  གཞན་ལ 						དང 	གཞན་ལ 	ཕན་པ 	ཕུན 	སུམ 	ཚོགས་ཆེན 	bstod tshogs ka_.txt	     དང  གཞན་ལ  ཕན་པ  ཕུན  སུམ  ཚོགས་ཆེན 
 དང ོས 	གཞི 	-ར 	གྱུར་པ 	།_། 		དང	ོས 	མིན 	དངོས་པོ 	མེད་པ 	མ་ཡིན 	bstod tshogs ka_.txt	གཞི  -ར  གྱུར་པ  །_།   དང ོས  མིན  དངོས་པོ  མེད་པ  མ་ཡིན 
 དང  ཚིག་གི་ལམ་ལས 						དང 	ཚིག་གི་ལམ་ལས 	རབ་ཏུ 	འདས་པ་ལ 	།_། 	བདག་གིས 	bstod tshogs ka_.txt	     དང  ཚིག་གི་ལམ་ལས  རབ་ཏུ  འདས་པ་ལ  །_།  བདག་གིས 
 དང  །_ 						དང 	།_ 	ལོ་ཙཱ་བ 	དགེ་སློང 	ཚུལ་ཁྲིམས 	རྒྱལ་བ 	bstod tshogs ka_.txt	     དང  །_  ལོ་ཙཱ་བ  དགེ་སློང  ཚུལ་ཁྲིམས  རྒྱལ་བ 
 དང  །_ 						དང 	།_ 	དགོས་པ་དང 	།_ 	འབྲེལ་པ་དང 	།_ 	bstod tshogs ka_.txt	     དང  །_  དགོས་པ་དང  །_  འབྲེལ་པ་དང  །_ 
 དང  །_ 						དང 	།_ 	དགོས་པ་དང 	།_ 	འབྲེལ་པ 	མེད་པ 	bstod tshogs ka_.txt	     དང  །_  དགོས་པ་དང  །_  འབྲེལ་པ  མེད་པ 
 དང  ཚིགས་སུ 						དང 	ཚིགས་སུ 	བཅད་པ 	དག 	རྗོད་པ་དང 	བརྗོད་པ 	bstod tshogs ka_.txt	     དང  ཚིགས་སུ  བཅད་པ  དག  རྗོད་པ་དང  བརྗོད་པ 
 དང  ཚིག 						དང 	ཚིག 	ཅན 	འབྲེལ་པའམ 	།_ 	ཐབས་དང 	bstod tshogs ka_.txt	     དང  ཚིག  ཅན  འབྲེལ་པའམ  །_  ཐབས་དང 
 དང  བསྒྲུབ་པ 						དང 	བསྒྲུབ་པ 	-ར 	བྱ་བ 	-འི 	མཚན་ཉིད་དུ 	bstod tshogs ka_.txt	     དང  བསྒྲུབ་པ  -ར  བྱ་བ  -འི  མཚན་ཉིད་དུ 
 དང  བྱེད་པ 						དང 	བྱེད་པ 	-འི 	མཚན་ཉིད་དུ 	འབྲེལ་བ་ནི 	འབྲེལ་བའོ 	bstod tshogs ka_.txt	     དང  བྱེད་པ  -འི  མཚན་ཉིད་དུ  འབྲེལ་བ་ནི  འབྲེལ་བའོ 
 དང  རྩོལ་བ 						དང 	རྩོལ་བ 	-འི 	བརྩོན་འགྲུས་དང 	ལྡན་པ 	-ར 	bstod tshogs ka_.txt	     དང  རྩོལ་བ  -འི  བརྩོན་འགྲུས་དང  ལྡན་པ  -ར 
 དང  བྱ་བ 						དང 	བྱ་བ 	མཐའ 	-ར 	ཕྱིན་པ་ནི 	དགོས་པ 	bstod tshogs ka_.txt	     དང  བྱ་བ  མཐའ  -ར  ཕྱིན་པ་ནི  དགོས་པ 
 དང  དུ་མ་ནི 						དང 	དུ་མ་ནི 	གཅིག་དང 	དུ་མ་སྟེ 	།_ 	གཉིས་ནི་གཉིས 	bstod tshogs ka_.txt	     དང  དུ་མ་ནི  གཅིག་དང  དུ་མ་སྟེ  །_  གཉིས་ནི་གཉིས 
 དང  དུ་མ 						དང 	དུ་མ 	-ར 	མ 	གྱུར་པ 	-འི 	bstod tshogs ka_.txt	     དང  དུ་མ  -ར  མ  གྱུར་པ  -འི 
 དང  དུ་མ 						དང 	དུ་མ 	-འི 	གནས་སྐབས་སུ 	བྱ་བ 	-ར 	bstod tshogs ka_.txt	     དང  དུ་མ  -འི  གནས་སྐབས་སུ  བྱ་བ  -ར 
 དང  ཆད་པ 						དང 	ཆད་པ 	-ར 	མི 	འགྱུར་ཏེ 	།_ 	bstod tshogs ka_.txt	     དང  ཆད་པ  -ར  མི  འགྱུར་ཏེ  །_ 
 དང  བྲལ་བ 						དང 	བྲལ་བ 	-འི 	རྒྱལ་བ 	ཐམས་ཅད་ཀྱིས་ཀྱང 	སྟོང་ཞིང 	bstod tshogs ka_.txt	     དང  བྲལ་བ  -འི  རྒྱལ་བ  ཐམས་ཅད་ཀྱིས་ཀྱང  སྟོང་ཞིང 
 དང  འདྲ་བ 						དང 	འདྲ་བ 	-ར 	གཟིགས་སོ 	།_། 	གཞན་ཡང 	bstod tshogs ka_.txt	     དང  འདྲ་བ  -ར  གཟིགས་སོ  །_།  གཞན་ཡང 
 དང  གཞན་ལ 						དང 	གཞན་ལ 	ཕན་པ 	ཕུན 	སུམ 	ཚོགས་ཆེན 	bstod tshogs ka_.txt	     དང  གཞན་ལ  ཕན་པ  ཕུན  སུམ  ཚོགས་ཆེན 
 དང  གཞན་ནི 						དང 	གཞན་ནི 	བདག་དང 	གཞན་ཏེ 	།_ 	དེ 	bstod tshogs ka_.txt	     དང  གཞན་ནི  བདག་དང  གཞན་ཏེ  །_  དེ 
 དང  །_ 						དང 	།_ 	ངེས 	པར 	ལེགས་པ 	-འི 	bstod tshogs ka_.txt	     དང  །_  ངེས  པར  ལེགས་པ  -འི 
 དང  དུ་མ་དང 						དང 	དུ་མ་དང 	བྲལ་བ 	-འི 	ངོ་བོ 	ཐོག་མ་དང 	bstod tshogs ka_.txt	     དང  དུ་མ་དང  བྲལ་བ  -འི  ངོ་བོ  ཐོག་མ་དང 
 དང  གཞན་ལ 						དང 	གཞན་ལ 	ཕན་པ 	ཕུན 	སུམ 	ཚོགས་པ 	bstod tshogs ka_.txt	     དང  གཞན་ལ  ཕན་པ  ཕུན  སུམ  ཚོགས་པ 
 དང  བཅུད་ཀྱི 						དང 	བཅུད་ཀྱི 	ཚུལ་དུ 	གནས་པ 	ལྟར 	བདག་དང 	bstod tshogs ka_.txt	     དང  བཅུད་ཀྱི  ཚུལ་དུ  གནས་པ  ལྟར  བདག་དང 
 དང  ཆོས་ཀྱི 						དང 	ཆོས་ཀྱི 	དབྱིངས 	ཐོག་མ་དང 	ཐ་མ 	མེད་པ 	bstod tshogs ka_.txt	     དང  ཆོས་ཀྱི  དབྱིངས  ཐོག་མ་དང  ཐ་མ  མེད་པ 
།_  དང ོས་པོ 	སོགས་པ 	-ས 	བསྒོས་པ 	བཞིན་ཏེ 	།_ 	དང	ོས་པོ 	རྣམས་ཀྱི 	ཆོས་ཉིད་ནི 	དེ་ལྟ་བུའོ 	།_། 	bstod tshogs ka_.txt	སོགས་པ  -ས  བསྒོས་པ  བཞིན་ཏེ  །_  དང ོས་པོ  རྣམས་ཀྱི  ཆོས་ཉིད་ནི  དེ་ལྟ་བུའོ  །_། 
 དང  གཞན་ལ 						དང 	གཞན་ལ 	ཕན་པ 	ཕུན 	སུམ 	ཚོགས་པ 	bstod tshogs ka_.txt	     དང  གཞན་ལ  ཕན་པ  ཕུན  སུམ  ཚོགས་པ 
 དང  ཕྲད་ཅིང 						དང 	ཕྲད་ཅིང 	ལམ་བཟང་པོ 	རྙེད་པ 	-ས 	མ་རིག་པ 	bstod tshogs ka_.txt	     དང  ཕྲད་ཅིང  ལམ་བཟང་པོ  རྙེད་པ  -ས  མ་རིག་པ 
 དང  ཟངས་ཀྱི 						དང 	ཟངས་ཀྱི 	དྲི་མ་དང 	བྲལ་བ 	བཞིན་ཏེ 	།_ 	bstod tshogs ka_.txt	     དང  ཟངས་ཀྱི  དྲི་མ་དང  བྲལ་བ  བཞིན་ཏེ  །_ 
 དང  ཉེས་པ 						དང 	ཉེས་པ 	ལེན་ཅིང 	སྤོང་བ 	ཡོད་པ་ཡིན་ནོ 	།_། 	bstod tshogs ka_.txt	     དང  ཉེས་པ  ལེན་ཅིང  སྤོང་བ  ཡོད་པ་ཡིན་ནོ  །_། 
 དང  ལྡན་པ་ནི 						དང 	ལྡན་པ་ནི 	ཀུན་ནས 	ཉོན་མོངས 	པར 	ཐལ་བ 	bstod tshogs ka_.txt	     དང  ལྡན་པ་ནི  ཀུན་ནས  ཉོན་མོངས  པར  ཐལ་བ 
 དང  མཚུངས་སོ 						དང 	མཚུངས་སོ 	།_། 	གཞན་ཡང 	ཁྱད་པར་དུ 	བྱ་བ 	bstod tshogs ka_.txt	     དང  མཚུངས་སོ  །_།  གཞན་ཡང  ཁྱད་པར་དུ  བྱ་བ 
 དང ོས་པོ 	-འི་ཕྱིར 	།_ 	དངོས 	མིན 		དང	ོས་པོ 	མེད 	མ་ཡིན 	།_། 	ཞེས 	bstod tshogs ka_.txt	-འི་ཕྱིར  །_  དངོས  མིན   དང ོས་པོ  མེད  མ་ཡིན  །_།  ཞེས 
 དང ོས་པོ་ནི 	བྱ་བ 	སྨོས་ཏེ 	།_ 			དང	ོས་པོ་ནི 	གཟུགས་སུ 	ཡོད་པའོ 	།_། 	དེ 	bstod tshogs ka_.txt	བྱ་བ  སྨོས་ཏེ  །_    དང ོས་པོ་ནི  གཟུགས་སུ  ཡོད་པའོ  །_།  དེ 
 དང ོས་པོ 	མེད་པ 	-ར 	གྱུར་པ་ནི 			དང	ོས་པོ 	མེད་པ་སྟེ 	།_ 	གཉི 	ག་ལ 	bstod tshogs ka_.txt	མེད་པ  -ར  གྱུར་པ་ནི    དང ོས་པོ  མེད་པ་སྟེ  །_  གཉི  ག་ལ 
།_  དང ོས 	ལྡོག་པ 	-ར 	འགྱུར་བ 	-ས་ན 	།_ 	དང	ོས 	མིན 	དངོས་པོ 	ཡོད་པ 	མ་ཡིན 	bstod tshogs ka_.txt	ལྡོག་པ  -ར  འགྱུར་བ  -ས་ན  །_  དང ོས  མིན  དངོས་པོ  ཡོད་པ  མ་ཡིན 
 དང  མེད་པ་དང 						དང 	མེད་པ་དང 	དབུས་ལས 	འདས་པ 	-ར 	གྱུར་པའོ 	bstod tshogs ka_.txt	     དང  མེད་པ་དང  དབུས་ལས  འདས་པ  -ར  གྱུར་པའོ 
 དང  འདྲ་བ 						དང 	འདྲ་བ 	-ར 	རོ་གཅིག་ཅིང 	མཉམ་པ 	-འི 	bstod tshogs ka_.txt	     དང  འདྲ་བ  -ར  རོ་གཅིག་ཅིང  མཉམ་པ  -འི 
།_  དང ོས་པོ་དང 	དཀའ་བ 	-འི 	རང་བཞིན 	ཅན་ཏེ 	།_ 	དང	ོས་པོ་དང 	དངོས་པོ 	མེད་པ 	གཉི་ག་དང 	གཞན་ལས 	bstod tshogs ka_.txt	དཀའ་བ  -འི  རང་བཞིན  ཅན་ཏེ  །_  དང ོས་པོ་དང  དངོས་པོ  མེད་པ  གཉི་ག་དང  གཞན་ལས 
 དང  བྲལ་བ 						དང 	བྲལ་བ 	ཉིད་དོ 	།_། 	དེ 	བས་ན 	bstod tshogs ka_.txt	     དང  བྲལ་བ  ཉིད་དོ  །_།  དེ  བས་ན 
 དང  བྲལ་བ 						དང 	བྲལ་བ 	ཉིད་དོ 	།_། 	དེ 	ཉིད་ཀྱིས་ན 	bstod tshogs ka_.txt	     དང  བྲལ་བ  ཉིད་དོ  །_།  དེ  ཉིད་ཀྱིས་ན 
 དང  བྲལ་བ 						དང 	བྲལ་བ 	-ར 	གྱུར་པའོ 	།_། 	ཁྱད 	bstod tshogs ka_.txt	     དང  བྲལ་བ  -ར  གྱུར་པའོ  །_།  ཁྱད 
 དང  བྲལ་བ་ཡི 						དང 	བྲལ་བ་ཡི 	།_། 	མཉམ 	མེད 	ཁྱོད་ལ 	bstod tshogs ka_.txt	     དང  བྲལ་བ་ཡི  །_།  མཉམ  མེད  ཁྱོད་ལ 
 དང ་ཡིད་ཀྱིས 						དང	་ཡིད་ཀྱིས 	ཕྱག 	འཚལ་ལོ་ཞེས 	བྱ་བ 	-འི 	bstod tshogs ka_.txt	     དང ་ཡིད་ཀྱིས  ཕྱག  འཚལ་ལོ་ཞེས  བྱ་བ  -འི 
 དང  །_ 						དང 	།_ 	མཐོང་བ 	དོན་ཡོད་དང 	།_ 	ངན 	bstod tshogs ka_.txt	     དང  །_  མཐོང་བ  དོན་ཡོད་དང  །_  ངན 
 དང  །_ 						དང 	།_ 	མྱ་ངན 	ཐམས་ཅད 	ངེས་པ 	-ར 	bstod tshogs ka_.txt	     དང  །_  མྱ་ངན  ཐམས་ཅད  ངེས་པ  -ར 
 དང  འདྲ་ཞིང 						དང 	འདྲ་ཞིང 	བྱིན་ཟ 	བཞིན་དུ 	ཀུན་ནས 	འབར་བ 	bstod tshogs ka_.txt	     དང  འདྲ་ཞིང  བྱིན་ཟ  བཞིན་དུ  ཀུན་ནས  འབར་བ 
 དང  ལྡན་པ 						དང 	ལྡན་པ 	-ས 	རབ་ཏུ 	འབར་བ 	-ར 	bstod tshogs ka_.txt	     དང  ལྡན་པ  -ས  རབ་ཏུ  འབར་བ  -ར 
 དང  །_ 						དང 	།_ 	རང 	སངས་རྒྱས་དང 	།_ 	ཉན 	bstod tshogs ka_.txt	     དང  །_  རང  སངས་རྒྱས་དང  །_  ཉན 
 དང  །_ 						དང 	།_ 	བྱང 	ཆུབ 	སེམས་དཔའ་དང 	།_ 	bstod tshogs ka_.txt	     དང  །_  བྱང  ཆུབ  སེམས་དཔའ་དང  །_ 
 དང  །_ 						དང 	།_ 	བརྒྱ 	བྱིན་དང 	།_ 	དབང 	bstod tshogs ka_.txt	     དང  །_  བརྒྱ  བྱིན་དང  །_  དབང 
 དང  གཟུགས་དང 						དང 	གཟུགས་དང 	གཟུགས 	མེད་པ་སྟེ 	སྲིད་པ་གསུམ་གྱི 	སེམས་ཅན 	bstod tshogs ka_.txt	     དང  གཟུགས་དང  གཟུགས  མེད་པ་སྟེ  སྲིད་པ་གསུམ་གྱི  སེམས་ཅན 
 དང  གསུང 						དང 	གསུང 	ཐུབ་པ་དང 	ལྡན་པ 	-ས་ན 	ཐུབ་པ་སྟེ 	bstod tshogs ka_.txt	     དང  གསུང  ཐུབ་པ་དང  ལྡན་པ  -ས་ན  ཐུབ་པ་སྟེ 
 དང  ངེས་པ 						དང 	ངེས་པ 	-ར 	ལེགས་པ 	-འི 	འབྲས་བུ 	bstod tshogs ka_.txt	     དང  ངེས་པ  -ར  ལེགས་པ  -འི  འབྲས་བུ 
 དང  ཡེ་ཤེས་ཀྱི 						དང 	ཡེ་ཤེས་ཀྱི 	ཚོགས 	ཡོངས་སུ 	རྫོགས་པ 	-ར 	bstod tshogs ka_.txt	     དང  ཡེ་ཤེས་ཀྱི  ཚོགས  ཡོངས་སུ  རྫོགས་པ  -ར 
 དང  །_ 						དང 	།_ 	སྙིང 	རྗེ་དང 	།_ 	དགའ་བ་དང 	bstod tshogs ka_.txt	     དང  །_  སྙིང  རྗེ་དང  །_  དགའ་བ་དང 
 དང  །_ 						དང 	།_ 	བསམ 	གཏན 	བཞི 	བསྒོམས་པ 	bstod tshogs ka_.txt	     དང  །_  བསམ  གཏན  བཞི  བསྒོམས་པ 
 དང  །_ 						དང 	།_ 	རི 	རབ 	ཆེན་པོ 	-འི 	bstod tshogs ka_.txt	     དང  །_  རི  རབ  ཆེན་པོ  -འི 
 དང  གཅིག་ཏུ 						དང 	གཅིག་ཏུ 	གྱུར་ནས 	ལྷུམས་སུ 	འཇུག་པ་དང 	།_ 	bstod tshogs ka_.txt	     དང  གཅིག་ཏུ  གྱུར་ནས  ལྷུམས་སུ  འཇུག་པ་དང  །_ 
 དང  །_ 						དང 	།_ 	བཙུན 	མོ 	-འི 	ནང་ན 	bstod tshogs ka_.txt	     དང  །_  བཙུན  མོ  -འི  ནང་ན 
 དང  །_ 						དང 	།_ 	མཚན་མོ 	མངོན་པ 	-ར 	བྱུང་བ་དང 	bstod tshogs ka_.txt	     དང  །_  མཚན་མོ  མངོན་པ  -ར  བྱུང་བ་དང 
 དང  །_ 						དང 	།_ 	བྱང 	ཆུབ་ཀྱི 	སྙིང་པོ 	-ར 	bstod tshogs ka_.txt	     དང  །_  བྱང  ཆུབ་ཀྱི  སྙིང་པོ  -ར 
 དང  _།_ 						དང 	_།_ 	བདུད 	བཏུལ་བ་དང 	།_ 	མངོན 	bstod tshogs ka_.txt	     དང  _།_  བདུད  བཏུལ་བ་དང  །_  མངོན 
 དང  །_ 						དང 	།_ 	ཆོས་ཀྱི 	འཁོར་ལོ 	བསྐོར་བ་ནས 	ཇི་སྲིད་དུ 	bstod tshogs ka_.txt	     དང  །_  ཆོས་ཀྱི  འཁོར་ལོ  བསྐོར་བ་ནས  ཇི་སྲིད་དུ 
 དང  ངག་དང་ཡིད་ཀྱིས 						དང 	ངག་དང་ཡིད་ཀྱིས 	ཕྱག 	འཚལ་ལོ་ཞེས 	བྱ་བ 	-འི 	bstod tshogs ka_.txt	     དང  ངག་དང་ཡིད་ཀྱིས  ཕྱག  འཚལ་ལོ་ཞེས  བྱ་བ  -འི 
 དང  ལྡན 						དང 	ལྡན 	ཞེ་ན 	།_ 	བསོད 	ནམ 	bstod tshogs ka_.txt	     དང  ལྡན  ཞེ་ན  །_  བསོད  ནམ 
 དང  ཡེ་ཤེས 						དང 	ཡེ་ཤེས 	ཆེན་པོ་ནི 	ཕ་རོལ་ཏུ 	ཕྱིན་པ་དྲུག་དང 	ལྡན་པའོ 	bstod tshogs ka_.txt	     དང  ཡེ་ཤེས  ཆེན་པོ་ནི  ཕ་རོལ་ཏུ  ཕྱིན་པ་དྲུག་དང  ལྡན་པའོ 
 དང  ཡེ་ཤེས 						དང 	ཡེ་ཤེས 	ཆེན་པོ 	དཔག་ཏུ 	མེད་པ་ལས 	བྱུང་བ་ནི 	bstod tshogs ka_.txt	     དང  ཡེ་ཤེས  ཆེན་པོ  དཔག་ཏུ  མེད་པ་ལས  བྱུང་བ་ནི 
 དང  །_ 						དང 	།_ 	ལོངས 	སྤྱོད 	རྫོགས་པ 	-འི 	bstod tshogs ka_.txt	     དང  །_  ལོངས  སྤྱོད  རྫོགས་པ  -འི 
 དང  །_ 						དང 	།_ 	སྤྲུལ་པ 	-འི 	སྐུ་ཞེས 	བྱ་བ 	bstod tshogs ka_.txt	     དང  །_  སྤྲུལ་པ  -འི  སྐུ་ཞེས  བྱ་བ 
 དང  ཚིག་གི་ལམ་ལས 						དང 	ཚིག་གི་ལམ་ལས 	རབ་ཏུ 	འདས་པ་ཞེས 	བྱ་བ་སྟེ 	།_ 	bstod tshogs ka_.txt	     དང  ཚིག་གི་ལམ་ལས  རབ་ཏུ  འདས་པ་ཞེས  བྱ་བ་སྟེ  །_ 
 དང  ལོངས་སྤྱོད 						དང 	ལོངས་སྤྱོད 	རྫོགས་པ་དང 	།_ 	སྤྲུལ་པ 	-འི 	bstod tshogs ka_.txt	     དང  ལོངས་སྤྱོད  རྫོགས་པ་དང  །_  སྤྲུལ་པ  -འི 
 དང  །_ 						དང 	།_ 	བོད་ཀྱི 	ལོ་ཙཱ་བ་བནྡེ 	རིན་ཆེན 	བཟང་པོ 	bstod tshogs ka_.txt	     དང  །_  བོད་ཀྱི  ལོ་ཙཱ་བ་བནྡེ  རིན་ཆེན  བཟང་པོ 
 དང  བློ་དང 						དང 	བློ་དང 	གསལ་བ་དག 	_། 	གང་ལ 	ཡོད་པ 	bstod tshogs ka_.txt	     དང  བློ་དང  གསལ་བ་དག  _།  གང་ལ  ཡོད་པ 
 དང  བུ་དང 						དང 	བུ་དང 	འབྱོར་དང 	རྒྱལ་སྲིད 	ཆེན་པོ་དང 	།_། 	bstod tshogs ka_.txt	     དང  བུ་དང  འབྱོར་དང  རྒྱལ་སྲིད  ཆེན་པོ་དང  །_། 
 དང ་ནི 						དང	་ནི 	ཁྲག་དང 	ཚིལ་དང 	མིག་དང 	ལུས 	bstod tshogs ka_.txt	     དང ་ནི  ཁྲག་དང  ཚིལ་དང  མིག་དང  ལུས 
ང  དང ་སེམས 	-འི་མཆོག 	_། 	བདེ་དང 	སྡུག་བསྔལ 	ང 	དང	་སེམས 	ཅན 	མཚུངས་པ 	-ར 	མྱོང་བ 	bstod tshogs ka_.txt	-འི་མཆོག  _།  བདེ་དང  སྡུག་བསྔལ  ང  དང ་སེམས  ཅན  མཚུངས་པ  -ར  མྱོང་བ 
 དང  དགེ་བ་བྱས 						དང 	དགེ་བ་བྱས 	།_། 	སེམས 	ཅན 	མང་པོ 	bstod tshogs ka_.txt	     དང  དགེ་བ་བྱས  །_།  སེམས  ཅན  མང་པོ 
།_།  དང ོས་པོ་གང་ལ 	འདྲ 	སྲོག་ཆགས 	མེད 	གྱུར་ན 	།_། 	དང	ོས་པོ་གང་ལ 	འདི 	-ར་ནི 	སྙིང་རྗེ 	བྱམས་ལས 	bstod tshogs ka_.txt	འདྲ  སྲོག་ཆགས  མེད  གྱུར་ན  །_།  དང ོས་པོ་གང་ལ  འདི  -ར་ནི  སྙིང་རྗེ  བྱམས་ལས 
སོགས  དང ོས་པོ 	།_། 	བཏང 	སྙོམས 	དགའ་བ་ལ 	སོགས 	དང	ོས་པོ 	-འི 	ཡུལ་དང 	རྣམ་པ 	-ར 	bstod tshogs ka_.txt	།_།  བཏང  སྙོམས  དགའ་བ་ལ  སོགས  དང ོས་པོ  -འི  ཡུལ་དང  རྣམ་པ  -ར 
སྣ་ཚོགས  དང ོས་པོ 	སེམས 	ཅན 	རྣམས 	ཉིད 	སྣ་ཚོགས 	དང	ོས་པོ 	-ར 	གྱུར་པ 	-ས 	ང་ཡི 	bstod tshogs ka_.txt	སེམས  ཅན  རྣམས  ཉིད  སྣ་ཚོགས  དང ོས་པོ  -ར  གྱུར་པ  -ས  ང་ཡི 
 དང  །_ 						དང 	།_ 	ལོ་ཙཱ་བ 	དགེ་སློང 	ཚུལ་ཁྲིམས 	རྒྱལ་བ 	bstod tshogs ka_.txt	     དང  །_  ལོ་ཙཱ་བ  དགེ་སློང  ཚུལ་ཁྲིམས  རྒྱལ་བ 
 དང  །_། 						དང 	།_། 	སངས 	རྒྱས 	འགྲོ་བ 	-འི 	bstod tshogs ka_.txt	     དང  །_།  སངས  རྒྱས  འགྲོ་བ  -འི 
 དང ་ནི 						དང	་ནི 	ཟླ་འོད་བཞིན 	།_། 	གུས་ལ 	བྱམས་མ 	bstod tshogs ka_.txt	     དང ་ནི  ཟླ་འོད་བཞིན  །_།  གུས་ལ  བྱམས་མ 
 དང  །_། 						དང 	།_། 	དེས་ཀྱང 	མཐོང་བ 	དོན་ཡོད་ཀྱི 	།_། 	bstod tshogs ka_.txt	     དང  །_།  དེས་ཀྱང  མཐོང་བ  དོན་ཡོད་ཀྱི  །_། 
 དང ོས 						དང	ོས 	གྲུབ 	ངེས་པ 	-ར 	ཐོབ་པ 	bstod tshogs ka_.txt	     དང ོས  གྲུབ  ངེས་པ  -ར  ཐོབ་པ 
 དང  དེ་བཞིན 						དང 	དེ་བཞིན 	གཤེགས 	རྣམས་ཀྱིས 	།_། 	ཁྱོད 	bstod tshogs ka_.txt	     དང  དེ་བཞིན  གཤེགས  རྣམས་ཀྱིས  །_།  ཁྱོད 
 དང  མཇལ་བ་བཞིན 						དང 	མཇལ་བ་བཞིན 	།_། 	རྒོལ་བ 	རྣམས་ཀྱི 	རྩོད་དང་སྐྱོན 	bstod tshogs ka_.txt	     དང  མཇལ་བ་བཞིན  །_།  རྒོལ་བ  རྣམས་ཀྱི  རྩོད་དང་སྐྱོན 
 དང  མཇལ་ན 						དང 	མཇལ་ན 	འཇིག་པ 	-ར་འགྱུར 	།_། 	ཁྱོད 	bstod tshogs ka_.txt	     དང  མཇལ་ན  འཇིག་པ  -ར་འགྱུར  །_།  ཁྱོད 
 དང  །_། 						དང 	།_། 	མཁས་པ 	རྣམས་ལ 	དབུགས 	འབྱིན་པ 	bstod tshogs ka_.txt	     དང  །_།  མཁས་པ  རྣམས་ལ  དབུགས  འབྱིན་པ 
 དང  །_། 						དང 	།_། 	བསྒྲུབས་པ་ལས་ནི 	རྣམ་གྲོལ་བ 	།_། 	དེ 	bstod tshogs ka_.txt	     དང  །_།  བསྒྲུབས་པ་ལས་ནི  རྣམ་གྲོལ་བ  །_།  དེ 
 དང  །_། 						དང 	།_། 	ཉན 	ཐོས 	རྣམས་ཀྱིས 	ངེས 	bstod tshogs ka_.txt	     དང  །_།  ཉན  ཐོས  རྣམས་ཀྱིས  ངེས 
 དང  _།_ 						དང 	_།_ 	ལོ་ཙཱ་བ 	བློ་ལྡན 	ཤེས་རབ་ཀྱིས 	བསྒྱུར་བའོ 	bstod tshogs ka_.txt	     དང  _།_  ལོ་ཙཱ་བ  བློ་ལྡན  ཤེས་རབ་ཀྱིས  བསྒྱུར་བའོ 
གང་ཞིག  དང ོས་པོ 	གྱུར་པ་ལ 	ཕྱག 	འཚལ་ལོ 	།_། 	གང་ཞིག 	དང	ོས་པོ 	རྟེན་འབྱུང་རྣམས 	།_། 	ངོ་བོ 	མེད་པ 	bstod tshogs ka_.txt	གྱུར་པ་ལ  ཕྱག  འཚལ་ལོ  །_།  གང་ཞིག  དང ོས་པོ  རྟེན་འབྱུང་རྣམས  །_།  ངོ་བོ  མེད་པ 
 དང  ལྡན 						དང 	ལྡན 	རྣམས་ལ 	།_། 	ཐུགས 	རྗེ 	bstod tshogs ka_.txt	     དང  ལྡན  རྣམས་ལ  །_།  ཐུགས  རྗེ 
 དང ་ནི 						དང	་ནི 	སྨིག 	རྒྱུ་དང 	_།_། 	དྲི་ཟ 	bstod tshogs ka_.txt	     དང ་ནི  སྨིག  རྒྱུ་དང  _།_།  དྲི་ཟ 
 དང  _།_། 						དང 	_།_། 	རྨི་ལམ 	གལ་ཏེ 	མ 	སྐྱེས་ན 	bstod tshogs ka_.txt	     དང  _།_།  རྨི་ལམ  གལ་ཏེ  མ  སྐྱེས་ན 
-འི  དང ོས 	།_། 	གང 	ཚེ 	བྱས་པ 	-འི 	དང	ོས 	མ་སྐྱེས 	།_། 	དེ 	ཚེ 	bstod tshogs ka_.txt	།_།  གང  ཚེ  བྱས་པ  -འི  དང ོས  མ་སྐྱེས  །_།  དེ  ཚེ 
རང་ལས  དང ོས་པ 	མ 	འོངས་པ་ཡང 	ཇི་ལྟར་ལྟོས 	།_། 	རང་ལས 	དང	ོས་པ 	སྐྱེ་བ་མེད 	།_། 	གཞན་དང་གཉིས 	ཀ་ལ 	bstod tshogs ka_.txt	མ  འོངས་པ་ཡང  ཇི་ལྟར་ལྟོས  །_།  རང་ལས  དང ོས་པ  སྐྱེ་བ་མེད  །_།  གཞན་དང་གཉིས  ཀ་ལ 
རང་བཞིན  དང ོས་པོ 	ཕྱིར་གང་ལས 	ཀུན་དུ 	འབྱུང 	_།_། 	རང་བཞིན 	དང	ོས་པོ 	མེད 	གྲུབ་པས 	།_། 	གཞན་ལས་ཀྱང་ནི 	bstod tshogs ka_.txt	ཕྱིར་གང་ལས  ཀུན་དུ  འབྱུང  _།_།  རང་བཞིན  དང ོས་པོ  མེད  གྲུབ་པས  །_།  གཞན་ལས་ཀྱང་ནི 
 དང  མ 						དང 	མ 	འོངས་ལ 	སོགས་པ 	།_། 	ཉོན་མོངས 	bstod tshogs ka_.txt	     དང  མ  འོངས་ལ  སོགས་པ  །_།  ཉོན་མོངས 
།_།  དང ོས་གང 	དག 	ལོག་པ 	-འང 	རང་ལས་ཅི 	།_། 	དང	ོས་གང 	རང 	ལས་མ 	མཆིས་ན 	།_། 	bstod tshogs ka_.txt	དག  ལོག་པ  -འང  རང་ལས་ཅི  །_།  དང ོས་གང  རང  ལས་མ  མཆིས་ན  །_། 
གཞན་གྱི  དང ོས་མེད་པ 	མེད་ན་མིན 	།_། 	གང 	ཚེ 	གཞན་གྱི 	དང	ོས་མེད་པ 	།_། 	དེ 	ཚེ 	དངོས 	bstod tshogs ka_.txt	མེད་ན་མིན  །_།  གང  ཚེ  གཞན་གྱི  དང ོས་མེད་པ  །_།  དེ  ཚེ  དངོས 
གཞན  དང ོས 	རང་བཞིན་མེད 	།_། 	དེ 	ཚེ 	གཞན 	དང	ོས 	དངོས་འཛིན་པ 	།_། 	དོན་གྱི 	ཐེག་པ་ཅི་ཞིག་མཆིས 	bstod tshogs ka_.txt	རང་བཞིན་མེད  །_།  དེ  ཚེ  གཞན  དང ོས  དངོས་འཛིན་པ  །_།  དོན་གྱི  ཐེག་པ་ཅི་ཞིག་མཆིས 
 དང  _།_། 						དང 	_།_། 	ཚད་མ 	ཉིད་ཀྱང 	མ་ཡིན་དང 	_།_། 	bstod tshogs ka_.txt	     དང  _།_།  ཚད་མ  ཉིད་ཀྱང  མ་ཡིན་དང  _།_། 
 དང ་ནི 						དང	་ནི 	།_། 	ལོག 	པར 	ཡོངས་ཤེས 	bstod tshogs ka_.txt	     དང ་ནི  །_།  ལོག  པར  ཡོངས་ཤེས 
 དང  _།_། 						དང 	_།_། 	བྲལ་བ 	-ར 	ཁྱོད་ཀྱིས 	བཀའ 	bstod tshogs ka_.txt	     དང  _།_།  བྲལ་བ  -ར  ཁྱོད་ཀྱིས  བཀའ 
 དང  །_། 						དང 	།_། 	ཟླ་གཉིས་ལ 	སོགས 	མཐོང་བ་བཞིན 	།_། 	bstod tshogs ka_.txt	     དང  །_།  ཟླ་གཉིས་ལ  སོགས  མཐོང་བ་བཞིན  །_། 
 དང ོས 	འགྲོ་བ 	འབྱུང་བ་དེ 				དང	ོས 	སུ 	།_། 	མ 	བྱུང 	bstod tshogs ka_.txt	འགྲོ་བ  འབྱུང་བ་དེ     དང ོས  སུ  །_།  མ  བྱུང 
།_།  དང ོས་པོ 	།_། 	འབྱུང་བ 	མཐོང་བ 	དེ་བཞིན་དུ 	།_། 	དང	ོས་པོ 	ཐམས་ཅད 	འབྱུང་བ་བཞིན 	།_། 	འཇིག་པ 	bstod tshogs ka_.txt	།_།  འབྱུང་བ  མཐོང་བ  དེ་བཞིན་དུ  །_།  དང ོས་པོ  ཐམས་ཅད  འབྱུང་བ་བཞིན  །_།  འཇིག་པ 
 དང  _།_། 						དང 	_།_། 	འཁོར་བ 	སྡུག་བསྔལ 	ཀུན 	ཉོན་མོངས 	bstod tshogs ka_.txt	     དང  _།_།  འཁོར་བ  སྡུག་བསྔལ  ཀུན  ཉོན་མོངས 
 དང  ཐར་པ་ཡང 						དང 	ཐར་པ་ཡང 	_།_། 	རྨི་ལམ 	འདྲ་བ 	-ར 	bstod tshogs ka_.txt	     དང  ཐར་པ་ཡང  _།_།  རྨི་ལམ  འདྲ་བ  -ར 
 དང  མ 						དང 	མ 	སྐྱེས་དང 	_།_། 	འོངས་པ་དང་ནི 	སོང་བ་ཡང 	bstod tshogs ka_.txt	     དང  མ  སྐྱེས་དང  _།_།  འོངས་པ་དང་ནི  སོང་བ་ཡང 
།_།  དང ོས་པོ 	ཇི 	ལྟར 	སྒྱུ་མ 	མཁན་གྱིས་བྱས 	།_། 	དང	ོས་པོ 	སྟོང་པ 	དེ་བཞིན་དུ 	།_། 	བྱས་པ 	bstod tshogs ka_.txt	ཇི  ལྟར  སྒྱུ་མ  མཁན་གྱིས་བྱས  །_།  དང ོས་པོ  སྟོང་པ  དེ་བཞིན་དུ  །_།  བྱས་པ 
ཐམས་ཅད  དང ོས 					ཐམས་ཅད 	དང	ོས 	སྟོང་གཞན 	།_། 	ཁྱོད 	གསུང 	bstod tshogs ka_.txt	    ཐམས་ཅད  དང ོས  སྟོང་གཞན  །_།  ཁྱོད  གསུང 
།_།  དང ོས་དང 	རྣམ་རྟོག་པའི 	།_། 	རྟོག་པ་ཡང་ནི 	མེད་ཅེས་གསུངས 	།_། 	དང	ོས་དང 	དངོས་མེད་གཉིས 	འདས་པ 	།_། 	ལ 	bstod tshogs ka_.txt	རྣམ་རྟོག་པའི  །_།  རྟོག་པ་ཡང་ནི  མེད་ཅེས་གསུངས  །_།  དང ོས་དང  དངོས་མེད་གཉིས  འདས་པ  །_།  ལ 
 དང  _།_། 						དང 	_།_། 	གང་ཡང 	གཅིག 	མིན 	དུ་མ 	bstod tshogs ka_.txt	     དང  _།_།  གང་ཡང  གཅིག  མིན  དུ་མ 
 དང  མི 						དང 	མི 	གསལ་དང 	_།_། 	བསམ 	མི 	bstod tshogs ka_.txt	     དང  མི  གསལ་དང  _།_།  བསམ  མི 
 དང  དཔེ་མེད་དང 						དང 	དཔེ་མེད་དང 	_།_། 	གང་ཡང 	མི 	སྐྱེ 	bstod tshogs ka_.txt	     དང  དཔེ་མེད་དང  _།_།  གང་ཡང  མི  སྐྱེ 
 དང  _།_། 						དང 	_།_། 	ཆད་པ 	མེད་ཅིང 	རྟག 	མེད་པ 	bstod tshogs ka_.txt	     དང  _།_།  ཆད་པ  མེད་ཅིང  རྟག  མེད་པ 
 དང ་མཚུངས 						དང	་མཚུངས 	།_། 	དེ་ནི 	དེ་ཉིད 	དོན་དང་ནི 	bstod tshogs ka_.txt	     དང ་མཚུངས  །_།  དེ་ནི  དེ་ཉིད  དོན་དང་ནི 
 དང  རྫས་སུ་བཞེད 						དང 	རྫས་སུ་བཞེད 	།_། 	དེ་ནི 	ཡང་དག 	མི 	bstod tshogs ka_.txt	     དང  རྫས་སུ་བཞེད  །_།  དེ་ནི  ཡང་དག  མི 
 དང  ཆོས་དབྱིངས་དང 						དང 	ཆོས་དབྱིངས་དང 	_།_། 	དེས་ན 	དོན་དུ 	ཐ 	bstod tshogs ka_.txt	     དང  ཆོས་དབྱིངས་དང  _།_།  དེས་ན  དོན་དུ  ཐ 
 དང ་ནི 						དང	་ནི 	གཞན 	རྣམས་དང 	_།_། 	དེས་ན 	bstod tshogs ka_.txt	     དང ་ནི  གཞན  རྣམས་དང  _།_།  དེས་ན 
།_།  དང ོས་པོ 	མཉམ་པ 	-ར 	ཁྱོད 	བཞེད་ལགས 	།_། 	དང	ོས་པོ 	རྣམས་ལས 	སྟོང 	གཞན་མིན 	།_། 	bstod tshogs ka_.txt	མཉམ་པ  -ར  ཁྱོད  བཞེད་ལགས  །_།  དང ོས་པོ  རྣམས་ལས  སྟོང  གཞན་མིན  །_། 
 དང ོས་པོ་མེད 	དེ 	མེད་པ 	-ར་ཡང 			དང	ོས་པོ་མེད 	།_། 	དེ 	ཕྱིར 	རྟེན་ཅིང 	bstod tshogs ka_.txt	དེ  མེད་པ  -ར་ཡང    དང ོས་པོ་མེད  །_།  དེ  ཕྱིར  རྟེན་ཅིང 
 དང ོས 						དང	ོས 	།_། 	སྟོང་པ 	ལགས 	པར 	bstod tshogs ka_.txt	     དང ོས  །_།  སྟོང་པ  ལགས  པར 
 དང  རྐྱེན་ལས 						དང 	རྐྱེན་ལས 	བྱུང་བ 	-འང་ལགས 	།_། 	གཞན་གྱི 	bstod tshogs ka_.txt	     དང  རྐྱེན་ལས  བྱུང་བ  -འང་ལགས  །_།  གཞན་གྱི 
རྫས  དང ོས་ཡོད་པ 	ཉིད་དང 	རང་བཞིན་དང 	_།_། 	ཡང་དག 	རྫས 	དང	ོས་ཡོད་པ 	-འང་ལགས 	།_། 	བརྟགས་པ 	-འི 	bstod tshogs ka_.txt	ཉིད་དང  རང་བཞིན་དང  _།_།  ཡང་དག  རྫས  དང ོས་ཡོད་པ  -འང་ལགས  །_།  བརྟགས་པ  -འི 
 དང ོས་པོ 						དང	ོས་པོ 	མེད་པ་ཉིད 	།_། 	གཞན་གྱི 	དབང་ནི 	bstod tshogs ka_.txt	     དང ོས་པོ  མེད་པ་ཉིད  །_།  གཞན་གྱི  དབང་ནི 
-འི  དང ོས་པོ 	ཡོད 	མ་ལགས 	།_། 	བརྟགས་པ 	-འི 	དང	ོས་པོ 	ཡོད་ཅེས་པ 	།_། 	སྒྲོ 	འདོགས 	bstod tshogs ka_.txt	ཡོད  མ་ལགས  །_།  བརྟགས་པ  -འི  དང ོས་པོ  ཡོད་ཅེས་པ  །_།  སྒྲོ  འདོགས 
འགྲོ་བ  དང ོས་པོ 	ཉིད་ཀྱང 	མེད་པ 	-ར་བཤད 	།_། 	འགྲོ་བ 	དང	ོས་པོ 	-ས 	སྟོང་པ་ལགས 	།_། 	དེ 	bstod tshogs ka_.txt	ཉིད་ཀྱང  མེད་པ  -ར་བཤད  །_།  འགྲོ་བ  དང ོས་པོ  -ས  སྟོང་པ་ལགས  །_།  དེ 
 དང  _།_། 						དང 	_།_། 	མཐའ་མེད 	པར་ཡང 	འགྱུར་བ་ལགས 	།_། 	bstod tshogs ka_.txt	     དང  _།_།  མཐའ་མེད  པར་ཡང  འགྱུར་བ་ལགས  །_། 
།_།  དང ོས་པོ 	།_། 	དེ་ནི 	ཡང་དག 	དམ་པ་ལགས 	།_། 	དང	ོས་པོ 	-འི 	གདོན་གྱིས 	ཟིན 	རྣམས་ཀྱིས 	bstod tshogs ka_.txt	།_།  དེ་ནི  ཡང་དག  དམ་པ་ལགས  །_།  དང ོས་པོ  -འི  གདོན་གྱིས  ཟིན  རྣམས་ཀྱིས 
།_།  དང ོས 	།_། 	འཇིག 	རྟེན་གསུམ་པོ 	སྦྱིན་སྲེག་མཛད 	།_། 	དང	ོས 	འཛིན 	འཇིགས་པ 	གཅོད 	བགྱིད་ཅིང 	bstod tshogs ka_.txt	།_།  འཇིག  རྟེན་གསུམ་པོ  སྦྱིན་སྲེག་མཛད  །_།  དང ོས  འཛིན  འཇིགས་པ  གཅོད  བགྱིད་ཅིང 
 དང  ཆེས་ཟབ་པའི 						དང 	ཆེས་ཟབ་པའི 	།_། 	ཆོས་ཀྱི 	རྔ་ཆེན 	བརྡུངས་པ་ལགས 	bstod tshogs ka_.txt	     དང  ཆེས་ཟབ་པའི  །_།  ཆོས་ཀྱི  རྔ་ཆེན  བརྡུངས་པ་ལགས 
 དང  འགག་ལ་སོགས 						དང 	འགག་ལ་སོགས 	།_། 	སེམས 	ཅན 	སྲོག་ལ 	bstod tshogs ka_.txt	     དང  འགག་ལ་སོགས  །_།  སེམས  ཅན  སྲོག་ལ 
 དང  མཚུངས་པ 						དང 	མཚུངས་པ 	-ར་ཤོག 	_། 	བསམ་གྱིས 	མི 	bstod tshogs ka_.txt	     དང  མཚུངས་པ  -ར་ཤོག  _།  བསམ་གྱིས  མི 
 དང  གཞན་དང་གཉིས 						དང 	གཞན་དང་གཉིས 	ཀ་ལས 	།_། 	རྣམ 	པར 	bstod tshogs ka_.txt	     དང  གཞན་དང་གཉིས  ཀ་ལས  །_།  རྣམ  པར 
 དང ོས 	དབེན་པ 	-འི 				དང	ོས 	གཟིགས་ཀྱང 	།_། 	ཁྱོད་ཀྱི 	ཐུགས་རྗེ 	bstod tshogs ka_.txt	དབེན་པ  -འི     དང ོས  གཟིགས་ཀྱང  །_།  ཁྱོད་ཀྱི  ཐུགས་རྗེ 
 དང  སྐྱེ་མཆེད་རྣམས 						དང 	སྐྱེ་མཆེད་རྣམས 	།_། 	ཁྱོད་ཀྱིས 	བསྒྲགས་པ 	-ར 	bstod tshogs ka_.txt	     དང  སྐྱེ་མཆེད་རྣམས  །_།  ཁྱོད་ཀྱིས  བསྒྲགས་པ  -ར 
།_།  དང ོས 	།_། 	གང་ཞིག 	རྐྱེན་ལས་དེ 	མ་མཆིས 	།_། 	དང	ོས 	རྣམས 	རྐྱེན་ལས 	ཇི་ལྟར་སྐྱེ 	།_། 	bstod tshogs ka_.txt	།_།  གང་ཞིག  རྐྱེན་ལས་དེ  མ་མཆིས  །_།  དང ོས  རྣམས  རྐྱེན་ལས  ཇི་ལྟར་སྐྱེ  །_། 
།_།  དང ོས་པོ 	།_། 	ཁྱོད་ཀྱིས 	ཤིན་ཏུ 	གཟིགས་པ་ལགས 	།_། 	དང	ོས་པོ 	རྐྱེན་ལ 	བརྟེན 	གྲུབ་པར 	།_། 	bstod tshogs ka_.txt	།_།  ཁྱོད་ཀྱིས  ཤིན་ཏུ  གཟིགས་པ་ལགས  །_།  དང ོས་པོ  རྐྱེན་ལ  བརྟེན  གྲུབ་པར  །_། 
།_།  དང ོས་པོ 	།_། 	གང་དུ་ཡང་ནི 	མཆིས 	མ་ལགས 	།_། 	དང	ོས་པོ 	ཐམས་ཅད 	གཟུགས་བརྙན་དང 	།_། 	མཚུངས 	bstod tshogs ka_.txt	།_།  གང་དུ་ཡང་ནི  མཆིས  མ་ལགས  །_།  དང ོས་པོ  ཐམས་ཅད  གཟུགས་བརྙན་དང  །_།  མཚུངས 
།_།  དང ོས་སུ 	།_། 	དེ་ཡང 	ཡོངས་སུ 	བཏགས་པ་སྟེ 	།_། 	དང	ོས་སུ 	མགོན་པོ 	ཁྱོད 	མི་བཞེད 	།_། 	bstod tshogs ka_.txt	།_།  དེ་ཡང  ཡོངས་སུ  བཏགས་པ་སྟེ  །_།  དང ོས་སུ  མགོན་པོ  ཁྱོད  མི་བཞེད  །_། 
 དང  མི 						དང 	མི 	སྟོང 	བཞེད 	མ་ལགས 	།_། 	bstod tshogs ka_.txt	     དང  མི  སྟོང  བཞེད  མ་ལགས  །_། 
མིན  དང ོས་པོ 	གསུང་ཆེན 	སྤྱོད་པ་ལགས 	།_། 	གཞན 	མིན 	དང	ོས་པོ 	ཡོད 	མིན་ཞིང 	།_། 	གཞན 	bstod tshogs ka_.txt	གསུང་ཆེན  སྤྱོད་པ་ལགས  །_།  གཞན  མིན  དང ོས་པོ  ཡོད  མིན་ཞིང  །_།  གཞན 
 དང  གཞན 						དང 	གཞན 	ཉིད 	སྤངས་པ 	-ས་ན 	།_། 	bstod tshogs ka_.txt	     དང  གཞན  ཉིད  སྤངས་པ  -ས་ན  །_། 
 དང ོས 	ཇི 	ལྟ་བུ 	-ར་ཡང 			དང	ོས 	མ་མཆིས 	།_། 	གལ་ཏེ 	སྐྱེ 	bstod tshogs ka_.txt	ཇི  ལྟ་བུ  -ར་ཡང    དང ོས  མ་མཆིས  །_།  གལ་ཏེ  སྐྱེ 
 དང  །_། 						དང 	།_། 	ལྟ 	བ 	-འི 	ལམ་ངན 	bstod tshogs ka_.txt	     དང  །_།  ལྟ  བ  -འི  ལམ་ངན 
 དང  །_། 						དང 	།_། 	མེད་པ 	ཉིད 	ལ 	-འང 	bstod tshogs ka_.txt	     དང  །_།  མེད་པ  ཉིད  ལ  -འང 
 དང  །_། 						དང 	།_། 	གང 	དག་གིས་ནི 	དེ་ལྟར་རྟོགས 	།_། 	bstod tshogs ka_.txt	     དང  །_།  གང  དག་གིས་ནི  དེ་ལྟར་རྟོགས  །_། 
།_།  དང ོས 	རྟོགས་པ 	-ར 	བགྱི 	མི་འཚལ 	།_། 	དང	ོས 	ཀུན 	མྱ་ངན 	འདས 	མཚུངས་པར 	bstod tshogs ka_.txt	རྟོགས་པ  -ར  བགྱི  མི་འཚལ  །_།  དང ོས  ཀུན  མྱ་ངན  འདས  མཚུངས་པར 
 དང  མི 						དང 	མི 	མཁྱེན་མེད 	།_། 	རྣལ 	འབྱོར་པ་དང 	bstod tshogs ka_.txt	     དང  མི  མཁྱེན་མེད  །_།  རྣལ  འབྱོར་པ་དང 
 དང  །_། 						དང 	།_། 	གང་ལ 	བསྒོམ་དང 	མི 	བསྒོམ་མེད 	bstod tshogs ka_.txt	     དང  །_།  གང་ལ  བསྒོམ་དང  མི  བསྒོམ་མེད 
 དང  ཕྲ་བ་དང 						དང 	ཕྲ་བ་དང 	།_། 	ལྕི་བ་དང་ནི 	ཡང་བ 	-འི་རྡུལ 	bstod tshogs ka_.txt	     དང  ཕྲ་བ་དང  །_།  ལྕི་བ་དང་ནི  ཡང་བ  -འི་རྡུལ 
 དང  །_། 						དང 	།_། 	དོན 	སྟོང 	མིན་ཏེ་གཉིས 	ཀ་སྤངས 	bstod tshogs ka_.txt	     དང  །_།  དོན  སྟོང  མིན་ཏེ་གཉིས  ཀ་སྤངས 
།_།  དང ོས་དང 	མ 	-འི 	བདག་ཉིད་ལས 	རིང་བ 	།_། 	དང	ོས་དང 	དངོས་པོ 	མེད 	སྤངས་པ 	།_། 	bstod tshogs ka_.txt	མ  -འི  བདག་ཉིད་ལས  རིང་བ  །_།  དང ོས་དང  དངོས་པོ  མེད  སྤངས་པ  །_། 
།_།  དང ོས 	མགོན་པོ 	གཤེགས་དང 	བྱོན 	མི་མངའ 	།_། 	དང	ོས 	མེད 	ཁྱོད་ལ 	ཕྱག 	འཚལ་བསྟོད 	bstod tshogs ka_.txt	མགོན་པོ  གཤེགས་དང  བྱོན  མི་མངའ  །_།  དང ོས  མེད  ཁྱོད་ལ  ཕྱག  འཚལ་བསྟོད 
 དང ོས་མེད་མིན 	།_། 	ཁྱོད་ལ 	དངོས་དང 			དང	ོས་མེད་མིན 	།_། 	ཆད་པ 	མ 	ལགས 	bstod tshogs ka_.txt	།_།  ཁྱོད་ལ  དངོས་དང    དང ོས་མེད་མིན  །_།  ཆད་པ  མ  ལགས 
 དང  ལྗང་དང 						དང 	ལྗང་དང 	ལེ་བརྒན་དང 	།_། 	སེར་དང 	དཀར་དང 	bstod tshogs ka_.txt	     དང  ལྗང་དང  ལེ་བརྒན་དང  །_།  སེར་དང  དཀར་དང 
 དང  ཆུང་བ་དང 						དང 	ཆུང་བ་དང 	།_། 	སྦོམ་དང 	ཕྲ་བ 	ཁྱོད 	bstod tshogs ka_.txt	     དང  ཆུང་བ་དང  །_།  སྦོམ་དང  ཕྲ་བ  ཁྱོད 
 དང  ཐུང་བ 						དང 	ཐུང་བ 	-འི 	ཁམས 	མ་ལགས 	།_། 	bstod tshogs ka_.txt	     དང  ཐུང་བ  -འི  ཁམས  མ་ལགས  །_། 
 དང  འཁོར 						དང 	འཁོར 	མི་གནས 	།_། 	མི 	གནས 	bstod tshogs ka_.txt	     དང  འཁོར  མི་གནས  །_།  མི  གནས 
 དང  འཛིན་པ་རྣམ 						དང 	འཛིན་པ་རྣམ 	སྤངས་པའི 	།_། 	རྟོག 	བྲལ 	bstod tshogs ka_.txt	     དང  འཛིན་པ་རྣམ  སྤངས་པའི  །_།  རྟོག  བྲལ 
 དང  བསོད་ནམས 						དང 	བསོད་ནམས 	དམན་པ་ཞིག 	མ་མཆིས 	།_། 	བདག་ནི 	bstod tshogs ka_.txt	     དང  བསོད་ནམས  དམན་པ་ཞིག  མ་མཆིས  །_།  བདག་ནི 
 དང  གཞན 						དང 	གཞན 	རྣམས་ན 	།_། 	བཞུགས་པ 	-འི 	bstod tshogs ka_.txt	     དང  གཞན  རྣམས་ན  །_།  བཞུགས་པ  -འི 
།_།  དང ་པོ 	ནུར 	གྱུར་པ་ལ 	ཕྱག 	འཚལ་ལོ 	།_། 	དང	་པོ 	བྱང་ཆུབ 	མཆོག་ཏུ 	ཐུགས་བསྐྱེད་ནས 	།_། 	bstod tshogs ka_.txt	ནུར  གྱུར་པ་ལ  ཕྱག  འཚལ་ལོ  །_།  དང ་པོ  བྱང་ཆུབ  མཆོག་ཏུ  ཐུགས་བསྐྱེད་ནས  །_། 
 དང  འཇིག་རྟེན 						དང 	འཇིག་རྟེན 	མ 	ལུས 	ཚར་གཅོད་པ 	།_། 	bstod tshogs ka_.txt	     དང  འཇིག་རྟེན  མ  ལུས  ཚར་གཅོད་པ  །_། 
 དང  རང 						དང 	རང 	སངས་རྒྱས 	རྣམས་དང 	_།_། 	ཉན་ཐོས་དགྲ 	bstod tshogs ka_.txt	     དང  རང  སངས་རྒྱས  རྣམས་དང  _།_།  ཉན་ཐོས་དགྲ 
 དང  ཚུལ་ཁྲིམས་ལ་ནི 						དང 	ཚུལ་ཁྲིམས་ལ་ནི 	རབ 	བཀོད་པའི 	།_། 	རྣམ 	bstod tshogs ka_.txt	     དང  ཚུལ་ཁྲིམས་ལ་ནི  རབ  བཀོད་པའི  །_།  རྣམ 
 དང  _།_། 						དང 	_།_། 	ལྷ་ལས 	བབས་ནས 	མཛད་པ 	ཀུན་གྱི་མཐར 	bstod tshogs ka_.txt	     དང  _།_།  ལྷ་ལས  བབས་ནས  མཛད་པ  ཀུན་གྱི་མཐར 
གང་གིས  དང ་པོ 	ཐུབ་པ་ལ 	ཕྱག 	འཚལ་ལོ 	།_། 	གང་གིས 	དང	་པོ 	-ར 	བྱང་ཆུབ 	ཐུགས་བསྐྱེད་ནས 	།_། 	bstod tshogs ka_.txt	ཐུབ་པ་ལ  ཕྱག  འཚལ་ལོ  །_།  གང་གིས  དང ་པོ  -ར  བྱང་ཆུབ  ཐུགས་བསྐྱེད་ནས  །_། 
 དང  བརྒྱ་བྱིན་གྱིས 						དང 	བརྒྱ་བྱིན་གྱིས 	བཏུད 	མཚན 	མཆོག་ནི 	།_། 	bstod tshogs ka_.txt	     དང  བརྒྱ་བྱིན་གྱིས  བཏུད  མཚན  མཆོག་ནི  །_། 
 དང  མཐུན་པ 						དང 	མཐུན་པ 	-ར 	བྱ་བ་དང 	།_། 	ཁ 	bstod tshogs ka_.txt	     དང  མཐུན་པ  -ར  བྱ་བ་དང  །_།  ཁ 
 དང  ལྡན 						དང 	ལྡན 	མཛད 	ཐབས་ལ 	མཁས་པ་ཡིས 	།_། 	bstod tshogs ka_.txt	     དང  ལྡན  མཛད  ཐབས་ལ  མཁས་པ་ཡིས  །_། 
 དང  ལྷས་བྱིན་སོགས 						དང 	ལྷས་བྱིན་སོགས 	།_། 	འཁོར་མོ 	འཇིག་གི 	ཡུལ་དུ 	bstod tshogs ka_.txt	     དང  ལྷས་བྱིན་སོགས  །_།  འཁོར་མོ  འཇིག་གི  ཡུལ་དུ 
 དང  །_། 						དང 	།_། 	མ 	འོངས 	སེམས་ཅན 	བསོད་ནམས 	bstod tshogs ka_.txt	     དང  །_།  མ  འོངས  སེམས་ཅན  བསོད་ནམས 
 དང  མཚུངས་པ 						དང 	མཚུངས་པ 	-ར་ཤོག 	_། 	མཛད་པ 	བཅུ་གཉིས་ཀྱི 	bstod tshogs ka_.txt	     དང  མཚུངས་པ  -ར་ཤོག  _།  མཛད་པ  བཅུ་གཉིས་ཀྱི 
 དང  །_། 						དང 	།_། 	སྲིད 	འཁོར 	རྨོངས་ཆེན 	དྲ་བ་སྤངས 	bstod tshogs ka_.txt	     དང  །_།  སྲིད  འཁོར  རྨོངས་ཆེན  དྲ་བ་སྤངས 
 དང  ལྷ་མིན 						དང 	ལྷ་མིན 	མཆོད 	བྱས་པ 	།_། 	འཇིག 	bstod tshogs ka_.txt	     དང  ལྷ་མིན  མཆོད  བྱས་པ  །_།  འཇིག 
 དང  ལྡན 						དང 	ལྡན 	གྱུར་ཅིང 	།_། 	སུམ 	ཅུ 	bstod tshogs ka_.txt	     དང  ལྡན  གྱུར་ཅིང  །_།  སུམ  ཅུ 
 དང ་ལྡན 						དང	་ལྡན 	།_། 	ཤིས 	ལྡན 	མཚན 	bstod tshogs ka_.txt	     དང ་ལྡན  །_།  ཤིས  ལྡན  མཚན 
 དང  གློག་དང 						དང 	གློག་དང 	མེ་སྟག་དང 	།_། 	ཉི 	ཟེར 	bstod tshogs ka_.txt	     དང  གློག་དང  མེ་སྟག་དང  །_།  ཉི  ཟེར 
 དང  དུལ་བ 						དང 	དུལ་བ 	-ར 	ཡང་དག་ལྡན 	།_། 	ཐུབ་པ 	bstod tshogs ka_.txt	     དང  དུལ་བ  -ར  ཡང་དག་ལྡན  །_།  ཐུབ་པ 
 དང  ལྷ་མིན 						དང 	ལྷ་མིན 	ཕྱག 	བྱས་པ 	།_། 	བདག་གིས 	bstod tshogs ka_.txt	     དང  ལྷ་མིན  ཕྱག  བྱས་པ  །_།  བདག་གིས 
 དང  མ་དང 						དང 	མ་དང 	སྲིང་མོ་དང 	།_། 	བུ་དང 	ཆུང་མ 	bstod tshogs ka_.txt	     དང  མ་དང  སྲིང་མོ་དང  །_།  བུ་དང  ཆུང་མ 
 དང  ཉེས་བྱས་པ 						དང 	ཉེས་བྱས་པ 	།_། 	དེ་ཡིས 	བདག་ནི 	གཅིག་པུ 	bstod tshogs ka_.txt	     དང  ཉེས་བྱས་པ  །_།  དེ་ཡིས  བདག་ནི  གཅིག་པུ 
 དང  །_། 						དང 	།_། 	གཏིང 	མེད 	རྒྱ་མཚོ 	དག 	bstod tshogs ka_.txt	     དང  །_།  གཏིང  མེད  རྒྱ་མཚོ  དག 
 དང  ཆོས 						དང 	ཆོས 	མིན 	མ་འཚལ་ཞིང 	།_། 	བགྲོད 	bstod tshogs ka_.txt	     དང  ཆོས  མིན  མ་འཚལ་ཞིང  །_།  བགྲོད 
 དང ་འདྲ 						དང	་འདྲ 	།_། 	དེ 	བཞིན 	གཤེགས 	bstod tshogs ka_.txt	     དང ་འདྲ  །_།  དེ  བཞིན  གཤེགས 
 དང  མ 						དང 	མ 	བསད་པ 	།_། 	ཁོ 	བོས 	bstod tshogs ka_.txt	     དང  མ  བསད་པ  །_།  ཁོ  བོས 
 དང ་ནི 						དང	་ནི 	ཚེར་མ་ཡི 	།_། 	ལྗོན་ཤིང 	མང་པོ 	bstod tshogs ka_.txt	     དང ་ནི  ཚེར་མ་ཡི  །_།  ལྗོན་ཤིང  མང་པོ 
 དང  །_། 						དང 	།_། 	རི 	དགས 	མང་པོ 	མདའ 	bstod tshogs ka_.txt	     དང  །_།  རི  དགས  མང་པོ  མདའ 
 དང  མི 						དང 	མི 	རྒྱུ་བ 	།_། 	སྐྱོབ 	བྱེད 	bstod tshogs ka_.txt	     དང  མི  རྒྱུ་བ  །_།  སྐྱོབ  བྱེད 
 དང  །_། 						དང 	།_། 	དགྲ 	བཅོམ 	དག་ལ་སོགས 	།_། 	bstod tshogs ka_.txt	     དང  །_།  དགྲ  བཅོམ  དག་ལ་སོགས  །_། 
 དང  །_། 						དང 	།_། 	གང 	བསྟོད་གང་ལ 	བསྙེན་བཀུར་བགྱི 	།_། 	bstod tshogs ka_.txt	     དང  །_།  གང  བསྟོད་གང་ལ  བསྙེན་བཀུར་བགྱི  །_། 
 དང  ཐར་པ 						དང 	ཐར་པ 	-འི་ཕྱིར 	།_། 	ཡོན་ཏན 	གོམས 	bstod tshogs ka_.txt	     དང  ཐར་པ  -འི་ཕྱིར  །_།  ཡོན་ཏན  གོམས 
 དང  །_། 						དང 	།_། 	དེ་ཡི 	བསྟན་ལ 	གནས་པ 	-འི་རིགས 	bstod tshogs ka_.txt	     དང  །_།  དེ་ཡི  བསྟན་ལ  གནས་པ  -འི་རིགས 
 དང ་ནི 						དང	་ནི 	།_། 	གསུང་དང 	ཐུགས་ཀྱི 	ཕྲིན་ལས་ལ 	bstod tshogs ka_.txt	     དང ་ནི  །_།  གསུང་དང  ཐུགས་ཀྱི  ཕྲིན་ལས་ལ 
 དང  ལྡན་པ 						དང 	ལྡན་པ 	-ར 	གླགས 	མི་རྙེད 	།_། 	bstod tshogs ka_.txt	     དང  ལྡན་པ  -ར  གླགས  མི་རྙེད  །_། 
 དང  རྗེས 						དང 	རྗེས 	འབྲང་ཞིང 	།_། 	ལས་ཀྱི 	གླགས་ལ 	bstod tshogs ka_.txt	     དང  རྗེས  འབྲང་ཞིང  །_།  ལས་ཀྱི  གླགས་ལ 
 དང  །_། 						དང 	།_། 	དམན 	ཕྱིར 	ལེགས་པ 	-ར 	bstod tshogs ka_.txt	     དང  །_།  དམན  ཕྱིར  ལེགས་པ  -ར 
 དང  །_། 						དང 	།_། 	མཐུ་ལ 	ཐུག་པ 	མ 	མཆིས་ལ 	bstod tshogs ka_.txt	     དང  །_།  མཐུ་ལ  ཐུག་པ  མ  མཆིས་ལ 
 དང  །_། 						དང 	།_། 	མཐའ 	ཅན 	གཞལ་བ 	-ར 	bstod tshogs ka_.txt	     དང  །_།  མཐའ  ཅན  གཞལ་བ  -ར 
 དང ་པོའོ 						དང	་པོའོ 	།།_།། 	བདེ་ནས 	སྙིང་རྗེ 	མེད་པ་ནི 	bstod tshogs ka_.txt	     དང ་པོའོ  །།_།།  བདེ་ནས  སྙིང་རྗེ  མེད་པ་ནི 
 དང ་ནི 						དང	་ནི 	ངེས་པ 	-ར་སྦྱར 	།_། 	སྤྱོད་དམ 	bstod tshogs ka_.txt	     དང ་ནི  ངེས་པ  -ར་སྦྱར  །_།  སྤྱོད་དམ 
 དང ་བཅས 						དང	་བཅས 	།_། 	ཉིད་ཀྱི 	ཤ་ཡང 	སྩོལ 	bstod tshogs ka_.txt	     དང ་བཅས  །_།  ཉིད་ཀྱི  ཤ་ཡང  སྩོལ 
 དང ོས་པོ 	མཛད་ན 	།_། 				དང	ོས་པོ 	གཞན 	ལྟ 	སྨོས་ཅི་འཚལ 	།_། 	bstod tshogs ka_.txt	མཛད་ན  །_།     དང ོས་པོ  གཞན  ལྟ  སྨོས་ཅི་འཚལ  །_། 
 དང  སྲོག 						དང 	སྲོག 	དག་གིས 	།_། 	ལུས 	ཅན 	bstod tshogs ka_.txt	     དང  སྲོག  དག་གིས  །_།  ལུས  ཅན 
 དང  སྲོག་ཀྱང 						དང 	སྲོག་ཀྱང 	ཁྱོད་ཀྱིས་ནི 	།_། 	ལན 	བརྒྱ་ཕྲག་ཏུ 	bstod tshogs ka_.txt	     དང  སྲོག་ཀྱང  ཁྱོད་ཀྱིས་ནི  །_།  ལན  བརྒྱ་ཕྲག་ཏུ 
 དང  །_། 						དང 	།_། 	རང 	སྦྱོར 	ཕུན་ཚོགས 	མེད་པ 	bstod tshogs ka_.txt	     དང  །_།  རང  སྦྱོར  ཕུན་ཚོགས  མེད་པ 
 དང  །_། 						དང 	།_། 	སེམས 	ཅན 	དོན་དུ 	ཁུར 	bstod tshogs ka_.txt	     དང  །_།  སེམས  ཅན  དོན་དུ  ཁུར 
 དང  ང་རྒྱལ 						དང 	ང་རྒྱལ 	སྣང་མེད་པ 	།_། 	གང་གི 	ཤེས་རབ་ཀྱིས་ནི་བསལ 	bstod tshogs ka_.txt	     དང  ང་རྒྱལ  སྣང་མེད་པ  །_།  གང་གི  ཤེས་རབ་ཀྱིས་ནི་བསལ 
 དང  །_། 						དང 	།_། 	རྟག་ཏུ 	རྗེས་སུ 	འབྲེལ 	སླད་དུ 	bstod tshogs ka_.txt	     དང  །_།  རྟག་ཏུ  རྗེས་སུ  འབྲེལ  སླད་དུ 
 དང  ཐུན་མོང 						དང 	ཐུན་མོང 	མ 	ལགས་པའི 	།_། 	བདེ་བ 	bstod tshogs ka_.txt	     དང  ཐུན་མོང  མ  ལགས་པའི  །_།  བདེ་བ 
 དང  དེ་དག་ཏུ 						དང 	དེ་དག་ཏུ 	།_། 	བྱང 	ཆུབ 	སླད་དུ 	bstod tshogs ka_.txt	     དང  དེ་དག་ཏུ  །_།  བྱང  ཆུབ  སླད་དུ 
 དང  །_། 						དང 	།_། 	བརྩོན 	འགྲུས 	ཤེས་རབ་ཀྱིས་ཀྱང་ནི 	།_། 	bstod tshogs ka_.txt	     དང  །_།  བརྩོན  འགྲུས  ཤེས་རབ་ཀྱིས་ཀྱང་ནི  །_། 
 དང  །_། 						དང 	།_། 	འདྲ་བ 	ཙམ་ཡང 	མི 	གདའ་བ 	bstod tshogs ka_.txt	     དང  །_།  འདྲ་བ  ཙམ་ཡང  མི  གདའ་བ 
 དང  དམན་དང 						དང 	དམན་དང 	འཚོ་བ་མེད 	།_། 	ཁ 	ན་མ 	bstod tshogs ka_.txt	     དང  དམན་དང  འཚོ་བ་མེད  །_།  ཁ  ན་མ 
 དང  །_། 						དང 	།_། 	ཚིམ 	པར 	མི 	བྱེད་ལེགས 	bstod tshogs ka_.txt	     དང  །_།  ཚིམ  པར  མི  བྱེད་ལེགས 
 དང  མི 						དང 	མི 	ལྡན་ཏེ 	།_། 	འཇིག 	རྟེན་པ་ཡིས 	bstod tshogs ka_.txt	     དང  མི  ལྡན་ཏེ  །_།  འཇིག  རྟེན་པ་ཡིས 
དཔེ  དང ོས་ཀུན 					དཔེ 	དང	ོས་ཀུན 	།_། 	གེགས 	བགྱིད་པ་དང 	སྒྲིབ་པ་ཅན 	bstod tshogs ka_.txt	    དཔེ  དང ོས་ཀུན  །_།  གེགས  བགྱིད་པ་དང  སྒྲིབ་པ་ཅན 
 དང  ཉི 						དང 	ཉི 	ཚེ 	བ 	།_། 	ཤིན་ཏུ 	bstod tshogs ka_.txt	     དང  ཉི  ཚེ  བ  །_།  ཤིན་ཏུ 
 དང ་ནི 						དང	་ནི 	རབ་ཀྱི་རབ 	།_། 	ཀུན་ཏུ 	མཚོ་དང 	bstod tshogs ka_.txt	     དང ་ནི  རབ་ཀྱི་རབ  །_།  ཀུན་ཏུ  མཚོ་དང 
 དང ་བདེ 						དང	་བདེ 	མཐའ་ཅན 	།_། 	ཐུན་མོང 	མིན་པ 	bstod tshogs ka_.txt	     དང ་བདེ  མཐའ་ཅན  །_།  ཐུན་མོང  མིན་པ 
 དང ་ནི 						དང	་ནི 	རྒྱུན་ཆགས་པས 	།_། 	དཔེ 	ལྟ 	bstod tshogs ka_.txt	     དང ་ནི  རྒྱུན་ཆགས་པས  །_།  དཔེ  ལྟ 
 དང  ཕ་རོལ 						དང 	ཕ་རོལ 	མེད 	བརྟགས་ན 	།_། 	རྒྱ 	bstod tshogs ka_.txt	     དང  ཕ་རོལ  མེད  བརྟགས་ན  །_།  རྒྱ 
 དང  མཚུངས་མིན 						དང 	མཚུངས་མིན 	།_། 	ཐུན་མོང་གི་ནི 	དབྱེ་བ 	-ར་བརྗོད 	bstod tshogs ka_.txt	     དང  མཚུངས་མིན  །_།  ཐུན་མོང་གི་ནི  དབྱེ་བ  -ར་བརྗོད 
 དང  བསམ་པ 						དང 	བསམ་པ 	དག་པ་ཡིས 	།_། 	སྔོན་ཡང 	ཉེས་པ 	bstod tshogs ka_.txt	     དང  བསམ་པ  དག་པ་ཡིས  །_།  སྔོན་ཡང  ཉེས་པ 
 དང  _།_། 						དང 	_།_། 	ཆུ་དང 	ནམ་མཁའ 	-འི 	དག་པ་རྣམས 	bstod tshogs ka_.txt	     དང  _།_།  ཆུ་དང  ནམ་མཁའ  -འི  དག་པ་རྣམས 
 དང  འདྲ་བ་གང 						དང 	འདྲ་བ་གང 	།_། 	གང་ཡང 	ཁྱོད་ཀྱི 	རྗེས་འགྲོ་སློབ 	bstod tshogs ka_.txt	     དང  འདྲ་བ་གང  །_།  གང་ཡང  ཁྱོད་ཀྱི  རྗེས་འགྲོ་སློབ 
 དང ་མཚུངས 						དང	་མཚུངས 	།_། 	རྨད 	བྱུང 	ཡོན་ཏན 	bstod tshogs ka_.txt	     དང ་མཚུངས  །_།  རྨད  བྱུང  ཡོན་ཏན 
 དང  །_། 						དང 	།_། 	ཁྱོད་དུ 	བསྒྲུན་ཞིང་དེ་དང་ནི 	།_། 	ཁྱོད་དང 	bstod tshogs ka_.txt	     དང  །_།  ཁྱོད་དུ  བསྒྲུན་ཞིང་དེ་དང་ནི  །_།  ཁྱོད་དང 
 དང  །_། 						དང 	།_། 	ཐབས་དང 	གཅམ་བུ 	ཙམ་དུ་བས 	།_། 	bstod tshogs ka_.txt	     དང  །_།  ཐབས་དང  གཅམ་བུ  ཙམ་དུ་བས  །_། 
 དང  མངག་གཞུག་རྣམས 						དང 	མངག་གཞུག་རྣམས 	།_། 	སྡང 	བས 	གོལ 	bstod tshogs ka_.txt	     དང  མངག་གཞུག་རྣམས  །_།  སྡང  བས  གོལ 
 དང  མཇལ་ན་ཡང 						དང 	མཇལ་ན་ཡང 	།_། 	གཞན་ལ 	མི 	བསྟེན་པ་ཡིས་ནི 	bstod tshogs ka_.txt	     དང  མཇལ་ན་ཡང  །_།  གཞན་ལ  མི  བསྟེན་པ་ཡིས་ནི 
 དང  ཐུན་མོང་གང 						དང 	ཐུན་མོང་གང 	།_། 	མུ 	སྟེགས་ལས 	རྒྱལ་དེ 	bstod tshogs ka_.txt	     དང  ཐུན་མོང་གང  །_།  མུ  སྟེགས་ལས  རྒྱལ་དེ 
 དང  །_། 						དང 	།_། 	དཔའ་བོ 	ཁྱོད་ཀྱིས 	མུ་སྟེགས་ལས 	།_། 	bstod tshogs ka_.txt	     དང  །_།  དཔའ་བོ  ཁྱོད་ཀྱིས  མུ་སྟེགས་ལས  །_། 
 དང  །_། 						དང 	།_། 	དེ 	ཉིད་དང་ནི 	འགྲོ་བ་སྲིད 	།_། 	bstod tshogs ka_.txt	     དང  །_།  དེ  ཉིད་དང་ནི  འགྲོ་བ་སྲིད  །_། 
 དང  །_། 						དང 	།_། 	ཞེ 	སྡང 	བྲལ་བ 	-ས 	bstod tshogs ka_.txt	     དང  །_།  ཞེ  སྡང  བྲལ་བ  -ས 
 དང ་ནི 						དང	་ནི 	ལྡོག་པ 	-འི་ཕྱིར 	།_། 	དེ་ནི 	bstod tshogs ka_.txt	     དང ་ནི  ལྡོག་པ  -འི་ཕྱིར  །_།  དེ་ནི 
 དང  །_། 						དང 	།_། 	དམ 	ཆོས་མ 	ལགས 	སྨོད 	bstod tshogs ka_.txt	     དང  །_།  དམ  ཆོས་མ  ལགས  སྨོད 
 དང  ཐ་མ་ལ 						དང 	ཐ་མ་ལ 	།_། 	ཁྱོད་ནི 	ཆགས་དང 	ཁྲོ 	bstod tshogs ka_.txt	     དང  ཐ་མ་ལ  །_།  ཁྱོད་ནི  ཆགས་དང  ཁྲོ 
 དང  །_། 						དང 	།_། 	མི 	རིགས་པ་ནི 	རྩོད་པ་ཡིས 	།_། 	bstod tshogs ka_.txt	     དང  །_།  མི  རིགས་པ་ནི  རྩོད་པ་ཡིས  །_། 
 དང  མུ་སྟེགས་ལ 						དང 	མུ་སྟེགས་ལ 	།_། 	རྗེས་སུ 	ཆགས་དང 	ཁོང་ཁྲོ་བར 	bstod tshogs ka_.txt	     དང  མུ་སྟེགས་ལ  །_།  རྗེས་སུ  ཆགས་དང  ཁོང་ཁྲོ་བར 
 དང ་ནི 						དང	་ནི 	གསན་པ་དང 	།_། 	ཁྱོད་ཀྱིས 	མ 	bstod tshogs ka_.txt	     དང ་ནི  གསན་པ་དང  །_།  ཁྱོད་ཀྱིས  མ 
 དང  ཡོངས་སུ 						དང 	ཡོངས་སུ 	དག་པ་ལགས 	།_། 	ཕན 	ཚུན 	bstod tshogs ka_.txt	     དང  ཡོངས་སུ  དག་པ་ལགས  །_།  ཕན  ཚུན 
ལུས  དང ་སེམས 	-འི་ཕྱིར 	།_། 	ངེས 	པར 	ལུས 	དང	་སེམས 	དག་གི 	_། 	མྱ་ངན 	དགའ 	bstod tshogs ka_.txt	-འི་ཕྱིར  །_།  ངེས  པར  ལུས  དང ་སེམས  དག་གི  _།  མྱ་ངན  དགའ 
 དང ་བ 						དང	་བ 	།_། 	དུས 	རྣམས 	རྟག་ཏུ 	bstod tshogs ka_.txt	     དང ་བ  །_།  དུས  རྣམས  རྟག་ཏུ 
རྟག་ཏུ  དང ་བ་དག 	ཉམས་པས 	།_། 	ཁྱོད 	ཐུགས 	རྟག་ཏུ 	དང	་བ་དག 	_། 	མངོན 	སུམ 	གྱུར་པ 	bstod tshogs ka_.txt	ཉམས་པས  །_།  ཁྱོད  ཐུགས  རྟག་ཏུ  དང ་བ་དག  _།  མངོན  སུམ  གྱུར་པ 
 དང  །_། 						དང 	།_། 	མཛད 	སྤྱོད་བཟང་པོ 	-ས 	བསྒྲགས་པ 	bstod tshogs ka_.txt	     དང  །_།  མཛད  སྤྱོད་བཟང་པོ  -ས  བསྒྲགས་པ 
སེམས་ནི  དང ་བ 	ཁྱོད་ཀྱི 	སྐུ 	མཐོང་བས 	།_། 	སེམས་ནི 	དང	་བ 	-ར 	མ 	གྱུར་པ 	།_། 	bstod tshogs ka_.txt	ཁྱོད་ཀྱི  སྐུ  མཐོང་བས  །_།  སེམས་ནི  དང ་བ  -ར  མ  གྱུར་པ  །_། 
 དང  ཞི་བའམ 						དང 	ཞི་བའམ 	།_། 	ཡུལ་ནི 	ཤིན་ཏུ 	རྙེད་པ་ན 	bstod tshogs ka_.txt	     དང  ཞི་བའམ  །_།  ཡུལ་ནི  ཤིན་ཏུ  རྙེད་པ་ན 
 དང  བྲལ 						དང 	བྲལ 	འགྱུར་ཞིང 	།_། 	འདི་ནི 	མཐོང་བ 	bstod tshogs ka_.txt	     དང  བྲལ  འགྱུར་ཞིང  །_།  འདི་ནི  མཐོང་བ 
།_།  དང ་པོ 	ལན 	བརྒྱ 	མཐོང་དང 	གང་ཞིག་གིས 	།_། 	དང	་པོ 	-ར 	མཐོང་བ་དེ་གཉིས་ཀ 	_། 	འདྲ 	bstod tshogs ka_.txt	ལན  བརྒྱ  མཐོང་དང  གང་ཞིག་གིས  །_།  དང ་པོ  -ར  མཐོང་བ་དེ་གཉིས་ཀ  _།  འདྲ 
 དང ་ནི 						དང	་ནི 	།_། 	བརྟེན་པ 	-འི 	ཡོན་ཏན 	bstod tshogs ka_.txt	     དང ་ནི  །_།  བརྟེན་པ  -འི  ཡོན་ཏན 
 དང ་ནི 						དང	་ནི 	།_། 	ཡོན་ཏན 	ཕུན་ཚོགས 	མཆོག་དང་ལྡན 	bstod tshogs ka_.txt	     དང ་ནི  །_།  ཡོན་ཏན  ཕུན་ཚོགས  མཆོག་དང་ལྡན 
 དང  དཔེ 						དང 	དཔེ 	བྱད་བཟང 	འབར་བ 	།_། 	ཁྱོད་ཀྱི 	bstod tshogs ka_.txt	     དང  དཔེ  བྱད་བཟང  འབར་བ  །_།  ཁྱོད་ཀྱི 
 དང  མཚུངས 						དང 	མཚུངས 	མིན 	ཐོབ་པ་ནི 	།_། 	བརྟེན་པ་ཡི་ནི 	bstod tshogs ka_.txt	     དང  མཚུངས  མིན  ཐོབ་པ་ནི  །_།  བརྟེན་པ་ཡི་ནི 
 དང ་པ་ལས 						དང	་པ་ལས 	སྤོབས་པ 	སྐྱེས་པ་ཞེས 	བྱ་བ་ལས 	སྐུ་ལ 	bstod tshogs ka_.txt	     དང ་པ་ལས  སྤོབས་པ  སྐྱེས་པ་ཞེས  བྱ་བ་ལས  སྐུ་ལ 
 དང  བཀྲེས་སྐོམ 						དང 	བཀྲེས་སྐོམ 	གྲང་དྲོ་དང 	།_། 	མི 	སྲུན 	bstod tshogs ka_.txt	     དང  བཀྲེས་སྐོམ  གྲང་དྲོ་དང  །_།  མི  སྲུན 
།_།  དང ་པོ 	།_། 	བཟོད་པ 	གང་དེ 	ངོ་མཚར་ལགས 	།_། 	དང	་པོ 	-ར 	ཁྱོད་ལ 	ཕྱག 	བགྱི་འམ 	bstod tshogs ka_.txt	།_།  བཟོད་པ  གང་དེ  ངོ་མཚར་ལགས  །_།  དང ་པོ  -ར  ཁྱོད་ལ  ཕྱག  བགྱི་འམ 
 དང  མཐུན་པ 						དང 	མཐུན་པ 	-ས 	སྤངས་ནས་གང 	།_། 	ཉེར 	bstod tshogs ka_.txt	     དང  མཐུན་པ  -ས  སྤངས་ནས་གང  །_།  ཉེར 
 དང  ལྡན་པ 						དང 	ལྡན་པ 	-ས་ན 	།_། 	རོལ 	མོ་མཁན་གྱི 	bstod tshogs ka_.txt	     དང  ལྡན་པ  -ས་ན  །_།  རོལ  མོ་མཁན་གྱི 
 དང ་ནི 						དང	་ནི 	།_། 	ཉིད་ཀྱི 	ཡོན་ཏན 	བརྗོད་པ་གང 	bstod tshogs ka_.txt	     དང ་ནི  །_།  ཉིད་ཀྱི  ཡོན་ཏན  བརྗོད་པ་གང 
 དང  །_། 						དང 	།_། 	མཐུན 	འཇུག་པ་ནི 	ལགས 	པར་གདའ 	bstod tshogs ka_.txt	     དང  །_།  མཐུན  འཇུག་པ་ནི  ལགས  པར་གདའ 
ཡོད་དེ  དང ོས 	ཡོད་དེ 	ཆགས་པ་མིན 	།_། 	ཆགས་པ 	ཡོད་དེ 	དང	ོས 	མི་ཤེས 	།_། 	ཁ་ཅིག 	དངོས་པོ 	bstod tshogs ka_.txt	ཡོད་དེ  ཆགས་པ་མིན  །_།  ཆགས་པ  ཡོད་དེ  དང ོས  མི་ཤེས  །_།  ཁ་ཅིག  དངོས་པོ 
།_།  དང ོས་པོ 	།_། 	གཏོང་བ 	མིན་ལ 	ཆགས་པ་ཡང 	།_། 	དང	ོས་པོ 	ཤེས་ན 	རྗེས་སུ་མཐུན 	།_། 	ཐུགས 	bstod tshogs ka_.txt	།_།  གཏོང་བ  མིན་ལ  ཆགས་པ་ཡང  །_།  དང ོས་པོ  ཤེས་ན  རྗེས་སུ་མཐུན  །_།  ཐུགས 
 དང  དོན་ཆེ་དང 						དང 	དོན་ཆེ་དང 	།_། 	བདེན་པ་དང་ནི 	སྙན་པ་དང 	།_། 	bstod tshogs ka_.txt	     དང  དོན་ཆེ་དང  །_།  བདེན་པ་དང་ནི  སྙན་པ་དང  །_། 
 དང  །_། 						དང 	།_། 	བསྡུས་དང 	སྤྲོས་པ་དང 	ལྡན་པ 	།_། 	bstod tshogs ka_.txt	     དང  །_།  བསྡུས་དང  སྤྲོས་པ་དང  ལྡན་པ  །_། 
 དང ་རྩུབ 						དང	་རྩུབ 	མིན་དང 	།_། 	གསལ་དང 	བདེ་བླག 	bstod tshogs ka_.txt	     དང ་རྩུབ  མིན་དང  །_།  གསལ་དང  བདེ་བླག 
 དང  །_། 						དང 	།_། 	སྣ 	ཚོགས 	དོན་ནི 	མ 	bstod tshogs ka_.txt	     དང  །_།  སྣ  ཚོགས  དོན་ནི  མ 
 དང  །_། 						དང 	།_། 	སྙིང་པོ 	ཅན་དང 	མང་བ་ཡང 	།_། 	bstod tshogs ka_.txt	     དང  །_།  སྙིང་པོ  ཅན་དང  མང་བ་ཡང  །_། 
ཆགས  དང ་བ 	བསྐྱེད 	མི་འགྱུར 	།_། 	རྗེས་སུ 	ཆགས 	དང	་བ 	-ར 	མ་དང 	།_། 	སྡང 	bstod tshogs ka_.txt	བསྐྱེད  མི་འགྱུར  །_།  རྗེས་སུ  ཆགས  དང ་བ  -ར  མ་དང  །_།  སྡང 
 དང  རྩུབ་པ་དང 						དང 	རྩུབ་པ་དང 	།_། 	གང་ཡང་དེ་གཉིས 	ལྡན་པ་དག 	_། 	bstod tshogs ka_.txt	     དང  རྩུབ་པ་དང  །_།  གང་ཡང་དེ་གཉིས  ལྡན་པ་དག  _། 
 དང ་ལྡན 						དང	་ལྡན 	།_། 	ཨེ 	མ 	-འོ 	bstod tshogs ka_.txt	     དང ་ལྡན  །_།  ཨེ  མ  -འོ 
 དང  འབྲེལ་པ 						དང 	འབྲེལ་པ 	-ས་ན 	།_། 	རྣ 	བར 	bstod tshogs ka_.txt	     དང  འབྲེལ་པ  -ས་ན  །_།  རྣ  བར 
 དང  །_། 						དང 	།_། 	བྱམས་པ་དང་ནི 	སྙིང་རྗེ་ཡང 	།_། 	སྤྱོད་པ 	bstod tshogs ka_.txt	     དང  །_།  བྱམས་པ་དང་ནི  སྙིང་རྗེ་ཡང  །_།  སྤྱོད་པ 
 དང  འདྲ་བ་ལགས 						དང 	འདྲ་བ་ལགས 	།_། 	གཞན་ཡང 	རྟེན་ཅིང 	འབྲེལ 	bstod tshogs ka_.txt	     དང  འདྲ་བ་ལགས  །_།  གཞན་ཡང  རྟེན་ཅིང  འབྲེལ 
 དང ་ཡང་དུ 						དང	་ཡང་དུ 	མི 	ཤེས་པའི 	།_། 	རབ་རིབ 	bstod tshogs ka_.txt	     དང ་ཡང་དུ  མི  ཤེས་པའི  །_།  རབ་རིབ 
 དང ་འདྲ 						དང	་འདྲ 	།_། 	ང 	རྒྱལ 	རི་བོ 	bstod tshogs ka_.txt	     དང ་འདྲ  །_།  ང  རྒྱལ  རི་བོ 
 དང  །_། 						དང 	།_། 	དེ 	ལྟར 	རྟོགས 	ཉིད 	bstod tshogs ka_.txt	     དང  །_།  དེ  ལྟར  རྟོགས  ཉིད 
 དང ་ནི 						དང	་ནི 	སྙན་པ་དང 	།_། 	གོ 	སླ་དང་ནི 	bstod tshogs ka_.txt	     དང ་ནི  སྙན་པ་དང  །_།  གོ  སླ་དང་ནི 
 དང  །_། 						དང 	།_། 	གདུལ 	བྱ་དང་ནི 	རྗེས་སུ་མཐུན 	།_། 	bstod tshogs ka_.txt	     དང  །_།  གདུལ  བྱ་དང་ནི  རྗེས་སུ་མཐུན  །_། 
 དང ་པོ 	གདུག་པ་ལ་ཡང་བདེན 	དོན་ཕྱིར 	།_། 	རེ་ཞིག 		དང	་པོ 	-ར 	ཁྱོད་ཀྱི་གསུང 	།_། 	ཉན་པ 	bstod tshogs ka_.txt	གདུག་པ་ལ་ཡང་བདེན  དོན་ཕྱིར  །_།  རེ་ཞིག   དང ་པོ  -ར  ཁྱོད་ཀྱི་གསུང  །_།  ཉན་པ 
 དང  མུན་པ 						དང 	མུན་པ 	དག་ཀྱང་སེལ 	།_། 	ལོངས 	སྤྱོད 	bstod tshogs ka_.txt	     དང  མུན་པ  དག་ཀྱང་སེལ  །_།  ལོངས  སྤྱོད 
 དང  །_། 						དང 	།_། 	སྐྱེ་བ་དང་ནི 	འཇིག་པ་ཡང 	།_། 	གཞན་ཡང 	bstod tshogs ka_.txt	     དང  །_།  སྐྱེ་བ་དང་ནི  འཇིག་པ་ཡང  །_།  གཞན་ཡང 
 དང  འཚམ་པ 						དང 	འཚམ་པ 	-ར་འཇུག 	_། 	ཡོངས 	སྨིན 	bstod tshogs ka_.txt	     དང  འཚམ་པ  -ར་འཇུག  _།  ཡོངས  སྨིན 
།_།  དང ་པོ 	ཤེས 	རབ 	སྤྱན་ནི 	ཟག་པ་མེད 	།_། 	དང	་པོ 	བདེན་པ 	སྐྱེད་པ 	-ར་མཛད 	།_། 	bstod tshogs ka_.txt	ཤེས  རབ  སྤྱན་ནི  ཟག་པ་མེད  །_།  དང ་པོ  བདེན་པ  སྐྱེད་པ  -ར་མཛད  །_། 
 དང ་ནི 						དང	་ནི 	མི 	སློབ་ལམ 	།_། 	ལྟ་བ 	bstod tshogs ka_.txt	     དང ་ནི  མི  སློབ་ལམ  །_།  ལྟ་བ 
 དང  སྨིན་དང 						དང 	སྨིན་དང 	མོས་པ་ཡིས 	།_། 	མི 	ཤེས་པ 	bstod tshogs ka_.txt	     དང  སྨིན་དང  མོས་པ་ཡིས  །_།  མི  ཤེས་པ 
 དང  །_། 						དང 	།_། 	སྣོད 	མིན 	རྣམས་སུ 	མི 	bstod tshogs ka_.txt	     དང  །_།  སྣོད  མིན  རྣམས་སུ  མི 
 དང  ཐབས་བདེ་དང 						དང 	ཐབས་བདེ་དང 	།_། 	ལེགས 	པར 	འབྲེལ་དང 	bstod tshogs ka_.txt	     དང  ཐབས་བདེ་དང  །_།  ལེགས  པར  འབྲེལ་དང 
 དང  མཐའ 						དང 	མཐའ 	-ར་དགེ་བས 	།_། 	ཁྱོད་ཀྱི 	བསྟན 	bstod tshogs ka_.txt	     དང  མཐའ  -ར་དགེ་བས  །_།  ཁྱོད་ཀྱི  བསྟན 
 དང  འདྲ་བ 						དང 	འདྲ་བ 	-འི་དགྲ 	མ་མཆིས 	།_། 	བྱང 	bstod tshogs ka_.txt	     དང  འདྲ་བ  -འི་དགྲ  མ་མཆིས  །_།  བྱང 
 དང  །_། 						དང 	།_། 	རྟོགས 	པར 	གྱུར་ནས 	དད་པ་དང 	bstod tshogs ka_.txt	     དང  །_།  རྟོགས  པར  གྱུར་ནས  དད་པ་དང 
 དང  མཁས 						དང 	མཁས 	རྣམས་ཀྱིས 	།_། 	ཁྱོད་ཀྱི 	བསྟན་པ 	bstod tshogs ka_.txt	     དང  མཁས  རྣམས་ཀྱིས  །_།  ཁྱོད་ཀྱི  བསྟན་པ 
 དང  །_། 						དང 	།_། 	བྱང 	ཆུབ་བདེ་དང 	ཞི་བ་དང 	།_། 	bstod tshogs ka_.txt	     དང  །_།  བྱང  ཆུབ་བདེ་དང  ཞི་བ་དང  །_། 
 དང  །_། 						དང 	།_། 	ལེགས་པ 	བཞི་པོ 	འདི 	ཀུན་ཐོབ 	bstod tshogs ka_.txt	     དང  །_།  ལེགས་པ  བཞི་པོ  འདི  ཀུན་ཐོབ 
 དང  _།_། 						དང 	_།_། 	སྲིད་པ 	-ར 	སྨོན་པ 	མི 	bstod tshogs ka_.txt	     དང  _།_།  སྲིད་པ  -ར  སྨོན་པ  མི 
 དང  །_། 						དང 	།_། 	མཚན 	མ 	མེད་པ 	རྙེད 	bstod tshogs ka_.txt	     དང  །_།  མཚན  མ  མེད་པ  རྙེད 
 དང  མི 						དང 	མི 	རྣམས 	དབུགས་ཀྱང་འབྱིན 	།_། 	བདག་ཏུ 	bstod tshogs ka_.txt	     དང  མི  རྣམས  དབུགས་ཀྱང་འབྱིན  །_།  བདག་ཏུ 
 དང  །_། 						དང 	།_། 	གཞག་དང 	སྡང་བ་ཞེས 	བྱ་འདིས 	།_། 	bstod tshogs ka_.txt	     དང  །_།  གཞག་དང  སྡང་བ་ཞེས  བྱ་འདིས  །_། 
 དང  །_། 						དང 	།_། 	བསྒོམས་དང 	གུས་པ 	-ར 	མཉན་པ་ཡི 	bstod tshogs ka_.txt	     དང  །_།  བསྒོམས་དང  གུས་པ  -ར  མཉན་པ་ཡི 
 དང  བྲལ་བ 						དང 	བྲལ་བ 	-འི་ཕྱིར 	།_། 	མུ 	སྟེགས 	bstod tshogs ka_.txt	     དང  བྲལ་བ  -འི་ཕྱིར  །_།  མུ  སྟེགས 
 དང  ཐོས་པ་ཡང 						དང 	ཐོས་པ་ཡང 	།_། 	འགྲོ་བ 	རྣམས་ལ 	སྨོན 	bstod tshogs ka_.txt	     དང  ཐོས་པ་ཡང  །_།  འགྲོ་བ  རྣམས་ལ  སྨོན 
 དང  །_། 						དང 	།_། 	སྦྱིན་དང 	སློབ་པ 	རྗེས 	བྱེད་པའི 	bstod tshogs ka_.txt	     དང  །_།  སྦྱིན་དང  སློབ་པ  རྗེས  བྱེད་པའི 
 དང  ལྡན་ཕྱིར 						དང 	ལྡན་ཕྱིར 	།_། 	སྨན་པ 	བཞིན་དུ 	དེ་བཞིན་ཁྱོད 	bstod tshogs ka_.txt	     དང  ལྡན་ཕྱིར  །_།  སྨན་པ  བཞིན་དུ  དེ་བཞིན་ཁྱོད 
 དང  །_། 						དང 	།_། 	ཤེས 	རབ 	ཕུན་ཚོགས 	མི 	bstod tshogs ka_.txt	     དང  །_།  ཤེས  རབ  ཕུན་ཚོགས  མི 
 དང  འདྲ 						དང 	འདྲ 	ཅི 	-ས 	མི་འགྱུར 	།_། 	bstod tshogs ka_.txt	     དང  འདྲ  ཅི  -ས  མི་འགྱུར  །_། 
 དང ་ནི 						དང	་ནི 	གཞན 	མིན་འགྱུར 	།_། 	དེ་ལ 	bstod tshogs ka_.txt	     དང ་ནི  གཞན  མིན་འགྱུར  །_།  དེ་ལ 
 དང ་འཐད 						དང	་འཐད 	།_། 	སྐུ 	གསུང 	བཟང་བ 	bstod tshogs ka_.txt	     དང ་འཐད  །_།  སྐུ  གསུང  བཟང་བ 
 དང  གྲོགས 						དང 	གྲོགས 	རྣམས་ལ་ནི་བཞིན 	།_། 	ཁྱོད་ནི 	དགྲ་བོ 	bstod tshogs ka_.txt	     དང  གྲོགས  རྣམས་ལ་ནི་བཞིན  །_།  ཁྱོད་ནི  དགྲ་བོ 
 དང  །_། 						དང 	།_། 	ཁྱོད་ཀྱི 	འཇིག་རྟེན་ལ 	སྟོན་མཛད 	།_། 	bstod tshogs ka_.txt	     དང  །_།  ཁྱོད་ཀྱི  འཇིག་རྟེན་ལ  སྟོན་མཛད  །_། 
 དང  །_། 						དང 	།_། 	ན 	ཚོད 	རིགས་དང 	ཡུལ་དང་ནི 	bstod tshogs ka_.txt	     དང  །_།  ན  ཚོད  རིགས་དང  ཡུལ་དང་ནི 
 དང  འདི 						དང 	འདི 	མཆོག་ཅེས 	།_། 	ཁྱོད་ཀྱི 	ལྟོས་པ 	bstod tshogs ka_.txt	     དང  འདི  མཆོག་ཅེས  །_།  ཁྱོད་ཀྱི  ལྟོས་པ 
 དང  ཞི་བདེ 						དང 	ཞི་བདེ 	ཉམས 	གྱུར་དང 	།_། 	སྐྱེ་བོ་ངན་དང 	bstod tshogs ka_.txt	     དང  ཞི་བདེ  ཉམས  གྱུར་དང  །_།  སྐྱེ་བོ་ངན་དང 
 དང  །_། 						དང 	།_། 	མི 	མཐུན་པ་དང 	མང་པོ་ཡི 	།_། 	bstod tshogs ka_.txt	     དང  །_།  མི  མཐུན་པ་དང  མང་པོ་ཡི  །_། 
 དང  གཅམ 						དང 	གཅམ 	ཚུལ་དང 	།_། 	སྐད་དང 	ཆ་ལུགས 	bstod tshogs ka_.txt	     དང  གཅམ  ཚུལ་དང  །_།  སྐད་དང  ཆ་ལུགས 
 དང  །_། 						དང 	།_། 	དེ་ནི 	ཁྱོད་ཀྱི 	ཆེ་བ་ལགས 	།_། 	bstod tshogs ka_.txt	     དང  །_།  དེ་ནི  ཁྱོད་ཀྱི  ཆེ་བ་ལགས  །_། 
 དང  ཆ་ལུགས་ཡང 						དང 	ཆ་ལུགས་ཡང 	དགོངས་པའང 	།_། 	དེ 	ཚེ 	bstod tshogs ka_.txt	     དང  ཆ་ལུགས་ཡང  དགོངས་པའང  །_།  དེ  ཚེ 
 དང ་གང་དུ་ཡང 						དང	་གང་དུ་ཡང 	།_། 	ཇི 	སྐད 	སྐུལ་ཡང 	bstod tshogs ka_.txt	     དང ་གང་དུ་ཡང  །_།  ཇི  སྐད  སྐུལ་ཡང 
 དང  །_། 						དང 	།_། 	དེ 	བཞིན 	རྒྱུ 	མེད 	bstod tshogs ka_.txt	     དང  །_།  དེ  བཞིན  རྒྱུ  མེད 
 དང ་ཡིད་དང 						དང	་ཡིད་དང 	ཚིག 	དག་གིས 	།_། 	ཁྱོད་ནི 	bstod tshogs ka_.txt	     དང ་ཡིད་དང  ཚིག  དག་གིས  །_།  ཁྱོད་ནི 
ཞུགས  དང ་བཅས་པ 	ཁྱོད་ནི་གང་ན 	དུག 	བཅས་ཤིང 	།_། 	ཞུགས 	དང	་བཅས་པ 	-ར 	སྤྱན 	དྲངས་པ 	།_། 	bstod tshogs ka_.txt	ཁྱོད་ནི་གང་ན  དུག  བཅས་ཤིང  །_།  ཞུགས  དང ་བཅས་པ  -ར  སྤྱན  དྲངས་པ  །_། 
 དང  །_། 						དང 	།_། 	ཁྱོད་ལ 	བདུད་རྩི 	ཅན་དུ་གྱུར 	།_། 	bstod tshogs ka_.txt	     དང  །_།  ཁྱོད་ལ  བདུད་རྩི  ཅན་དུ་གྱུར  །_། 
 དང  །_། 						དང 	།_། 	འཁུ་བ 	དག་ནི 	བདེ་ལེགས་ཀྱིས 	།_། 	bstod tshogs ka_.txt	     དང  །_།  འཁུ་བ  དག་ནི  བདེ་ལེགས་ཀྱིས  །_། 
 དང  འཇམ 						དང 	འཇམ 	བགྱིད་པ་དང 	།_། 	འཇུངས་པ 	རྣམས་ནི 	bstod tshogs ka_.txt	     དང  འཇམ  བགྱིད་པ་དང  །_།  འཇུངས་པ  རྣམས་ནི 
 དང  །_། 						དང 	།_། 	གཏུམ་པ 	དེས་པ 	-ར 	བགྱིས་པ་གང 	bstod tshogs ka_.txt	     དང  །_།  གཏུམ་པ  དེས་པ  -ར  བགྱིས་པ་གང 
 དང  །_། 						དང 	།_། 	ང 	རྒྱལ 	ཁེངས་པ 	འདུད་པ་དང 	bstod tshogs ka_.txt	     དང  །_།  ང  རྒྱལ  ཁེངས་པ  འདུད་པ་དང 
 དང  རྗེས 						དང 	རྗེས 	མཐུན་མིན 	།_། 	གང 	ཕྱིར 	bstod tshogs ka_.txt	     དང  རྗེས  མཐུན་མིན  །_།  གང  ཕྱིར 
 དང  བསམ 						དང 	བསམ 	མཁྱེན་པས 	།_། 	རེས 	འགའ 	bstod tshogs ka_.txt	     དང  བསམ  མཁྱེན་པས  །_།  རེས  འགའ 
 དང  །_། 						དང 	།_། 	དྲུང་དུ 	གཤེགས་ནས 	བཤད་པ 	-འང་མཛད 	bstod tshogs ka_.txt	     དང  །_།  དྲུང་དུ  གཤེགས་ནས  བཤད་པ  -འང་མཛད 
 དང  ཐབས་ལ 						དང 	ཐབས་ལ 	མི 	མཁས་པའི 	།_། 	ཚིག་གིས 	bstod tshogs ka_.txt	     དང  ཐབས་ལ  མི  མཁས་པའི  །_།  ཚིག་གིས 
 དང  སྤྱོད་པ་དེ 						དང 	སྤྱོད་པ་དེ 	མ་མཆིས 	།_། 	ཁ་ཅིག 	ཕ་རོལ 	bstod tshogs ka_.txt	     དང  སྤྱོད་པ་དེ  མ་མཆིས  །_།  ཁ་ཅིག  ཕ་རོལ 
 དང  །_། 						དང 	།_། 	གསུང་གིས་སོ་སོ 	-འི 	སྐད 	བཞིན་དུ 	bstod tshogs ka_.txt	     དང  །_།  གསུང་གིས་སོ་སོ  -འི  སྐད  བཞིན་དུ 
 དང  དེ 						དང 	དེ 	-ར་ནི 	ཁྱོད་ཀྱིས་མཛད 	།_། 	གཞན་གྱི 	bstod tshogs ka_.txt	     དང  དེ  -ར་ནི  ཁྱོད་ཀྱིས་མཛད  །_།  གཞན་གྱི 
 དང  །_། 						དང 	།_། 	མི 	འགལ་བ་དང 	མཆོད་འོས་དང 	།_། 	bstod tshogs ka_.txt	     དང  །_།  མི  འགལ་བ་དང  མཆོད་འོས་དང  །_། 
 དང  ལྷ 						དང 	ལྷ 	མི 	རྣམས་ལ་ནི 	།_། 	སྨན 	bstod tshogs ka_.txt	     དང  ལྷ  མི  རྣམས་ལ་ནི  །_།  སྨན 
 དང  སྨོད་པ་སྟེ 						དང 	སྨོད་པ་སྟེ 	།_། 	བཀྲ 	ཤིས 	གཞན་དོན་དུ 	bstod tshogs ka_.txt	     དང  སྨོད་པ་སྟེ  །_།  བཀྲ  ཤིས  གཞན་དོན་དུ 
 དང  བགྱིད་པ 						དང 	བགྱིད་པ 	ཕལ་ཆེར་ནི 	།_། 	ལེགས་པ 	རྔོ 	bstod tshogs ka_.txt	     དང  བགྱིད་པ  ཕལ་ཆེར་ནི  །_།  ལེགས་པ  རྔོ 
 དང ་ནི 						དང	་ནི 	དོན་མཐུན་པའི 	།_། 	ལེགས 	གསུང 	bstod tshogs ka_.txt	     དང ་ནི  དོན་མཐུན་པའི  །_།  ལེགས  གསུང 
བག  དང ་བཅས་པ་ལགས 	རྣམས་ཀྱི་ནི 	།_། 	གྲོགས 	བཟང 	བག 	དང	་བཅས་པ་ལགས 	།_། 	གཏི 	མུག 	མནལ་ནི 	bstod tshogs ka_.txt	རྣམས་ཀྱི་ནི  །_།  གྲོགས  བཟང  བག  དང ་བཅས་པ་ལགས  །_།  གཏི  མུག  མནལ་ནི 
 དང  སྣོད 						དང 	སྣོད 	མིན 	སོགས 	དཔྱོད་ཕྱིར 	།_། 	bstod tshogs ka_.txt	     དང  སྣོད  མིན  སོགས  དཔྱོད་ཕྱིར  །_། 
 དང  འཕགས་པ་དང 						དང 	འཕགས་པ་དང 	།_། 	བླ 	མ 	ཡན་ལག 	bstod tshogs ka_.txt	     དང  འཕགས་པ་དང  །_།  བླ  མ  ཡན་ལག 
 དང  །_། 						དང 	།_། 	གནས་ལ 	ཞུགས་ལ 	ཕྱག 	འཚལ་ལོ 	bstod tshogs ka_.txt	     དང  །_།  གནས་ལ  ཞུགས་ལ  ཕྱག  འཚལ་ལོ 
 དང  ལྡན 						དང 	ལྡན 	ཁྱོད་ཀྱིས 	།_། 	སློབ་དཔོན 	ཁུ་ཚུར 	bstod tshogs ka_.txt	     དང  ལྡན  ཁྱོད་ཀྱིས  །_།  སློབ་དཔོན  ཁུ་ཚུར 
 དང  ཆོས 						དང 	ཆོས 	འདི་དག 	_། 	གཞན 	དོན 	bstod tshogs ka_.txt	     དང  ཆོས  འདི་དག  _།  གཞན  དོན 
 དང ་ནི 						དང	་ནི 	བསམ་གཏན་རྒྱུ 	།_། 	དེའི 	འབྲས་གཟུགས་དང 	bstod tshogs ka_.txt	     དང ་ནི  བསམ་གཏན་རྒྱུ  །_།  དེའི  འབྲས་གཟུགས་དང 
 དང  །_ 						དང 	།_ 	སློབ་དཔོན 	ཕྱོགས་ཀྱི 	གླང་པོ 	དག་གི 	bstod tshogs ka_.txt	     དང  །_  སློབ་དཔོན  ཕྱོགས་ཀྱི  གླང་པོ  དག་གི 
 དང  །_ 						དང 	།_ 	ཞུ་ཆེན་གྱི 	ལོ་ཙཱ་བ 	དགེ་སློང 	བསོད་ནམས 	bstod tshogs ka_.txt	     དང  །_  ཞུ་ཆེན་གྱི  ལོ་ཙཱ་བ  དགེ་སློང  བསོད་ནམས 
 དང  _།_ 						དང 	_།_ 	སྒྲོ་འདོགས་པ 	མེད་པ 	-ར 	བྱ་བ་དང 	bstod tshogs ka_.txt	     དང  _།_  སྒྲོ་འདོགས་པ  མེད་པ  -ར  བྱ་བ་དང 
 དང  །_ 						དང 	།_ 	འདོད་པ 	-འི 	དོན 	བསྒྲུབ་པ 	bstod tshogs ka_.txt	     དང  །_  འདོད་པ  -འི  དོན  བསྒྲུབ་པ 
དེ་ལ  དང ་པོ 	བྱ་བ 	རྣམས 	བསྟན་ཏོ 	།_། 	དེ་ལ 	དང	་པོ 	-ས་ནི 	ཡོན་ཏན 	ཡོངས་སུ 	མི 	bstod tshogs ka_.txt	བྱ་བ  རྣམས  བསྟན་ཏོ  །_།  དེ་ལ  དང ་པོ  -ས་ནི  ཡོན་ཏན  ཡོངས་སུ  མི 
 དང  །_ 						དང 	།_ 	འབྲས 	བུ 	-འི 	གནས་སྐབས་དང 	bstod tshogs ka_.txt	     དང  །_  འབྲས  བུ  -འི  གནས་སྐབས་དང 
 དང  ལྡན་པ་ཡིན་ནོ 						དང 	ལྡན་པ་ཡིན་ནོ 	།_། 	དེ་ལ 	རྒྱུ 	-འི 	bstod tshogs ka_.txt	     དང  ལྡན་པ་ཡིན་ནོ  །_།  དེ་ལ  རྒྱུ  -འི 
 དང  །_ 						དང 	།_ 	སྐྱོན་དང 	ཡོན་ཏན 	ཐམས་ཅད 	སྤངས་ཤིང 	bstod tshogs ka_.txt	     དང  །_  སྐྱོན་དང  ཡོན་ཏན  ཐམས་ཅད  སྤངས་ཤིང 
 དང  །_ 						དང 	།_ 	སྦྱོར 	བ 	-འི 	གནས་སྐབས་དང 	bstod tshogs ka_.txt	     དང  །_  སྦྱོར  བ  -འི  གནས་སྐབས་དང 
 དང  །_ 						དང 	།_ 	ཕན 	བཏགས་པ 	ལ་སོ 	སོར་རྟོག་པ་དང 	bstod tshogs ka_.txt	     དང  །_  ཕན  བཏགས་པ  ལ་སོ  སོར་རྟོག་པ་དང 
 དང  ཡང་དག 						དང 	ཡང་དག 	པར 	ལོངས 	སྤྱད་པ 	ལ་སོ 	bstod tshogs ka_.txt	     དང  ཡང་དག  པར  ལོངས  སྤྱད་པ  ལ་སོ 
 དང  དགེ་བཤེས 						དང 	དགེ་བཤེས 	སྙིང་རྗེ་དང 	།_། 	སྡུག 	བསྔལ 	bstod tshogs ka_.txt	     དང  དགེ་བཤེས  སྙིང་རྗེ་དང  །_།  སྡུག  བསྔལ 
 དང ་པོའོ 						དང	་པོའོ 	།།_།། 	སྦྱོར 	བ 	-འི 	bstod tshogs ka_.txt	     དང ་པོའོ  །།_།།  སྦྱོར  བ  -འི 
 དང  །_ 						དང 	།_ 	ས 	ཐོབ་པ 	རྣམས་ཀྱིའོ 	།_། 	bstod tshogs ka_.txt	     དང  །_  ས  ཐོབ་པ  རྣམས་ཀྱིའོ  །_། 
 དང  །_ 						དང 	།_ 	ཚུལ 	ཁྲིམས་དང 	།_ 	བཟོད་པ་དང 	bstod tshogs ka_.txt	     དང  །_  ཚུལ  ཁྲིམས་དང  །_  བཟོད་པ་དང 
 དང  །_ 						དང 	།_ 	བསམ 	གཏན་དང 	།_ 	ཤེས 	bstod tshogs ka_.txt	     དང  །_  བསམ  གཏན་དང  །_  ཤེས 
 དང  །_ 						དང 	།_ 	ཐབས་དང 	།_ 	སྨོན་ལམ་དང 	།_ 	bstod tshogs ka_.txt	     དང  །_  ཐབས་དང  །_  སྨོན་ལམ་དང  །_ 
 དང  །_ 						དང 	།_ 	ཡེ 	ཤེས་ཀྱི 	ཕ་རོལ་ཏུ 	ཕྱིན་པ 	bstod tshogs ka_.txt	     དང  །_  ཡེ  ཤེས་ཀྱི  ཕ་རོལ་ཏུ  ཕྱིན་པ 
 དང  ཕོངས་པ 						དང 	ཕོངས་པ 	རེ་བ 	-འི 	བསམ 	ལྡན 	bstod tshogs ka_.txt	     དང  ཕོངས་པ  རེ་བ  -འི  བསམ  ལྡན 
 དང  ཉོན་མོངས 						དང 	ཉོན་མོངས 	སྐྱོ་བ 	-ས་ཞེས 	བྱ་བ 	འདི་དག་དང 	bstod tshogs ka_.txt	     དང  ཉོན་མོངས  སྐྱོ་བ  -ས་ཞེས  བྱ་བ  འདི་དག་དང 
ལན  དང ་བཅས་པ 	བཅད་པ 	འདི་གཉིས་ཀྱིས 	བརྒལ་བ་དང 	།_ 	ལན 	དང	་བཅས་པ 	-ར 	ཐབས་ཀྱི 	ཕ་རོལ་ཏུ 	ཕྱིན་པ 	bstod tshogs ka_.txt	བཅད་པ  འདི་གཉིས་ཀྱིས  བརྒལ་བ་དང  །_  ལན  དང ་བཅས་པ  -ར  ཐབས་ཀྱི  ཕ་རོལ་ཏུ  ཕྱིན་པ 
 དང  ལྡན་པ་ཡིན་ཏེ 						དང 	ལྡན་པ་ཡིན་ཏེ 	།_ 	བསམ་པ 	ཕུན 	སུམ 	bstod tshogs ka_.txt	     དང  ལྡན་པ་ཡིན་ཏེ  །_  བསམ་པ  ཕུན  སུམ 
 དང  །_ 						དང 	།_ 	སྦྱོར་བ 	ཕུན 	སུམ 	ཚོགས་པ་དང 	bstod tshogs ka_.txt	     དང  །_  སྦྱོར་བ  ཕུན  སུམ  ཚོགས་པ་དང 
 དང  །_ 						དང 	།_ 	སྦྱིན 	པར 	བྱ་བ 	ཕུན 	bstod tshogs ka_.txt	     དང  །_  སྦྱིན  པར  བྱ་བ  ཕུན 
 དང  བཙུན་མོ་ཞེས 						དང 	བཙུན་མོ་ཞེས 	བྱ་བ 	འདི་དག་གིས་ནི 	སྦྱིན་པ 	-ར 	bstod tshogs ka_.txt	     དང  བཙུན་མོ་ཞེས  བྱ་བ  འདི་དག་གིས་ནི  སྦྱིན་པ  -ར 
 དང  བྲལ་བ 						དང 	བྲལ་བ 	-འི 	བཟོད་པ 	-འི 	ཕ་རོལ་ཏུ 	bstod tshogs ka_.txt	     དང  བྲལ་བ  -འི  བཟོད་པ  -འི  ཕ་རོལ་ཏུ 
ཐབས  དང ་བཅས་པ 	ཁྱོད་ཀྱི 	བློ་གྲོས་ཞེས 	བྱ་བ 	འདི་དག་གིས་ནི 	ཐབས 	དང	་བཅས་པ 	-འི 	བརྩོན་པ 	-ས 	ཡང་དག་པ་ཇི 	bstod tshogs ka_.txt	ཁྱོད་ཀྱི  བློ་གྲོས་ཞེས  བྱ་བ  འདི་དག་གིས་ནི  ཐབས  དང ་བཅས་པ  -འི  བརྩོན་པ  -ས  ཡང་དག་པ་ཇི 
 དང ་གང 						དང	་གང 	སླད 	ཤེས་རབ 	དོན་དམ་ཞེས 	བྱ་བ 	bstod tshogs ka_.txt	     དང ་གང  སླད  ཤེས་རབ  དོན་དམ་ཞེས  བྱ་བ 
ལན  དང ་བཅས་པ 	ཚིགས་སུ 	བཅད་པ 	འདི་གཉིས་ཀྱིས་ནི 	བརྒལ་བ་དང 	ལན 	དང	་བཅས་པ 	-ར 	ཐབས་ཀྱི 	ཕ་རོལ་ཏུ 	ཕྱིན་པའོ 	bstod tshogs ka_.txt	ཚིགས་སུ  བཅད་པ  འདི་གཉིས་ཀྱིས་ནི  བརྒལ་བ་དང  ལན  དང ་བཅས་པ  -ར  ཐབས་ཀྱི  ཕ་རོལ་ཏུ  ཕྱིན་པའོ 
 དང  །_ 						དང 	།_ 	སྐྱེ་བ་དང 	།_ 	ལས་དང 	།_ 	bstod tshogs ka_.txt	     དང  །_  སྐྱེ་བ་དང  །_  ལས་དང  །_ 
 དང  །_ 						དང 	།_ 	སེམས 	ཅན 	ཡོངས་སུ 	སྨིན་པ 	bstod tshogs ka_.txt	     དང  །_  སེམས  ཅན  ཡོངས་སུ  སྨིན་པ 
 དང  མཁྱེན་པ 						དང 	མཁྱེན་པ 	-ས 	གཟུང་བ 	-ས་ཞེས 	བྱ་བ 	bstod tshogs ka_.txt	     དང  མཁྱེན་པ  -ས  གཟུང་བ  -ས་ཞེས  བྱ་བ 
 དང  མ 						དང 	མ 	བྲལ་ཞེས 	བྱ་བ 	འདི་དག་གིས་ནི 	ཐབས་ལ 	bstod tshogs ka_.txt	     དང  མ  བྲལ་ཞེས  བྱ་བ  འདི་དག་གིས་ནི  ཐབས་ལ 
 དང ་ཞེས 						དང	་ཞེས 	བྱ་བ 	འདི་དག་གིས་ནི 	རྒྱུ 	ཡོངས་སུ 	bstod tshogs ka_.txt	     དང ་ཞེས  བྱ་བ  འདི་དག་གིས་ནི  རྒྱུ  ཡོངས་སུ 
 དང  ལྡན་པ 						དང 	ལྡན་པ 	-ས་ནི 	སེམས་ཅན་གྱི 	དོན 	མཛད་པ 	bstod tshogs ka_.txt	     དང  ལྡན་པ  -ས་ནི  སེམས་ཅན་གྱི  དོན  མཛད་པ 
 དང  འབྲས་བུ་དང 						དང 	འབྲས་བུ་དང 	།_ 	སེམས 	ཅན་གྱི 	དོན 	bstod tshogs ka_.txt	     དང  འབྲས་བུ་དང  །_  སེམས  ཅན་གྱི  དོན 
 དང  །_། 						དང 	།_། 	ང 	རྒྱལ 	མེད་དང 	འདོད་དོན་བསྒྲུབ 	bstod tshogs ka_.txt	     དང  །_།  ང  རྒྱལ  མེད་དང  འདོད་དོན་བསྒྲུབ 
 དང  འབྲས་བུ 						དང 	འབྲས་བུ 	གཞན་དོན་གྱིས 	།_། 	བསྟོད་པ 	-འི 	bstod tshogs ka_.txt	     དང  འབྲས་བུ  གཞན་དོན་གྱིས  །_།  བསྟོད་པ  -འི 
དེ་ལ  དང ་པོ 	དོན 	རྣམས 	ཐམས་ཅད་བསྡུས 	།_། 	དེ་ལ 	དང	་པོ 	བྱང་ཆུབ་རྒྱུ 	།_། 	འབྲས 	བུ 	bstod tshogs ka_.txt	དོན  རྣམས  ཐམས་ཅད་བསྡུས  །_།  དེ་ལ  དང ་པོ  བྱང་ཆུབ་རྒྱུ  །_།  འབྲས  བུ 
 དང  ལྔ 						དང 	ལྔ 	རྣམས་ཀྱིས 	།_། 	དེའི 	རྒྱུ 	bstod tshogs ka_.txt	     དང  ལྔ  རྣམས་ཀྱིས  །_།  དེའི  རྒྱུ 
བཞི  དང ་བཅས་པ་བསྟན 					བཞི 	དང	་བཅས་པ་བསྟན 	།_། 	མི 	འདོད་པ་དང 	འདོད་པ་དང 	bstod tshogs ka_.txt	    བཞི  དང ་བཅས་པ་བསྟན  །_།  མི  འདོད་པ་དང  འདོད་པ་དང 
 དང  ལོངས་སྤྱོད 						དང 	ལོངས་སྤྱོད 	བྱས་པ 	-ས་བསྟན 	།_། 	རིགས་དང 	bstod tshogs ka_.txt	     དང  ལོངས་སྤྱོད  བྱས་པ  -ས་བསྟན  །_།  རིགས་དང 
 དང  །_། 						དང 	།_། 	སྐྱོན 	མེད 	བསམས་པ་གཉིས་ཀྱི་རྒྱུ 	།_། 	bstod tshogs ka_.txt	     དང  །_།  སྐྱོན  མེད  བསམས་པ་གཉིས་ཀྱི་རྒྱུ  །_། 
།_།  དང ་པོ 	རྣམས་སྟོན 	།_། 	གཉིས་ཀྱིས 	གཅིག་ཡིན་གསུམ་གྱིས་གཞན 	།_། 	དང	་པོ 	-འི 	ཁྱད་པར 	བསམ་པ་དང 	།_། 	bstod tshogs ka_.txt	རྣམས་སྟོན  །_།  གཉིས་ཀྱིས  གཅིག་ཡིན་གསུམ་གྱིས་གཞན  །_།  དང ་པོ  -འི  ཁྱད་པར  བསམ་པ་དང  །_། 
།_།  དང ་པོ 	སྦྱོར་བ 	ལེན་པ 	སྦྱིན 	བྱ་བའོ 	།_། 	དང	་པོ 	ལྔ་ནི 	རེ་རེ་ཡིས 	།_། 	ཟག 	bstod tshogs ka_.txt	སྦྱོར་བ  ལེན་པ  སྦྱིན  བྱ་བའོ  །_།  དང ་པོ  ལྔ་ནི  རེ་རེ་ཡིས  །_།  ཟག 
 དང  སྐྱེ་དང་ལས 						དང 	སྐྱེ་དང་ལས 	།_། 	ཐབས་དང 	རབ་ཏུ 	སྨིན 	bstod tshogs ka_.txt	     དང  སྐྱེ་དང་ལས  །_།  ཐབས་དང  རབ་ཏུ  སྨིན 
ལ་ཁ་ཅིག  དང ོས 	།_། 	གཉིས་གཉིས་གཉིས་གཉིས་གསུམ་གྱིས་སོ 	།_། 	དེ 	ལ་ཁ་ཅིག 	དང	ོས 	མ་གསུངས 	།_། 	མི 	མཐུན 	bstod tshogs ka_.txt	།_།  གཉིས་གཉིས་གཉིས་གཉིས་གསུམ་གྱིས་སོ  །_།  དེ  ལ་ཁ་ཅིག  དང ོས  མ་གསུངས  །_།  མི  མཐུན 
 དང  །_། 						དང 	།_། 	ཉེས་དང 	ཡོན་ཏན 	སྤངས 	འབྱོར་བའོ 	bstod tshogs ka_.txt	     དང  །_།  ཉེས་དང  ཡོན་ཏན  སྤངས  འབྱོར་བའོ 
 དང  །_། 						དང 	།_། 	དམ 	ཉམ་པ་དང 	ཡུན་རིང་གནས 	།_། 	bstod tshogs ka_.txt	     དང  །_།  དམ  ཉམ་པ་དང  ཡུན་རིང་གནས  །_། 
 དང  །_ 						དང 	།_ 	ལོ་ཙཱ་བ་བནྡེ 	རིན་ཆེན 	མཆོག་གིས་བསྒྱུར 	།_ 	bstod tshogs ka_.txt	     དང  །_  ལོ་ཙཱ་བ་བནྡེ  རིན་ཆེན  མཆོག་གིས་བསྒྱུར  །_ 
 དང  མི་སྡུག 						དང 	མི་སྡུག 	ཐུགས 	སྙོམས 	འཇིག་རྟེན་གཉེན 	།_། 	bstod tshogs ka_.txt	     དང  མི་སྡུག  ཐུགས  སྙོམས  འཇིག་རྟེན་གཉེན  །_། 
 དང  །_། 						དང 	།_། 	ཨུཏྤལ 	རྒྱས་པ 	ལྟ་བུ 	-འི 	bstod tshogs ka_.txt	     དང  །_།  ཨུཏྤལ  རྒྱས་པ  ལྟ་བུ  -འི 
 དང  འགྲོ་བ 						དང 	འགྲོ་བ 	ཆེན་པོ 	-འི 	གཞན་དོན་མཛད 	།_། 	bstod tshogs ka_.txt	     དང  འགྲོ་བ  ཆེན་པོ  -འི  གཞན་དོན་མཛད  །_། 
 དང  མཐོ་རིས་བཀོད 						དང 	མཐོ་རིས་བཀོད 	།_། 	ཀྱི་ཧུད 	མི་རྟག 	མེ 	bstod tshogs ka_.txt	     དང  མཐོ་རིས་བཀོད  །_།  ཀྱི་ཧུད  མི་རྟག  མེ 
 དང ་ལྡན 						དང	་ལྡན 	།_། 	ཞི 	གནས 	ལྷག་མཐོང 	bstod tshogs ka_.txt	     དང ་ལྡན  །_།  ཞི  གནས  ལྷག་མཐོང 
 དང  ལྡན་ཞིང 						དང 	ལྡན་ཞིང 	།_། 	དད་པ 	རབ 	སྐྱེད 	bstod tshogs ka_.txt	     དང  ལྡན་ཞིང  །_།  དད་པ  རབ  སྐྱེད 
 དང  །_། 						དང 	།_། 	ཚིག་གིས 	འདོད་པ 	-འི 	འབྲས་ལྡན 	bstod tshogs ka_.txt	     དང  །_།  ཚིག་གིས  འདོད་པ  -འི  འབྲས་ལྡན 
མཆོག་གི  དང ོས་གྲུབ 	།_། 	ཞེས 	བསྟོད་དོ 	།_། 	མཆོག་གི 	དང	ོས་གྲུབ 	གསོལ་བ 	གདབ་པ 	-ར 	འོས་པ 	bstod tshogs ka_.txt	།_།  ཞེས  བསྟོད་དོ  །_།  མཆོག་གི  དང ོས་གྲུབ  གསོལ་བ  གདབ་པ  -ར  འོས་པ 
 དང  ལྡན་པ 						དང 	ལྡན་པ 	རྣམས་ཡིན་ཏེ 	།_ 	རྣམ 	པར་མ 	bstod tshogs ka_.txt	     དང  ལྡན་པ  རྣམས་ཡིན་ཏེ  །_  རྣམ  པར་མ 
 དང  བྲལ་ན 						དང 	བྲལ་ན 	གཞན་གྱི 	དོན 	ཆེན་པོ 	མཚར་ཅིག 	bstod tshogs ka_.txt	     དང  བྲལ་ན  གཞན་གྱི  དོན  ཆེན་པོ  མཚར་ཅིག 
 དང  ལྡན་དུ 						དང 	ལྡན་དུ 	ཟིན་ཀྱང 	གལ་ཏེ 	དེ 	-འི 	bstod tshogs ka_.txt	     དང  ལྡན་དུ  ཟིན་ཀྱང  གལ་ཏེ  དེ  -འི 
 དང  མཐུན་པ 						དང 	མཐུན་པ 	-འི 	ཡོན་ཏན་དང 	བྲལ་བ 	ཉིད་ཀྱིས 	bstod tshogs ka_.txt	     དང  མཐུན་པ  -འི  ཡོན་ཏན་དང  བྲལ་བ  ཉིད་ཀྱིས 
 དང  །_ 						དང 	།_ 	ཕན་པ 	བསྒྲུབ་པ 	མི 	བྱེད་ན 	bstod tshogs ka_.txt	     དང  །_  ཕན་པ  བསྒྲུབ་པ  མི  བྱེད་ན 
སེམས  དང ་བཅས་པ 	མ་ཡིན་པ 	-ར 	གྱུར་ཏེ 	།_ 	སེམས 	དང	་བཅས་པ 	རྣམས་ནི 	བདག་ཉིད 	རྡོས 	ནོན་པ 	bstod tshogs ka_.txt	མ་ཡིན་པ  -ར  གྱུར་ཏེ  །_  སེམས  དང ་བཅས་པ  རྣམས་ནི  བདག་ཉིད  རྡོས  ནོན་པ 
 དང  ལོང་བ་ལ 						དང 	ལོང་བ་ལ 	སོགས་པ་ལ 	གསོལ་བ 	འདེབས་པ 	-ར 	bstod tshogs ka_.txt	     དང  ལོང་བ་ལ  སོགས་པ་ལ  གསོལ་བ  འདེབས་པ  -ར 
 དང  །_ 						དང 	།_ 	ཡོན་ཏན 	ཀུན 	མཉམ 	མཐའ་མེད 	bstod tshogs ka_.txt	     དང  །_  ཡོན་ཏན  ཀུན  མཉམ  མཐའ་མེད 
 དང ོས་གྲུབ་སྩོལ 						དང	ོས་གྲུབ་སྩོལ 	།_། 	ཞེས 	བྱ་བ 	འདི 	bstod tshogs ka_.txt	     དང ོས་གྲུབ་སྩོལ  །_།  ཞེས  བྱ་བ  འདི 
 དང  མཐུན་པ 						དང 	མཐུན་པ 	-འི 	ཡོན་ཏན་དང 	ལྡན་པ 	ཉིད 	bstod tshogs ka_.txt	     དང  མཐུན་པ  -འི  ཡོན་ཏན་དང  ལྡན་པ  ཉིད 
 དང  མི་གཡོ་བ 						དང 	མི་གཡོ་བ 	-འང་ཡིན་ལ 	མཉམ་པ 	ཉིད་ཀྱང 	ཡིན་པ 	bstod tshogs ka_.txt	     དང  མི་གཡོ་བ  -འང་ཡིན་ལ  མཉམ་པ  ཉིད་ཀྱང  ཡིན་པ 
 དང  བྲལ་ཏེ 						དང 	བྲལ་ཏེ 	རྣམ་པ 	-ར 	དག་པ 	-འི 	bstod tshogs ka_.txt	     དང  བྲལ་ཏེ  རྣམ་པ  -ར  དག་པ  -འི 
 དང ་ཡང 						དང	་ཡང 	མཉམ་ཞིང 	མཚུངས་པ 	མེད་པའམ 	།_ 	bstod tshogs ka_.txt	     དང ་ཡང  མཉམ་ཞིང  མཚུངས་པ  མེད་པའམ  །_ 
 དང  མཉམ་ཞིང 						དང 	མཉམ་ཞིང 	འདྲ་བ 	འགའ་ཡང 	མེད་པ 	-ས 	bstod tshogs ka_.txt	     དང  མཉམ་ཞིང  འདྲ་བ  འགའ་ཡང  མེད་པ  -ས 
།_  དང ོས་པོ 	མཉམ་པ 	རྣམས་ཀྱི 	ངོ་བོ་ནི 	མཉམ་ཉིད་དེ 	།_ 	དང	ོས་པོ 	འགའ་ཡང 	སྟོང་པ 	ཉིད་ཀྱི 	རང་བཞིན 	bstod tshogs ka_.txt	མཉམ་པ  རྣམས་ཀྱི  ངོ་བོ་ནི  མཉམ་ཉིད་དེ  །_  དང ོས་པོ  འགའ་ཡང  སྟོང་པ  ཉིད་ཀྱི  རང་བཞིན 
 དང  ལུང 						དང 	ལུང 	གསལ་བ 	-ས 	ཤེས་པ 	-ར 	bstod tshogs ka_.txt	     དང  ལུང  གསལ་བ  -ས  ཤེས་པ  -ར 
 དང  མ 						དང 	མ 	བྲལ་བ་ཡིན་ནོ 	།_། 	དེ་ཇི 	ལྟ 	bstod tshogs ka_.txt	     དང  མ  བྲལ་བ་ཡིན་ནོ  །_།  དེ་ཇི  ལྟ 
 དང  རིག་པ 						དང 	རིག་པ 	-ར 	བྱེད་པ 	-འི 	མཚན་ཉིད་དང 	bstod tshogs ka_.txt	     དང  རིག་པ  -ར  བྱེད་པ  -འི  མཚན་ཉིད་དང 
 དང ་འདྲའོ 						དང	་འདྲའོ 	།_། 	གང 	དག་ལ 	ཐུགས་རྗེ 	bstod tshogs ka_.txt	     དང ་འདྲའོ  །_།  གང  དག་ལ  ཐུགས་རྗེ 
-འི  དང ོས་པོའོ 	ཕྱིར་རོ 	།_། 	མཉམ་པ་ནི 	འདྲ་བ 	-འི 	དང	ོས་པོའོ 	།_། 	མཐའ་ནི 	མཐར་ཐུག་པའོ 	།_། 	bstod tshogs ka_.txt	ཕྱིར་རོ  །_།  མཉམ་པ་ནི  འདྲ་བ  -འི  དང ོས་པོའོ  །_།  མཐའ་ནི  མཐར་ཐུག་པའོ  །_། 
 དང  བྱང་ཆུབ་ཀྱི 						དང 	བྱང་ཆུབ་ཀྱི 	ཡན་ལག་ལ 	སོགས་པ 	-འི 	ཡོན་ཏན 	bstod tshogs ka_.txt	     དང  བྱང་ཆུབ་ཀྱི  ཡན་ལག་ལ  སོགས་པ  -འི  ཡོན་ཏན 
 དང  མཐའ་མེད་པ 						དང 	མཐའ་མེད་པ 	དེ་དག་ནི 	མཉམ 	མཐའ་མེད་པའོ 	།_། 	bstod tshogs ka_.txt	     དང  མཐའ་མེད་པ  དེ་དག་ནི  མཉམ  མཐའ་མེད་པའོ  །_། 
 དང ོས 						དང	ོས 	གྲུབ་ནི 	ཡོངས་སུ 	གྲུབ་པའོ 	།_། 	bstod tshogs ka_.txt	     དང ོས  གྲུབ་ནི  ཡོངས་སུ  གྲུབ་པའོ  །_། 
-འི  དང ོས་གྲུབ་སྩོལ 	ཡོན་ཏན 	ཀུན 	རྫོགས 	མེད་པ 	-འི 	དང	ོས་གྲུབ་སྩོལ 	།_། 	ཞེས 	འདོན་ཏོ 	།_། 	bstod tshogs ka_.txt	ཡོན་ཏན  ཀུན  རྫོགས  མེད་པ  -འི  དང ོས་གྲུབ་སྩོལ  །_།  ཞེས  འདོན་ཏོ  །_། 
མཉམ་མེད  དང ོས་གྲུབ་སྩོལ 	།_ 	ཡོན་ཏན 	ཀུན 	མཉམ 	མཉམ་མེད 	དང	ོས་གྲུབ་སྩོལ 	།_། 	ཞེས 	འདོན་ཏོ 	།_། 	bstod tshogs ka_.txt	།_  ཡོན་ཏན  ཀུན  མཉམ  མཉམ་མེད  དང ོས་གྲུབ་སྩོལ  །_།  ཞེས  འདོན་ཏོ  །_། 
 དང  ལྡན་པ 						དང 	ལྡན་པ 	-འི 	ཕྱིར་རོ 	།_། 	མི 	bstod tshogs ka_.txt	     དང  ལྡན་པ  -འི  ཕྱིར་རོ  །_།  མི 
བཅད་པ  དང ་པོ་དང 	སྩོལ་ཅིག 	ཅེས་བྱ་བ་ཡིན་ཏེ 	།_ 	ཚིགས་སུ 	བཅད་པ 	དང	་པོ་དང 	ཐ་མ 	འདི་གཉིས 	ཁོ་ན 	-ར 	bstod tshogs ka_.txt	སྩོལ་ཅིག  ཅེས་བྱ་བ་ཡིན་ཏེ  །_  ཚིགས་སུ  བཅད་པ  དང ་པོ་དང  ཐ་མ  འདི་གཉིས  ཁོ་ན  -ར 
 དང  །_ 						དང 	།_ 	སོ་སོ 	ཡང་དག 	པར 	རིག་པ་ལ 	bstod tshogs ka_.txt	     དང  །_  སོ་སོ  ཡང་དག  པར  རིག་པ་ལ 
 དང  མཉམ་པ 						དང 	མཉམ་པ 	ནམ་མཁའ 	རང་བཞིན་གྱིས 	ཡོངས་སུ 	དག་པ 	bstod tshogs ka_.txt	     དང  མཉམ་པ  ནམ་མཁའ  རང་བཞིན་གྱིས  ཡོངས་སུ  དག་པ 
 དང  མཉམ་པ་གང 						དང 	མཉམ་པ་གང 	།_། 	ནམ 	མཁའ 	-འི 	bstod tshogs ka_.txt	     དང  མཉམ་པ་གང  །_།  ནམ  མཁའ  -འི 
 དང  །_། 						དང 	།_། 	ཡེ 	ཤེས 	རྣམ་གྲོལ 	ཡེ་ཤེས་གཟིགས 	bstod tshogs ka_.txt	     དང  །_།  ཡེ  ཤེས  རྣམ་གྲོལ  ཡེ་ཤེས་གཟིགས 
 དང  །_ 						དང 	།_ 	མི 	ཟད་པ་ལ 	སོགས་པ 	-འི 	bstod tshogs ka_.txt	     དང  །_  མི  ཟད་པ་ལ  སོགས་པ  -འི 
 དང ་ཡང 						དང	་ཡང 	མཚུངས་པ 	མ་ཡིན་ཞིང 	འདྲ་བ 	མ་ཡིན་ཏེ 	bstod tshogs ka_.txt	     དང ་ཡང  མཚུངས་པ  མ་ཡིན་ཞིང  འདྲ་བ  མ་ཡིན་ཏེ 
 དང ་ཡང 						དང	་ཡང 	ནམ་མཁའ 	མཚུངས་པ 	མ་ཡིན 	ཞེ་ན 	bstod tshogs ka_.txt	     དང ་ཡང  ནམ་མཁའ  མཚུངས་པ  མ་ཡིན  ཞེ་ན 
 དང  བྱང་ཆུབ་ཀྱི 						དང 	བྱང་ཆུབ་ཀྱི 	ཡན་ལག་ལ 	སོགས་པ 	-འི 	ཡོན་ཏན་ནོ 	bstod tshogs ka_.txt	     དང  བྱང་ཆུབ་ཀྱི  ཡན་ལག་ལ  སོགས་པ  -འི  ཡོན་ཏན་ནོ 
དེ་དག་ནི  དང ོས་གྲུབ 	ཞེ་ན 	།_ 	འདི 	ལྟར 	དེ་དག་ནི 	དང	ོས་གྲུབ 	མཉམ་དང 	མཐའ་མེད་པ 	ཅན་ཡིན་ནོ 	།_། 	bstod tshogs ka_.txt	ཞེ་ན  །_  འདི  ལྟར  དེ་དག་ནི  དང ོས་གྲུབ  མཉམ་དང  མཐའ་མེད་པ  ཅན་ཡིན་ནོ  །_། 
 དང  མཐུན་པ 						དང 	མཐུན་པ 	ཁོ་ན 	-འི 	འབྲས་བུ 	མངོན་པ 	bstod tshogs ka_.txt	     དང  མཐུན་པ  ཁོ་ན  -འི  འབྲས་བུ  མངོན་པ 
 དང  ཆ 						དང 	ཆ 	མཐུན་པ 	-ས 	རབ་ཏུ 	སྦྱོར་བ་ཡིན་ཏེ 	bstod tshogs ka_.txt	     དང  ཆ  མཐུན་པ  -ས  རབ་ཏུ  སྦྱོར་བ་ཡིན་ཏེ 
 དང  དུས་དང 						དང 	དུས་དང 	བྱ་བ་ལ 	།_། 	སོགས་པ 	-ས 	bstod tshogs ka_.txt	     དང  དུས་དང  བྱ་བ་ལ  །_།  སོགས་པ  -ས 
 དང ་ནི 						དང	་ནི 	།_། 	འདྲ་བ 	གང་ཡིན་དེ 	དཔེ་ཡིན 	bstod tshogs ka_.txt	     དང ་ནི  །_།  འདྲ་བ  གང་ཡིན་དེ  དཔེ་ཡིན 
-འི  དང ོས་གྲུབ 	ཡོན་ཏན 	ཐམས་ཅད 	མཉམ་པ་དང 	མཐའ་མེད་པ 	-འི 	དང	ོས་གྲུབ 	སྩོལ་བ 	ཉིད་ཀྱིས 	དཔེ་མེད་པ 	ཉིད་དུ 	bstod tshogs ka_.txt	ཡོན་ཏན  ཐམས་ཅད  མཉམ་པ་དང  མཐའ་མེད་པ  -འི  དང ོས་གྲུབ  སྩོལ་བ  ཉིད་ཀྱིས  དཔེ་མེད་པ  ཉིད་དུ 
ཆ་ཤས  དང ་བཅས་པ་ཞིག་ཏུ 	ལྡན 	འདས་ཀྱི 	ཡོན་ཏན་ནི 	གལ་ཏེ 	ཆ་ཤས 	དང	་བཅས་པ་ཞིག་ཏུ 	གྱུར་ན 	དེ་དག་གི 	ཆ་ཤས་དང 	ཆ་ཤས་ཀྱིས་ཀྱང 	bstod tshogs ka_.txt	ལྡན  འདས་ཀྱི  ཡོན་ཏན་ནི  གལ་ཏེ  ཆ་ཤས  དང ་བཅས་པ་ཞིག་ཏུ  གྱུར་ན  དེ་དག་གི  ཆ་ཤས་དང  ཆ་ཤས་ཀྱིས་ཀྱང 
 དང ོས་གྲུབ 	རྟག་ཏུ 	སེམས་ཅན་གྱི 	ཁམས་ལ 	མཆོག་གི 		དང	ོས་གྲུབ 	སྩོལ་བ 	-ར 	འགྱུར་བ 	ཉིད་ན 	bstod tshogs ka_.txt	རྟག་ཏུ  སེམས་ཅན་གྱི  ཁམས་ལ  མཆོག་གི   དང ོས་གྲུབ  སྩོལ་བ  -ར  འགྱུར་བ  ཉིད་ན 
 དང  འབྲས་བུ 						དང 	འབྲས་བུ 	-འི 	གནས་སྐབས་ན 	ཡོད་པ 	-འི 	bstod tshogs ka_.txt	     དང  འབྲས་བུ  -འི  གནས་སྐབས་ན  ཡོད་པ  -འི 
 དང  མཉམ་པ་གང 						དང 	མཉམ་པ་གང 	།_། 	ནམ 	མཁའ 	-འི 	bstod tshogs ka_.txt	     དང  མཉམ་པ་གང  །_།  ནམ  མཁའ  -འི 
 དང  འདྲ་བ 						དང 	འདྲ་བ 	འདི 	མན་ཆད 	དེ་སྐད་དུ 	གསུངས་པ 	bstod tshogs ka_.txt	     དང  འདྲ་བ  འདི  མན་ཆད  དེ་སྐད་དུ  གསུངས་པ 
 དང  བྲལ་བ 						དང 	བྲལ་བ 	-ར 	འདོད་པ 	རྣམ་པ 	-ར 	bstod tshogs ka_.txt	     དང  བྲལ་བ  -ར  འདོད་པ  རྣམ་པ  -ར 
 དང  ལྡན་ན 						དང 	ལྡན་ན 	སྐབས་མེད་དོ 	།_། 	དེ 	ཉིད་ཀྱི 	bstod tshogs ka_.txt	     དང  ལྡན་ན  སྐབས་མེད་དོ  །_།  དེ  ཉིད་ཀྱི 
 དང  །_ 						དང 	།_ 	འགྲོ 	བ 	-འི 	སྡུག་བསྔལ 	bstod tshogs ka_.txt	     དང  །_  འགྲོ  བ  -འི  སྡུག་བསྔལ 
 དང  །_ 						དང 	།_ 	དུས་ཀྱིས 	མཚམས་སོ་སོ 	-ར 	ངེས་པ་ཞིག་ཡིན་ནམ 	bstod tshogs ka_.txt	     དང  །_  དུས་ཀྱིས  མཚམས་སོ་སོ  -ར  ངེས་པ་ཞིག་ཡིན་ནམ 
 དང  དུས་མཐའ 						དང 	དུས་མཐའ 	ཡས་ཤིང 	མ་ལུས་པ་ཡིན་ཏེ 	།_ 	གང་ལ་དེ 	bstod tshogs ka_.txt	     དང  དུས་མཐའ  ཡས་ཤིང  མ་ལུས་པ་ཡིན་ཏེ  །_  གང་ལ་དེ 
རྟོག་པ  དང ་བཅས་པ 	-འི 	ངོ་བོ 	རྣམ་པ 	-ར 	རྟོག་པ 	དང	་བཅས་པ 	གང་ཡིན་པ་དེ་ནི 	རྣམ་པ 	-ར 	རྟོག་པ 	bstod tshogs ka_.txt	-འི  ངོ་བོ  རྣམ་པ  -ར  རྟོག་པ  དང ་བཅས་པ  གང་ཡིན་པ་དེ་ནི  རྣམ་པ  -ར  རྟོག་པ 
 དང  བྲལ་བ 						དང 	བྲལ་བ 	རྣམ་པ 	ཐམས་ཅད 	མཁྱེན་པ 	ཉིད་ཀྱིས 	bstod tshogs ka_.txt	     དང  བྲལ་བ  རྣམ་པ  ཐམས་ཅད  མཁྱེན་པ  ཉིད་ཀྱིས 
 དང  འབྲས་བུ 						དང 	འབྲས་བུ 	མི 	དབྱེ་བ 	-ར 	ཉེ་བ 	bstod tshogs ka_.txt	     དང  འབྲས་བུ  མི  དབྱེ་བ  -ར  ཉེ་བ 
རྟོག་པ  དང ་བཅས་པ 	རྣམ་པ 	གཅིག་ཏུ་ནི 	རྣམ་པ 	-ར 	རྟོག་པ 	དང	་བཅས་པ 	-འི 	སྙིང་རྗེ 	དེ་ཉིད 	བསྒོམ་པ 	bstod tshogs ka_.txt	རྣམ་པ  གཅིག་ཏུ་ནི  རྣམ་པ  -ར  རྟོག་པ  དང ་བཅས་པ  -འི  སྙིང་རྗེ  དེ་ཉིད  བསྒོམ་པ 
 དང  ལྡན་པ 						དང 	ལྡན་པ 	-ས 	འབྲས་བུ 	སེམས་ཅན་གྱི 	རྣམ་པ 	bstod tshogs ka_.txt	     དང  ལྡན་པ  -ས  འབྲས་བུ  སེམས་ཅན་གྱི  རྣམ་པ 
 དང  མྱ་ངན་ལ 						དང 	མྱ་ངན་ལ 	སོགས་པ 	གོམས་པ 	བཞིན་ནོ 	།_། 	bstod tshogs ka_.txt	     དང  མྱ་ངན་ལ  སོགས་པ  གོམས་པ  བཞིན་ནོ  །_། 
 དང  མཐུན་པ 						དང 	མཐུན་པ 	-ར 	སྙིང་རྗེ་ཞེས་ཀྱང་བྱའོ 	།_། 	གནས 	bstod tshogs ka_.txt	     དང  མཐུན་པ  -ར  སྙིང་རྗེ་ཞེས་ཀྱང་བྱའོ  །_།  གནས 
 དང  བྲལ་བ 						དང 	བྲལ་བ 	-འི 	ཕྱིར 	ཚིག 	ཐམས་ཅད་ཀྱི 	bstod tshogs ka_.txt	     དང  བྲལ་བ  -འི  ཕྱིར  ཚིག  ཐམས་ཅད་ཀྱི 
 དང  དུས 						དང 	དུས 	ཐམས་ཅད་དུ 	མེད་པ 	ཐམས་ཅད 	དུ་འགྲོ་བ 	bstod tshogs ka_.txt	     དང  དུས  ཐམས་ཅད་དུ  མེད་པ  ཐམས་ཅད  དུ་འགྲོ་བ 
 དང  ལྡན་ནོ་ཞེས 						དང 	ལྡན་ནོ་ཞེས 	བྱ་བ 	མི 	དཔོགས་པ 	དེ་དག་ཏུ 	bstod tshogs ka_.txt	     དང  ལྡན་ནོ་ཞེས  བྱ་བ  མི  དཔོགས་པ  དེ་དག་ཏུ 
 དང  དེ 						དང 	དེ 	-འི 	ལོངས་སྤྱོད 	དག 	བསྟན་པ 	bstod tshogs ka_.txt	     དང  དེ  -འི  ལོངས་སྤྱོད  དག  བསྟན་པ 
 དང  ལྡན་པ 						དང 	ལྡན་པ 	རྣམས་ནི 	སྦྱིན་པ་པོ 	དག 	ཁོ་ན་ལ 	bstod tshogs ka_.txt	     དང  ལྡན་པ  རྣམས་ནི  སྦྱིན་པ་པོ  དག  ཁོ་ན་ལ 
 དང  ལྡན་པ་ཡིན 						དང 	ལྡན་པ་ཡིན 	ཞེ་ན 	།_ 	སྦྱིན 	མཆོག་ཉིད 	bstod tshogs ka_.txt	     དང  ལྡན་པ་ཡིན  ཞེ་ན  །_  སྦྱིན  མཆོག་ཉིད 
 དང  །_ 						དང 	།_ 	མི 	འཇིགས་པ་དང 	_།_ 	ཆོས་སྦྱིན་པ 	bstod tshogs ka_.txt	     དང  །_  མི  འཇིགས་པ་དང  _།_  ཆོས་སྦྱིན་པ 
 དང  ལྡན་པ་ཞེས 						དང 	ལྡན་པ་ཞེས 	བྱ་བ 	-འི 	དོན་ཏོ 	།_། 	bstod tshogs ka_.txt	     དང  ལྡན་པ་ཞེས  བྱ་བ  -འི  དོན་ཏོ  །_། 
 དང  ལྡན་པའོ 						དང 	ལྡན་པའོ 	།_། 	མཆོག 	སྦྱིན་ཞེས 	སྤྱིར 	bstod tshogs ka_.txt	     དང  ལྡན་པའོ  །_།  མཆོག  སྦྱིན་ཞེས  སྤྱིར 
 དང ་ཡང 						དང	་ཡང 	མཚུངས་པ 	-ར 	ཤེས་པ 	-ར 	bstod tshogs ka_.txt	     དང ་ཡང  མཚུངས་པ  -ར  ཤེས་པ  -ར 
མཆོག་གི  དང ོས་གྲུབ 	སངས 	རྒྱས 	ཐམས་ཅད 	འདུ་བ་ལས་ནི 	མཆོག་གི 	དང	ོས་གྲུབ 	སྩོལ་ཞེས 	འབྱུང་སྟེ 	།_ 	དེར་ནི 	bstod tshogs ka_.txt	སངས  རྒྱས  ཐམས་ཅད  འདུ་བ་ལས་ནི  མཆོག་གི  དང ོས་གྲུབ  སྩོལ་ཞེས  འབྱུང་སྟེ  །_  དེར་ནི 
 དང ོས་གྲུབ 	མཆོག 	སངས་རྒྱས་ཀྱི 	ཆོས 	རྣམས་ཀྱི 		དང	ོས་གྲུབ 	ཡོངས་སུ 	གྲུབ་པ་དེ 	སྩོལ་བ་ཞེས 	རྣམ་པ 	bstod tshogs ka_.txt	མཆོག  སངས་རྒྱས་ཀྱི  ཆོས  རྣམས་ཀྱི   དང ོས་གྲུབ  ཡོངས་སུ  གྲུབ་པ་དེ  སྩོལ་བ་ཞེས  རྣམ་པ 
 དང  མ་འོངས་པ་དང 						དང 	མ་འོངས་པ་དང 	ད་ལྟར 	དག་ལ 	ཐོགས་པ 	མེད་པ 	bstod tshogs ka_.txt	     དང  མ་འོངས་པ་དང  ད་ལྟར  དག་ལ  ཐོགས་པ  མེད་པ 
 དང  །_ 						དང 	།_ 	ཤེས 	བྱ 	-འི 	སྒྲིབ་པ་ཞེས 	bstod tshogs ka_.txt	     དང  །_  ཤེས  བྱ  -འི  སྒྲིབ་པ་ཞེས 
མཆོག་གི  དང ོས་གྲུབ་བམ 	།_ 	དེ་ལས 	གསུངས་པ 	-འི 	མཆོག་གི 	དང	ོས་གྲུབ་བམ 	།_ 	དེ 	རྟོགས་པ 	-འི 	bstod tshogs ka_.txt	།_  དེ་ལས  གསུངས་པ  -འི  མཆོག་གི  དང ོས་གྲུབ་བམ  །_  དེ  རྟོགས་པ  -འི 
 དང  _།_ 						དང 	_།_ 	ཆོས་དང 	_།_ 	ཕྱིར 	མི་ལྡོག་པ 	bstod tshogs ka_.txt	     དང  _།_  ཆོས་དང  _།_  ཕྱིར  མི་ལྡོག་པ 
 དང ་བ 	-འི 	དགེ་འདུན་ལ 				དང	་བ 	-འི 	བདག་ཉིད 	འབྱུང་བ་དེ་ནི 	དམ་ཚིག་གསུམ་པའོ 	bstod tshogs ka_.txt	-འི  དགེ་འདུན་ལ     དང ་བ  -འི  བདག་ཉིད  འབྱུང་བ་དེ་ནི  དམ་ཚིག་གསུམ་པའོ 
 དང  །_། 						དང 	།_། 	ཐུབ་པ 	-འི 	བརྟུལ་ཞུགས 	བརྟན་པ་དང 	bstod tshogs ka_.txt	     དང  །_།  ཐུབ་པ  -འི  བརྟུལ་ཞུགས  བརྟན་པ་དང 
 དང  འཇིག་རྟེན་ལས 						དང 	འཇིག་རྟེན་ལས 	འདས་པ 	-འི 	ཕུན 	སུམ 	bstod tshogs ka_.txt	     དང  འཇིག་རྟེན་ལས  འདས་པ  -འི  ཕུན  སུམ 
 དང  །_ 						དང 	།_ 	འཁོར 	ལོས 	སྒྱུར་བ 	ཉིད་ལ 	bstod tshogs ka_.txt	     དང  །_  འཁོར  ལོས  སྒྱུར་བ  ཉིད་ལ 
 དང ོས་གྲུབ 	སོགས་པ 	-འི 				དང	ོས་གྲུབ 	ཐམས་ཅད་ཀྱི 	ནང་ན 	མཆོག་གི 	དངོས་གྲུབ་སྟེ 	bstod tshogs ka_.txt	སོགས་པ  -འི     དང ོས་གྲུབ  ཐམས་ཅད་ཀྱི  ནང་ན  མཆོག་གི  དངོས་གྲུབ་སྟེ 
 དང  །_ 						དང 	།_ 	ཞུ་ཆེན་གྱི 	ལོ་ཙཱ་བ་བནྡེ 	དཔལ 	བརྩེགས་ཀྱིས 	bstod tshogs ka_.txt	     དང  །_  ཞུ་ཆེན་གྱི  ལོ་ཙཱ་བ་བནྡེ  དཔལ  བརྩེགས་ཀྱིས 
 དང  དཔལ་དུ 						དང 	དཔལ་དུ 	གྱུར་པ་པོ 	།_། 	མྱ་ངན 	མེད 	bstod tshogs ka_.txt	     དང  དཔལ་དུ  གྱུར་པ་པོ  །_།  མྱ་ངན  མེད 
 དང ་པ 						དང	་པ 	-འི 	སྐུ 	མངའ་ཞིང 	།_། 	bstod tshogs ka_.txt	     དང ་པ  -འི  སྐུ  མངའ་ཞིང  །_། 
 དང  མཁྲིས་པ 						དང 	མཁྲིས་པ 	བད་ཀན 	འདུས་ལ་སོགས 	།_། 	འབྱུང་བ 	bstod tshogs ka_.txt	     དང  མཁྲིས་པ  བད་ཀན  འདུས་ལ་སོགས  །_།  འབྱུང་བ 