-ར  དག ོངས་པ་ཅན 	བརྩེ་བ 	།_། 	ཕྲད་དང 	བྲལ་བ 	-ར 	དག	ོངས་པ་ཅན 	།_། 	མི 	འབྲལ 	དགོངས་ཤིང 	bstod tshogs ka_.txt	བརྩེ་བ  །_།  ཕྲད་དང  བྲལ་བ  -ར  དག ོངས་པ་ཅན  །_།  མི  འབྲལ  དགོངས་ཤིང 
 དག ོངས་པ 	བདེ་བ་ཅན 	།_། 				དག	ོངས་པ 	ཁྱོད་ལ 	ཕྱག 	འཚལ་ལོ 	།_། 	bstod tshogs ka_.txt	བདེ་བ་ཅན  །_།     དག ོངས་པ  ཁྱོད་ལ  ཕྱག  འཚལ་ལོ  །_། 
ལུས་པ  དག  འདུལ 	ཀུན་གྱི 	ཉོན་མོངས་ཀུན 	།_། 	མ 	ལུས་པ 	དག 	འདུལ 	མཛད་པ 	།_། 	ཉོན་མོངས 	སེལ་བ 	bstod tshogs ka_.txt	ཀུན་གྱི  ཉོན་མོངས་ཀུན  །_།  མ  ལུས་པ  དག  འདུལ  མཛད་པ  །_།  ཉོན་མོངས  སེལ་བ 
 དག ་གི 						དག	་གི 	།_། 	ཚིག་དང 	སྤྱོད 	མཁྱེན 	bstod tshogs ka_.txt	     དག ་གི  །_།  ཚིག་དང  སྤྱོད  མཁྱེན 
སྐྱབས་དང  དག ་པ་དང 	ཕྱག 	འཚལ་ལོ 	།_། 	ཐབས་དང 	སྐྱབས་དང 	དག	་པ་དང 	།_། 	ངེས 	འབྱུང 	ཐེག་པ 	bstod tshogs ka_.txt	ཕྱག  འཚལ་ལོ  །_།  ཐབས་དང  སྐྱབས་དང  དག ་པ་དང  །_།  ངེས  འབྱུང  ཐེག་པ 
 དག  གཞན་དོན་ལ 						དག 	གཞན་དོན་ལ 	མུ་སྟེགས་གཞན 	།_། 	མི 	ཚུགས 	bstod tshogs ka_.txt	     དག  གཞན་དོན་ལ  མུ་སྟེགས་གཞན  །_།  མི  ཚུགས 
 དག  དོན་དུ་ན 						དག 	དོན་དུ་ན 	།_། 	ཀུན 	མཁྱེན 	ཁྱོད་ལ 	bstod tshogs ka_.txt	     དག  དོན་དུ་ན  །_།  ཀུན  མཁྱེན  ཁྱོད་ལ 
ཕན  དག ོངས 	ཐུགས 	རྗེ་ཆེ་དང 	ལྡན་པ་པོ 	།_། 	ཕན 	དག	ོངས 	ཁྱོད་ལ 	ཕྱག 	འཚལ་ལོ 	།_། 	bstod tshogs ka_.txt	ཐུགས  རྗེ་ཆེ་དང  ལྡན་པ་པོ  །_།  ཕན  དག ོངས  ཁྱོད་ལ  ཕྱག  འཚལ་ལོ  །_། 
སྐུ་གསུམ  དག ་གིས 	ཆེན་པོ 	-འི 	རྣམ་པ་ཀུན 	།_། 	སྐུ་གསུམ 	དག	་གིས 	བརྙེས 	གྱུར་པ 	།_། 	ཀུན་དུ 	bstod tshogs ka_.txt	ཆེན་པོ  -འི  རྣམ་པ་ཀུན  །_།  སྐུ་གསུམ  དག ་གིས  བརྙེས  གྱུར་པ  །_།  ཀུན་དུ 
 དག ་གིས 						དག	་གིས 	རབ 	བསྟོད་པས 	།_། 	ཡོན་ཏན་དྲུག 	bstod tshogs ka_.txt	     དག ་གིས  རབ  བསྟོད་པས  །_།  ཡོན་ཏན་དྲུག 
 དག  སོགས 						དག 	སོགས 	འགྲོ་བ 	རྣམས་ཀྱིས་མྱུར་དུ 	རྟོགས་པ 	-ར་ཤོག 	bstod tshogs ka_.txt	     དག  སོགས  འགྲོ་བ  རྣམས་ཀྱིས་མྱུར་དུ  རྟོགས་པ  -ར་ཤོག 
།_།  དག ་པ 	དེ 	ཉིད 	སྦྱང་བ 	བྱས་པ་ལས 	།_། 	དག	་པ 	དེ་ཉིད 	མྱ་ངན་འདས 	།_། 	ཆོས་ཀྱི 	bstod tshogs ka_.txt	དེ  ཉིད  སྦྱང་བ  བྱས་པ་ལས  །_།  དག ་པ  དེ་ཉིད  མྱ་ངན་འདས  །_།  ཆོས་ཀྱི 
གང་དང་གང  དག ་ནས 	མི 	མཐོང་ངོ 	_།_། 	ཕྱོགས་ནི 	གང་དང་གང 	དག	་ནས 	།_། 	བུམ་པ 	བུ་ག 	བཏོད 	bstod tshogs ka_.txt	མི  མཐོང་ངོ  _།_།  ཕྱོགས་ནི  གང་དང་གང  དག ་ནས  །_།  བུམ་པ  བུ་ག  བཏོད 
སྦྲམ  དག  མཐོང་བ 	བྱས་པས 	།_། 	ས 	ལེ 	སྦྲམ 	དག 	མཐོང་བ 	-ར་འགྱུར 	།_། 	ཁམས 	མེད་ན 	bstod tshogs ka_.txt	བྱས་པས  །_།  ས  ལེ  སྦྲམ  དག  མཐོང་བ  -ར་འགྱུར  །_།  ཁམས  མེད་ན 
མེ་ཡིས  དག ་པ 	-ར་གྱུར 	།_། 	ཇི 	ལྟར 	མེ་ཡིས 	དག	་པ 	-འི་གོས 	།_། 	སྣ 	ཚོགས 	bstod tshogs ka_.txt	-ར་གྱུར  །_།  ཇི  ལྟར  མེ་ཡིས  དག ་པ  -འི་གོས  །_།  སྣ  ཚོགས 
དེ  དག  ཀུན་གྱིས 	ཇི་སྙེད 	གསུངས་པ 	གང 	།_། 	དེ 	དག 	ཀུན་གྱིས 	ཉོན་མོངས་ལྡོག 	_། 	ཁམས་དེ 	ཉམས་པ 	bstod tshogs ka_.txt	ཇི་སྙེད  གསུངས་པ  གང  །_།  དེ  དག  ཀུན་གྱིས  ཉོན་མོངས་ལྡོག  _།  ཁམས་དེ  ཉམས་པ 
 དག  མ་ཡིན 						དག 	མ་ཡིན 	།_། 	བུད 	མེད 	མ་ཡིན 	bstod tshogs ka_.txt	     དག  མ་ཡིན  །_།  བུད  མེད  མ་ཡིན 
 དག ་ཅེས 						དག	་ཅེས 	བརྟག 	པར་བྱ 	།_། 	ཆགས་པ 	bstod tshogs ka_.txt	     དག ་ཅེས  བརྟག  པར་བྱ  །_།  ཆགས་པ 
 དག ་དང 						དག	་དང 	བདག་གི 	རྣམ་རྟོག་དང 	_།_། 	མིང་གི 	bstod tshogs ka_.txt	     དག ་དང  བདག་གི  རྣམ་རྟོག་དང  _།_།  མིང་གི 
 དག ེ་བ 						དག	ེ་བ 	།_། 	བསླུ་བ 	མེད་ཅིང 	བརྟན་པ་ཡི 	bstod tshogs ka_.txt	     དག ེ་བ  །_།  བསླུ་བ  མེད་ཅིང  བརྟན་པ་ཡི 
 དག ་མེད་པ 						དག	་མེད་པ 	-འང 	_།_། 	ཇི་ལྟར 	བདག་དང 	bstod tshogs ka_.txt	     དག ་མེད་པ  -འང  _།_།  ཇི་ལྟར  བདག་དང 
 དག  གི 						དག 	གི 	-ར་བརྟག 	_། 	ཇི 	ལྟར 	bstod tshogs ka_.txt	     དག  གི  -ར་བརྟག  _།  ཇི  ལྟར 
པར  དག ་པ 	རྣ་བ་ལ 	བརྟེན་ནས 	།_། 	རྣམ 	པར 	དག	་པ 	-འི 	ཤེས་པ་གསུམ 	།_། 	མཚན 	bstod tshogs ka_.txt	རྣ་བ་ལ  བརྟེན་ནས  །_།  རྣམ  པར  དག ་པ  -འི  ཤེས་པ་གསུམ  །_།  མཚན 
།_།  དག ་པ 	པར 	ཤེས་པ 	གནས 	མེད་པ 	།_། 	དག	་པ 	-འི 	ལུས་ཀྱི 	ངོ་བོ་དང 	_།_། 	bstod tshogs ka_.txt	པར  ཤེས་པ  གནས  མེད་པ  །_།  དག ་པ  -འི  ལུས་ཀྱི  ངོ་བོ་དང  _།_། 
རྐྱེན  དག ་ལས་ནི 	-འི 	རྐྱེན་གྱི 	མཚན་ཉིད་དང 	_།_། 	རྐྱེན 	དག	་ལས་ནི 	གྲོལ 	གྱུར་པ 	།_། 	ཆོས་ཀྱི 	bstod tshogs ka_.txt	-འི  རྐྱེན་གྱི  མཚན་ཉིད་དང  _།_།  རྐྱེན  དག ་ལས་ནི  གྲོལ  གྱུར་པ  །_།  ཆོས་ཀྱི 
སྣ  དག ་དང 	རྫོགས་པ་ཡིན 	།_། 	མིག་དང 	རྣ་བ 	སྣ 	དག	་དང 	_།_། 	ལྕེ་དང 	ལུས་དང 	དེ་བཞིན་ཡིད 	bstod tshogs ka_.txt	རྫོགས་པ་ཡིན  །_།  མིག་དང  རྣ་བ  སྣ  དག ་དང  _།_།  ལྕེ་དང  ལུས་དང  དེ་བཞིན་ཡིད 
 དག ་པ 						དག	་པ 	།_། 	འདི 	ཉིད 	དེ་ཉིད 	bstod tshogs ka_.txt	     དག ་པ  །_།  འདི  ཉིད  དེ་ཉིད 
 དག ་ཏུ 						དག	་ཏུ 	འཛིན་ལས 	འཁོར་བ་སྟེ 	།_། 	སོ་སོ 	bstod tshogs ka_.txt	     དག ་ཏུ  འཛིན་ལས  འཁོར་བ་སྟེ  །_།  སོ་སོ 
 དག  འགགས་པ 						དག 	འགགས་པ 	སངས་རྒྱས་ཉིད 	།_། 	ལུས 	ཅན 	bstod tshogs ka_.txt	     དག  འགགས་པ  སངས་རྒྱས་ཉིད  །_།  ལུས  ཅན 
ཤེས་པ  དག ་ལས 	ཉིད་དོ 	།_། 	ཤེས་དང 	མི 	ཤེས་པ 	དག	་ལས 	།_། 	ལུས 	འདི་ཉིད་ལ 	ཐམས་ཅད་དེ 	bstod tshogs ka_.txt	ཉིད་དོ  །_།  ཤེས་དང  མི  ཤེས་པ  དག ་ལས  །_།  ལུས  འདི་ཉིད་ལ  ཐམས་ཅད་དེ 
 དག  ཉིད 						དག 	ཉིད 	ཤེས་ན 	གྲོལ་བ 	-ར་འགྱུར 	།_། 	bstod tshogs ka_.txt	     དག  ཉིད  ཤེས་ན  གྲོལ་བ  -ར་འགྱུར  །_། 
 དག ་ལ 						དག	་ལ 	བརྟགས་པ 	-ས 	གནས 	བྱ་ཞེས 	bstod tshogs ka_.txt	     དག ་ལ  བརྟགས་པ  -ས  གནས  བྱ་ཞེས 
 དག ་ན 						དག	་ན 	།_། 	ས 	རྣམས་དེ་ཡི 	བདག་ཉིད་གནས 	bstod tshogs ka_.txt	     དག ་ན  །_།  ས  རྣམས་དེ་ཡི  བདག་ཉིད་གནས 
 དག ་སྨྲའོ 						དག	་སྨྲའོ 	།_། 	བྱིས་པ 	-འི 	ནང་ན 	bstod tshogs ka_.txt	     དག ་སྨྲའོ  །_།  བྱིས་པ  -འི  ནང་ན 
ཡང  དག  ཇི་བཞིན 	སྣང་བ 	མེད་པ 	-ར་ནི 	།_། 	ཡང 	དག 	ཇི་བཞིན 	རིག 	གྱུར་པའོ 	།_། 	ཇི 	bstod tshogs ka_.txt	སྣང་བ  མེད་པ  -ར་ནི  །_།  ཡང  དག  ཇི་བཞིན  རིག  གྱུར་པའོ  །_།  ཇི 
 དག ་དང 						དག	་དང 	བདག་གི་ཞེས 	འཛིན་པས 	།_། 	ཇི 	bstod tshogs ka_.txt	     དག ་དང  བདག་གི་ཞེས  འཛིན་པས  །_།  ཇི 
 དག  མེད 						དག 	མེད 	རྣམ་པ་གཉིས 	མཐོང་ན 	།_། 	སྲིད་པ 	bstod tshogs ka_.txt	     དག  མེད  རྣམ་པ་གཉིས  མཐོང་ན  །_།  སྲིད་པ 
རྟག་པ  དག ེ་བ 	སངས་རྒྱས 	མྱ་ངན་འདས 	།_། 	གཙང་བ 	རྟག་པ 	དག	ེ་བ 	-འི་གཞི 	།_། 	གང 	ཕྱིར་གཉིས་ནི 	bstod tshogs ka_.txt	སངས་རྒྱས  མྱ་ངན་འདས  །_།  གཙང་བ  རྟག་པ  དག ེ་བ  -འི་གཞི  །_།  གང  ཕྱིར་གཉིས་ནི 
།_།  དག ྲ 	།_། 	ཉེ 	བར་གནས་ཤིང 	བསྒྲུབས་པ་ལས 	།_། 	དག	ྲ 	བཅོམ 	རྐྱེན 	རྟོགས 	སངས་རྒྱས་རྣམས 	bstod tshogs ka_.txt	།_།  ཉེ  བར་གནས་ཤིང  བསྒྲུབས་པ་ལས  །_།  དག ྲ  བཅོམ  རྐྱེན  རྟོགས  སངས་རྒྱས་རྣམས 
ཆོས་དང  དག ེ་འདུན་ལ 	རྫོགས་ཤིང་གསལ 	།_། 	སངས 	རྒྱས 	ཆོས་དང 	དག	ེ་འདུན་ལ 	།_། 	རྟག་ཏུ 	མོས་པ 	བརྟན་པོ་ཡིས 	bstod tshogs ka_.txt	རྫོགས་ཤིང་གསལ  །_།  སངས  རྒྱས  ཆོས་དང  དག ེ་འདུན་ལ  །_།  རྟག་ཏུ  མོས་པ  བརྟན་པོ་ཡིས 
 དག  སྐྱེད 	།_། 	སེམས 	དེ་ཡང 			དག 	སྐྱེད 	བྱས་ནས 	།_། 	ཕྱིར 	མི་ལྡོག 	bstod tshogs ka_.txt	།_།  སེམས  དེ་ཡང    དག  སྐྱེད  བྱས་ནས  །_།  ཕྱིར  མི་ལྡོག 
།_།  དག འ་བ་ཞེས་ནི 	དེ 	ཚེ་དེ་ནི 	ངེས 	རྟོགས་པ 	།_། 	དག	འ་བ་ཞེས་ནི 	མངོན་པ 	-ར་བརྗོད 	།_། 	འདོད 	bstod tshogs ka_.txt	དེ  ཚེ་དེ་ནི  ངེས  རྟོགས་པ  །_།  དག འ་བ་ཞེས་ནི  མངོན་པ  -ར་བརྗོད  །_།  འདོད 
 དག ་པ 						དག	་པ 	།_། 	དྲི 	མ 	མེད་ཅེས 	bstod tshogs ka_.txt	     དག ་པ  །_།  དྲི  མ  མེད་ཅེས 
 དག  _། 						དག 	_། 	སེལ 	བར 	བྱེད་པ 	-ས 	bstod tshogs ka_.txt	     དག  _།  སེལ  བར  བྱེད་པ  -ས 
 དག ་པ 	འོད་བྱེད་པའོ 	།_། 	རྟག་ཏུ 			དག	་པ 	-འི 	འོད་ཀྱིས་གསལ 	།_། 	འདུ 	bstod tshogs ka_.txt	འོད་བྱེད་པའོ  །_།  རྟག་ཏུ    དག ་པ  -འི  འོད་ཀྱིས་གསལ  །_།  འདུ 
 དག  རིག 						དག 	རིག 	ཀུན་ལ 	།_། 	ཆོས 	སྟོན་པ་ཡི 	bstod tshogs ka_.txt	     དག  རིག  ཀུན་ལ  །_།  ཆོས  སྟོན་པ་ཡི 
 དག ་ངོམས 						དག	་ངོམས 	།_། 	བསམ 	མི 	ཁྱབ་པ 	bstod tshogs ka_.txt	     དག ་ངོམས  །_།  བསམ  མི  ཁྱབ་པ 
-ར  དག ་པ 	མེད་པ 	།_། 	ཀུན་དུ 	རྣམ་པ 	-ར 	དག	་པ 	-ར་གྱུར 	།_། 	གཙོ་བོ 	ཁྱོད་ཀྱིས 	bstod tshogs ka_.txt	མེད་པ  །_།  ཀུན་དུ  རྣམ་པ  -ར  དག ་པ  -ར་གྱུར  །_།  གཙོ་བོ  ཁྱོད་ཀྱིས 
 དག ་ཉིད 						དག	་ཉིད 	གྱུར་པ 	-འང་ཁྱོད 	།_། 	བདེ་དང 	bstod tshogs ka_.txt	     དག ་ཉིད  གྱུར་པ  -འང་ཁྱོད  །_།  བདེ་དང 
 དག  _། 						དག 	_། 	མཆོག་ཏུ 	རྟོགས་དཀའ 	ཐུབ་པ 	-འི 	bstod tshogs ka_.txt	     དག  _།  མཆོག་ཏུ  རྟོགས་དཀའ  ཐུབ་པ  -འི 
ལོ་ཙཱ་བ  དག ེ་སློང 	གར་གྱི 	མཁན་པོ་ཀྲྀཥྞ་པཎྜི 	ཏ་དང 	།_ 	ལོ་ཙཱ་བ 	དག	ེ་སློང 	ཚུལ་ཁྲིམས 	རྒྱལ་བ 	-ས 	བསྒྱུར་བའོ 	bstod tshogs ka_.txt	གར་གྱི  མཁན་པོ་ཀྲྀཥྞ་པཎྜི  ཏ་དང  །_  ལོ་ཙཱ་བ  དག ེ་སློང  ཚུལ་ཁྲིམས  རྒྱལ་བ  -ས  བསྒྱུར་བའོ 
གང  དག  རྒྱུ་ལ 	ལྡན 	རྣམས་ལ 	རབ་ཏུ་བསྟན 	།_། 	གང 	དག 	རྒྱུ་ལ 	-ས 	བྱུང་བ་རྣམས 	།_། 	དེ 	bstod tshogs ka_.txt	ལྡན  རྣམས་ལ  རབ་ཏུ་བསྟན  །_།  གང  དག  རྒྱུ་ལ  -ས  བྱུང་བ་རྣམས  །_།  དེ 
 དག ་མེད་པས 						དག	་མེད་པས 	།_། 	ཚོར་བ 	དེ་ཡང 	རང་བཞིན་གྱིས 	bstod tshogs ka_.txt	     དག ་མེད་པས  །_།  ཚོར་བ  དེ་ཡང  རང་བཞིན་གྱིས 
 དག  ཐ 						དག 	ཐ 	དད་མིན 	།_། 	མེ་ཡིས 	ཁ 	bstod tshogs ka_.txt	     དག  ཐ  དད་མིན  །_།  མེ་ཡིས  ཁ 
 དག ་པོ 						དག	་པོ 	ཁྱོད་ཀྱིས་གསུང 	།_། 	ཤེས་པ 	མེད་པ 	bstod tshogs ka_.txt	     དག ་པོ  ཁྱོད་ཀྱིས་གསུང  །_།  ཤེས་པ  མེད་པ 
 དག  _། 						དག 	_། 	རང 	དངོས་མེད་ཅེས 	ཁྱོད་ཀྱིས་གསུང 	།_། 	bstod tshogs ka_.txt	     དག  _།  རང  དངོས་མེད་ཅེས  ཁྱོད་ཀྱིས་གསུང  །_། 
 དག  ཞི་བ 						དག 	ཞི་བ 	-ར་མཛད 	།_། 	དངོས་པོ 	ཡོད་པ 	bstod tshogs ka_.txt	     དག  ཞི་བ  -ར་མཛད  །_།  དངོས་པོ  ཡོད་པ 
 དག  ལས་མ་ཡིན 						དག 	ལས་མ་ཡིན 	གཞན་ལས་མིན 	།_། 	གཉིས 	མིན 	bstod tshogs ka_.txt	     དག  ལས་མ་ཡིན  གཞན་ལས་མིན  །_།  གཉིས  མིན 
ཞིག་པ  དག ་གིས 	ཉིད་བཞེད 	།_། 	ཞིག་དང 	མ 	ཞིག་པ 	དག	་གིས 	།_། 	རྒྱུ 	ལས་འབྲས 	བུ 	bstod tshogs ka_.txt	ཉིད་བཞེད  །_།  ཞིག་དང  མ  ཞིག་པ  དག ་གིས  །_།  རྒྱུ  ལས་འབྲས  བུ 
 དག  _། 						དག 	_། 	སྒྱུ 	མ 	འབྱུང་བ 	བཞིན་དུ 	bstod tshogs ka_.txt	     དག  _།  སྒྱུ  མ  འབྱུང་བ  བཞིན་དུ 
 དག  _། 						དག 	_། 	ཡོངས་སུ 	བརྟགས་པ་ལས 	བྱུང་བར 	།_། 	bstod tshogs ka_.txt	     དག  _།  ཡོངས་སུ  བརྟགས་པ་ལས  བྱུང་བར  །_། 
 དག ་གིས 						དག	་གིས 	བསོད་ནམས་གང 	ཐོབ་པ 	།_། 	དེས་ནི 	bstod tshogs ka_.txt	     དག ་གིས  བསོད་ནམས་གང  ཐོབ་པ  །_།  དེས་ནི 
 དག  _། 						དག 	_། 	སེམས 	ལས་མ 	གཏོགས 	ཅུང་ཟད་མེད 	bstod tshogs ka_.txt	     དག  _།  སེམས  ལས་མ  གཏོགས  ཅུང་ཟད་མེད 
 དག ་གིས་བསྟོད 						དག	་གིས་བསྟོད 	།_། 	སྐྱེ་བ 	མེད་པ 	-འི 	bstod tshogs ka_.txt	     དག ་གིས་བསྟོད  །_།  སྐྱེ་བ  མེད་པ  -འི 
ལོ་ཙཱ་བ  དག ེ་སློང 	གར་གྱི 	མཁན་པོ་ཀྲྀཥྞ་པཎྜི 	ཏ་དང 	།_ 	ལོ་ཙཱ་བ 	དག	ེ་སློང 	ཚུལ་ཁྲིམས 	རྒྱལ་བ 	-ས 	བསྒྱུར་ཅིང 	bstod tshogs ka_.txt	གར་གྱི  མཁན་པོ་ཀྲྀཥྞ་པཎྜི  ཏ་དང  །_  ལོ་ཙཱ་བ  དག ེ་སློང  ཚུལ་ཁྲིམས  རྒྱལ་བ  -ས  བསྒྱུར་ཅིང 
 དག ་དང 						དག	་དང 	གཞན་ལ 	ཕན་པ 	ཕུན 	སུམ 	bstod tshogs ka_.txt	     དག ་དང  གཞན་ལ  ཕན་པ  ཕུན  སུམ 
 དག  ཕྱག་འཚལ 						དག 	ཕྱག་འཚལ 	།_། 	རང་གི 	འབྱོར་པ 	འཇིག་རྟེན་ལས 	bstod tshogs ka_.txt	     དག  ཕྱག་འཚལ  །_།  རང་གི  འབྱོར་པ  འཇིག་རྟེན་ལས 
རྣམས་ཀྱི  དག འ་བ 	འབྲས་བུ་ནི 	།_། 	བློ 	ཅན 	རྣམས་ཀྱི 	དག	འ་བ 	བསྐྱེད 	ཕྱིར 	འཁོར་གྱི 	ནང་དུ 	bstod tshogs ka_.txt	འབྲས་བུ་ནི  །_།  བློ  ཅན  རྣམས་ཀྱི  དག འ་བ  བསྐྱེད  ཕྱིར  འཁོར་གྱི  ནང་དུ 
ལ་ལ  དག ་ཏུ 	སྨིན་པ 	-ར 	མཛད 	ཕྱིར 	ལ་ལ 	དག	་ཏུ 	མེ 	འབར 	བཞིན་དུ་གང 	སྣང་ཞིང 	bstod tshogs ka_.txt	སྨིན་པ  -ར  མཛད  ཕྱིར  ལ་ལ  དག ་ཏུ  མེ  འབར  བཞིན་དུ་གང  སྣང་ཞིང 
བྱས  དག ེ་བ 	བདག་གིས 	དད་པ 	-ས 	ཕྱག 	བྱས 	དག	ེ་བ 	བྱང་ཆུབ 	ས་བོན 	བསགས་པ 	-ར 	bstod tshogs ka_.txt	བདག་གིས  དད་པ  -ས  ཕྱག  བྱས  དག ེ་བ  བྱང་ཆུབ  ས་བོན  བསགས་པ  -ར 
 དག  མ 						དག 	མ 	ལུས 	བྱང་ཆུབ་ལམ་ལ 	ངེས་པ 	-ར 	bstod tshogs ka_.txt	     དག  མ  ལུས  བྱང་ཆུབ་ལམ་ལ  ངེས་པ  -ར 
ལོ་ཙཱ་བ  དག ེ་སློང 	གར་གྱི 	མཁན་པོ་ཀྲྀཥྞ་པཎྜི 	ཏ་དང 	།_ 	ལོ་ཙཱ་བ 	དག	ེ་སློང 	ཚུལ་ཁྲིམས 	རྒྱལ་བ 	-ས 	བསྒྱུར་ཅིང 	bstod tshogs ka_.txt	གར་གྱི  མཁན་པོ་ཀྲྀཥྞ་པཎྜི  ཏ་དང  །_  ལོ་ཙཱ་བ  དག ེ་སློང  ཚུལ་ཁྲིམས  རྒྱལ་བ  -ས  བསྒྱུར་ཅིང 
 དག  ཉིད 						དག 	ཉིད 	ཆེན་པོ 	-འི 	སྐུ་གསུམ་གྱི 	།_། 	bstod tshogs ka_.txt	     དག  ཉིད  ཆེན་པོ  -འི  སྐུ་གསུམ་གྱི  །_། 
།_  དག ོས་པ་དང 	བཅད་པ་གསུམ་གྱིས 	བརྗོད་པ 	-ར 	བྱ་བ་དང 	།_ 	དག	ོས་པ་དང 	།_ 	འབྲེལ་པ་དང 	།_ 	དགོས་པ 	bstod tshogs ka_.txt	བཅད་པ་གསུམ་གྱིས  བརྗོད་པ  -ར  བྱ་བ་དང  །_  དག ོས་པ་དང  །_  འབྲེལ་པ་དང  །_  དགོས་པ 
-འི་ཡང  དག ོས་པ 					-འི་ཡང 	དག	ོས་པ 	བརྗོད་པ 	-ར 	བྱ་སྟེ 	།_ 	bstod tshogs ka_.txt	    -འི་ཡང  དག ོས་པ  བརྗོད་པ  -ར  བྱ་སྟེ  །_ 
 དག ོས་པ་དང 	གང་གི 	ཕྱིར 	བརྗོད་པ་དང 	།_ 		དག	ོས་པ་དང 	།_ 	འབྲེལ་པ 	མེད་པ 	དག་ལ་ནི་སོ 	bstod tshogs ka_.txt	གང་གི  ཕྱིར  བརྗོད་པ་དང  །_   དག ོས་པ་དང  །_  འབྲེལ་པ  མེད་པ  དག་ལ་ནི་སོ 
 དག  ལེན་པ 	སོར་རྟོག་པ་སྔོན་དུ 	གཏོང་བ 				དག 	ལེན་པ 	-ར 	མི 	འགྱུར་རོ 	།_། 	bstod tshogs ka_.txt	སོར་རྟོག་པ་སྔོན་དུ  གཏོང་བ     དག  ལེན་པ  -ར  མི  འགྱུར་རོ  །_། 
རྨོངས་པ  དག  དྲན་པ 	འགྱུར་ཞེས 	འདི་ལ 	ཡང་དག 	པར 	རྨོངས་པ 	དག 	དྲན་པ 	འཇུག་པ 	-ར 	བྱ་བ 	-འི 	bstod tshogs ka_.txt	འགྱུར་ཞེས  འདི་ལ  ཡང་དག  པར  རྨོངས་པ  དག  དྲན་པ  འཇུག་པ  -ར  བྱ་བ  -འི 
རྟོག་པ  དག  ངེས་པ 	།_། 	བཤད་པ 	དོན་མེད 	པར 	རྟོག་པ 	དག 	ངེས་པ 	-ར 	འཇུག་པ 	-ར 	བྱ་བ 	bstod tshogs ka_.txt	།_།  བཤད་པ  དོན་མེད  པར  རྟོག་པ  དག  ངེས་པ  -ར  འཇུག་པ  -ར  བྱ་བ 
 དག ོས་པ 	-འི 	ཕྱིར 				དག	ོས་པ 	བསྟན་ཏོ 	།_། 	ཐབས 	མེད་པ 	bstod tshogs ka_.txt	-འི  ཕྱིར     དག ོས་པ  བསྟན་ཏོ  །_།  ཐབས  མེད་པ 
ཐབས་མེད་པ  དག ་ལ 	འབྲེལ་པ 	བཤད་དེ 	།_ 	གཞན་དུ་ན 	ཐབས་མེད་པ 	དག	་ལ 	ཇི་ལྟར 	འཇུག་པ 	-ར་འགྱུར 	།_། 	bstod tshogs ka_.txt	འབྲེལ་པ  བཤད་དེ  །_  གཞན་དུ་ན  ཐབས་མེད་པ  དག ་ལ  ཇི་ལྟར  འཇུག་པ  -ར་འགྱུར  །_། 
བཤད་པ་ནི  དག ོས་པ་སྟེ 	དེའི 	རང་གི 	ངོ་བོ 	ཉིད 	བཤད་པ་ནི 	དག	ོས་པ་སྟེ 	།_ 	དེའི 	རང་གི 	ངོ་བོ 	bstod tshogs ka_.txt	དེའི  རང་གི  ངོ་བོ  ཉིད  བཤད་པ་ནི  དག ོས་པ་སྟེ  །_  དེའི  རང་གི  ངོ་བོ 
བས་ན  དག ོས་པ་དང 	འདི 	བྱས་སོ 	།_། 	དེ 	བས་ན 	དག	ོས་པ་དང 	ཚིགས་སུ 	བཅད་པ 	དག 	རྗོད་པ་དང 	bstod tshogs ka_.txt	འདི  བྱས་སོ  །_།  དེ  བས་ན  དག ོས་པ་དང  ཚིགས་སུ  བཅད་པ  དག  རྗོད་པ་དང 
ཕྱིན་པ་ནི  དག ོས་པ 	དོན་དང 	བྱ་བ 	མཐའ 	-ར 	ཕྱིན་པ་ནི 	དག	ོས་པ 	-འི་ཡང 	དགོས་པ 	ཡིན་པ 	-ར 	bstod tshogs ka_.txt	དོན་དང  བྱ་བ  མཐའ  -ར  ཕྱིན་པ་ནི  དག ོས་པ  -འི་ཡང  དགོས་པ  ཡིན་པ  -ར 
 དག  ཕྱག 						དག 	ཕྱག 	འཚལ་ལོ་ཞེས 	བྱ་བ 	-འི 	ཐ་ཚིག་གོ 	bstod tshogs ka_.txt	     དག  ཕྱག  འཚལ་ལོ་ཞེས  བྱ་བ  -འི  ཐ་ཚིག་གོ 
 དག ་དང 						དག	་དང 	གཞན་ལ 	ཕན་པ 	ཕུན 	སུམ 	bstod tshogs ka_.txt	     དག ་དང  གཞན་ལ  ཕན་པ  ཕུན  སུམ 
 དག ་དང 						དག	་དང 	གཞན་ནི 	བདག་དང 	གཞན་ཏེ 	།_ 	bstod tshogs ka_.txt	     དག ་དང  གཞན་ནི  བདག་དང  གཞན་ཏེ  །_ 
དེ  དག ་ལ 					དེ 	དག	་ལ 	ཕན་པ 	ཕུན 	སུམ 	ཚོགས་པ 	bstod tshogs ka_.txt	    དེ  དག ་ལ  ཕན་པ  ཕུན  སུམ  ཚོགས་པ 
 དག ་དང 						དག	་དང 	གཞན་ལ 	ཕན་པ 	ཕུན 	སུམ 	bstod tshogs ka_.txt	     དག ་དང  གཞན་ལ  ཕན་པ  ཕུན  སུམ 
 དག ་དང 						དག	་དང 	གཞན་ལ 	ཕན་པ 	ཕུན 	སུམ 	bstod tshogs ka_.txt	     དག ་དང  གཞན་ལ  ཕན་པ  ཕུན  སུམ 
 དག ་དང 						དག	་དང 	གཞན་ལ 	ཕན་པ 	ཕུན 	སུམ 	bstod tshogs ka_.txt	     དག ་དང  གཞན་ལ  ཕན་པ  ཕུན  སུམ 
གཞན་ཡང  དག ེ་བ 	གཞི 	-ར 	གྱུར་པ་ཡིན་ནོ 	།_། 	གཞན་ཡང 	དག	ེ་བ 	-འི 	བཤེས་གཉེན་དང 	ཕྲད་ཅིང 	ལམ་བཟང་པོ 	bstod tshogs ka_.txt	གཞི  -ར  གྱུར་པ་ཡིན་ནོ  །_།  གཞན་ཡང  དག ེ་བ  -འི  བཤེས་གཉེན་དང  ཕྲད་ཅིང  ལམ་བཟང་པོ 
ཡོངས་སུ  དག ་པ 	བག་ཆགས 	གློ་བུར་བ 	རིང་དུ 	བྱས་ཤིང 	ཡོངས་སུ 	དག	་པ 	-ར 	གྱུར་པ་ནི 	གསེར་དང 	ཟངས་ཀྱི 	bstod tshogs ka_.txt	བག་ཆགས  གློ་བུར་བ  རིང་དུ  བྱས་ཤིང  ཡོངས་སུ  དག ་པ  -ར  གྱུར་པ་ནི  གསེར་དང  ཟངས་ཀྱི 
ཡང  དག ་པ 	-འི 	ཕྱིར 	ཞེ་ན 	།_། 	ཡང 	དག	་པ 	-འི 	དོན 	རྟོགས་པ 	ཁོ་ན 	bstod tshogs ka_.txt	-འི  ཕྱིར  ཞེ་ན  །_།  ཡང  དག ་པ  -འི  དོན  རྟོགས་པ  ཁོ་ན 
ཡང  དག  ཉིད་ལ 	བར 	བྱ་བ 	གང་ཡང་མེད 	།_། 	ཡང 	དག 	ཉིད་ལ 	ཡང་དག་ལྟ 	།_། 	ཡང 	དག 	bstod tshogs ka_.txt	བར  བྱ་བ  གང་ཡང་མེད  །_།  ཡང  དག  ཉིད་ལ  ཡང་དག་ལྟ  །_།  ཡང  དག 
འགག་པ  དག ་ལས་ཀྱང 	མ 	མཐོང་ངོ 	།_། 	སྐྱེས་པ 	འགག་པ 	དག	་ལས་ཀྱང 	ཅུང་ཟད 	སྐྱེ་བ 	མེད་དེ 	།_ 	bstod tshogs ka_.txt	མ  མཐོང་ངོ  །_།  སྐྱེས་པ  འགག་པ  དག ་ལས་ཀྱང  ཅུང་ཟད  སྐྱེ་བ  མེད་དེ  །_ 
 དག  ཕྱག 						དག 	ཕྱག 	འཚལ་ལོ 	།_། 	ཇི 	ལྟ་བུ་སུ་ལ 	bstod tshogs ka_.txt	     དག  ཕྱག  འཚལ་ལོ  །_།  ཇི  ལྟ་བུ་སུ་ལ 
།_  དག འ་བ 	།_། 	ཅིའི 	ཕྱིར 	ཞེ་ན 	།_ 	དག	འ་བ 	བསྐྱེད་པ 	-འི 	ཕྱིར་ཏེ 	རབ་ཏུ 	bstod tshogs ka_.txt	།_།  ཅིའི  ཕྱིར  ཞེ་ན  །_  དག འ་བ  བསྐྱེད་པ  -འི  ཕྱིར་ཏེ  རབ་ཏུ 
སྣ་ཚོགས་པ  དག ་གི 	།_། 	སེམས 	ཅན 	མོས་པ 	སྣ་ཚོགས་པ 	དག	་གི 	བསམ་པ 	-འི 	ཁྱད་པར་གྱི 	དབང་དུ 	bstod tshogs ka_.txt	།_།  སེམས  ཅན  མོས་པ  སྣ་ཚོགས་པ  དག ་གི  བསམ་པ  -འི  ཁྱད་པར་གྱི  དབང་དུ 
 དག ་པོའོ 						དག	་པོའོ 	།_། 	དེ་ལ 	གནས་པ 	-འི 	bstod tshogs ka_.txt	     དག ་པོའོ  །_།  དེ་ལ  གནས་པ  -འི 
ལ་ལ  དག ་ཏུ 	སྨིན་པ 	-ར 	མཛད 	ཕྱིར 	ལ་ལ 	དག	་ཏུ 	མེ 	འབར 	བཞིན་དུ་གང 	སྣང་ཞིང 	bstod tshogs ka_.txt	སྨིན་པ  -ར  མཛད  ཕྱིར  ལ་ལ  དག ་ཏུ  མེ  འབར  བཞིན་དུ་གང  སྣང་ཞིང 
ལ་ལ  དག ་ཏུ 	དོན་དུའོ 	།_། 	གང་གིས 	དུས 	ལ་ལ 	དག	་ཏུ 	མེ་དང 	འདྲ་ཞིང 	བྱིན་ཟ 	བཞིན་དུ 	bstod tshogs ka_.txt	དོན་དུའོ  །_།  གང་གིས  དུས  ལ་ལ  དག ་ཏུ  མེ་དང  འདྲ་ཞིང  བྱིན་ཟ  བཞིན་དུ 
རི  དག ས་ཀྱི 	ཆོས་ཀྱི 	འཁོར་ལོ་ནི་བཱ་རཱ་ཎ་སཱིར 	དྲང་སྲོང 	སྨྲ་བ 	རི 	དག	ས་ཀྱི 	ནགས་སུའོ 	།_། 	རབ་ཏུ 	ཞི་བ 	bstod tshogs ka_.txt	ཆོས་ཀྱི  འཁོར་ལོ་ནི་བཱ་རཱ་ཎ་སཱིར  དྲང་སྲོང  སྨྲ་བ  རི  དག ས་ཀྱི  ནགས་སུའོ  །_།  རབ་ཏུ  ཞི་བ 
 དག ་ཉིད་དུ 						དག	་ཉིད་དུ 	སྟོན་པའོ 	།_། 	བྱེ 	བྲག་ཇི 	bstod tshogs ka_.txt	     དག ་ཉིད་དུ  སྟོན་པའོ  །_།  བྱེ  བྲག་ཇི 
 དག ་ཉིད་ཀྱིས 						དག	་ཉིད་ཀྱིས 	བསོད་ནམས་དང 	ཡེ་ཤེས་ཀྱི 	ཚོགས 	ཡོངས་སུ 	bstod tshogs ka_.txt	     དག ་ཉིད་ཀྱིས  བསོད་ནམས་དང  ཡེ་ཤེས་ཀྱི  ཚོགས  ཡོངས་སུ 
 དག འ 						དག	འ 	ལྡན་གྱི 	གཞལ་ཡས་ཁང་ན 	བཞུགས་པ 	བྱང་ཆུབ 	bstod tshogs ka_.txt	     དག འ  ལྡན་གྱི  གཞལ་ཡས་ཁང་ན  བཞུགས་པ  བྱང་ཆུབ 
།_  དག འ་བ་དང 	བྱམས་པ་དང 	།_ 	སྙིང 	རྗེ་དང 	།_ 	དག	འ་བ་དང 	།_ 	བཏང 	སྙོམས་དང 	།_ 	bstod tshogs ka_.txt	བྱམས་པ་དང  །_  སྙིང  རྗེ་དང  །_  དག འ་བ་དང  །_  བཏང  སྙོམས་དང  །_ 
 དག  པར 						དག 	པར 	སངས་རྒྱས་སོ 	།_། 	དེ་ནས 	སྤྲུལ་པ 	bstod tshogs ka_.txt	     དག  པར  སངས་རྒྱས་སོ  །_།  དེ་ནས  སྤྲུལ་པ 
སླར་ཡང  དག འ་ལྡན་གྱི 	སྤྲུལ་པ 	-ར 	མཛད་ནས 	།_ 	སླར་ཡང 	དག	འ་ལྡན་གྱི 	གནས་མཆོག་ཏུ 	བཞུགས་པ 	-འི 	དམ་པ 	bstod tshogs ka_.txt	སྤྲུལ་པ  -ར  མཛད་ནས  །_  སླར་ཡང  དག འ་ལྡན་གྱི  གནས་མཆོག་ཏུ  བཞུགས་པ  -འི  དམ་པ 
 དག  ལུས་དང 						དག 	ལུས་དང 	ངག་དང་ཡིད་ཀྱིས 	ཕྱག 	འཚལ་ལོ་ཞེས 	བྱ་བ 	bstod tshogs ka_.txt	     དག  ལུས་དང  ངག་དང་ཡིད་ཀྱིས  ཕྱག  འཚལ་ལོ་ཞེས  བྱ་བ 
ཉམས  དག འ་བར 	།_ 	འོག 	མིན 	གནས་ནི 	ཉམས 	དག	འ་བར 	།_། 	གཙང 	མ 	-འི 	bstod tshogs ka_.txt	།_  འོག  མིན  གནས་ནི  ཉམས  དག འ་བར  །_།  གཙང  མ  -འི 
ཡང  དག  སངས་རྒྱས 	གནས་ཀྱི 	སྟེང 	བཞུགས་ཏེ 	།_། 	ཡང 	དག 	སངས་རྒྱས 	དེ 	-ར 	སངས་རྒྱས 	།_། 	bstod tshogs ka_.txt	གནས་ཀྱི  སྟེང  བཞུགས་ཏེ  །_།  ཡང  དག  སངས་རྒྱས  དེ  -ར  སངས་རྒྱས  །_། 
སྤྲུལ་པ  དག ་ནི 					སྤྲུལ་པ 	དག	་ནི 	འདི 	-ར 	སངས་རྒྱས 	།_། 	bstod tshogs ka_.txt	    སྤྲུལ་པ  དག ་ནི  འདི  -ར  སངས་རྒྱས  །_། 
བདག་གིས  དག ེ་བ 	འདུད་ཅིང 	ཕྱག 	བྱས་པ་ལས་སོ 	།_། 	བདག་གིས 	དག	ེ་བ 	བྱང་ཆུབ 	ས་བོན་ཞེས 	བྱ་བ་ནི 	བྱང་ཆུབ་པ 	bstod tshogs ka_.txt	འདུད་ཅིང  ཕྱག  བྱས་པ་ལས་སོ  །_།  བདག་གིས  དག ེ་བ  བྱང་ཆུབ  ས་བོན་ཞེས  བྱ་བ་ནི  བྱང་ཆུབ་པ 
མེད་པ  དག  བྱང་ཆུབ་ཀྱི་ལམ་ལ 	འགྲོ་བ 	མ 	ལུས་ཤིང 	ལྷག་མ 	མེད་པ 	དག 	བྱང་ཆུབ་ཀྱི་ལམ་ལ 	འཛུད་པ་སྟེ 	།_ 	བྱང 	ཆུབ་པ 	bstod tshogs ka_.txt	འགྲོ་བ  མ  ལུས་ཤིང  ལྷག་མ  མེད་པ  དག  བྱང་ཆུབ་ཀྱི་ལམ་ལ  འཛུད་པ་སྟེ  །_  བྱང  ཆུབ་པ 
 དག ་གིས 						དག	་གིས 	འདི 	-ར་ནི 	ལོ་འདབ 	རྩེ 	bstod tshogs ka_.txt	     དག ་གིས  འདི  -ར་ནི  ལོ་འདབ  རྩེ 
 དག ་མིན 						དག	་མིན 	།_། 	གང་གིས 	སྙིང་རྗེ 	མ 	bstod tshogs ka_.txt	     དག ་མིན  །_།  གང་གིས  སྙིང་རྗེ  མ 
སྙིང་རྗེ  དག ་དང 	།_། 	ཚུལ 	ཁྲིམས 	ཐོས་པ 	སྙིང་རྗེ 	དག	་དང 	བློ་དང 	གསལ་བ་དག 	_། 	གང་ལ 	bstod tshogs ka_.txt	།_།  ཚུལ  ཁྲིམས  ཐོས་པ  སྙིང་རྗེ  དག ་དང  བློ་དང  གསལ་བ་དག  _།  གང་ལ 
 དག ་བཟུང 						དག	་བཟུང 	།_། 	སེམས 	ཅན 	རྣམས་ལ་ཡིད་ཀྱིས 	bstod tshogs ka_.txt	     དག ་བཟུང  །_།  སེམས  ཅན  རྣམས་ལ་ཡིད་ཀྱིས 
 དག ་ཉིད 						དག	་ཉིད 	ཅན་ནམ 	གཞན་ལ 	རྣམ་པ 	-ར 	bstod tshogs ka_.txt	     དག ་ཉིད  ཅན་ནམ  གཞན་ལ  རྣམ་པ  -ར 
 དག ་དང 						དག	་དང 	བུ་དང 	འབྱོར་དང 	རྒྱལ་སྲིད 	ཆེན་པོ་དང 	bstod tshogs ka_.txt	     དག ་དང  བུ་དང  འབྱོར་དང  རྒྱལ་སྲིད  ཆེན་པོ་དང 
མཉེས་དང  དག ེ་བ་བྱས 	ཅན 	རྣམས་ལ 	བརྟེན་ནས 	སངས་རྒྱས 	མཉེས་དང 	དག	ེ་བ་བྱས 	།_། 	སེམས 	ཅན 	མང་པོ 	bstod tshogs ka_.txt	ཅན  རྣམས་ལ  བརྟེན་ནས  སངས་རྒྱས  མཉེས་དང  དག ེ་བ་བྱས  །_།  སེམས  ཅན  མང་པོ 
སྙོམས  དག འ་བ་ལ 	ངེས་པ 	-ར་འགྲུབ 	།_། 	བཏང 	སྙོམས 	དག	འ་བ་ལ 	སོགས 	དངོས་པོ 	-འི 	ཡུལ་དང 	bstod tshogs ka_.txt	ངེས་པ  -ར་འགྲུབ  །_།  བཏང  སྙོམས  དག འ་བ་ལ  སོགས  དངོས་པོ  -འི  ཡུལ་དང 
 དག ་ཉིད 						དག	་ཉིད 	ཆེན་པོ 	ངོ་མཚར 	ཆེ་བ 	འཁོར་བ 	bstod tshogs ka_.txt	     དག ་ཉིད  ཆེན་པོ  ངོ་མཚར  ཆེ་བ  འཁོར་བ 
སྙིང་པོ  དག ་ནི 	མེད་པ 	-ར 	ལུས 	འདི་ལས་ནི 	སྙིང་པོ 	དག	་ནི 	བླང་བ 	-ར་གྱིས 	།_། 	བྱང 	bstod tshogs ka_.txt	མེད་པ  -ར  ལུས  འདི་ལས་ནི  སྙིང་པོ  དག ་ནི  བླང་བ  -ར་གྱིས  །_།  བྱང 
ལོ་ཙཱ་བ  དག ེ་སློང 	མཁན་པོ 	ཆེན་པོ་དཱི་པཾ 	ཀ་ར་ཤྲཱི་ཛྙཱ་ན་དང 	།_ 	ལོ་ཙཱ་བ 	དག	ེ་སློང 	ཚུལ་ཁྲིམས 	རྒྱལ་བ 	-ས 	བསྒྱུར་ཅིང 	bstod tshogs ka_.txt	མཁན་པོ  ཆེན་པོ་དཱི་པཾ  ཀ་ར་ཤྲཱི་ཛྙཱ་ན་དང  །_  ལོ་ཙཱ་བ  དག ེ་སློང  ཚུལ་ཁྲིམས  རྒྱལ་བ  -ས  བསྒྱུར་ཅིང 
 དག ་ཉིད 						དག	་ཉིད 	མཉམ་མེད་པའི 	།_། 	བདག 	ཉིད 	bstod tshogs ka_.txt	     དག ་ཉིད  མཉམ་མེད་པའི  །_།  བདག  ཉིད 
བསམ  དག ་པས 	བདེ་བླག་འགྲོ 	།_། 	ལན་ཅིག 	ཙམ་ཡང 	བསམ 	དག	་པས 	།_། 	ཁྱོད་ལ 	ཚུལ་བཞིན 	བལྟ་བ་དང 	bstod tshogs ka_.txt	བདེ་བླག་འགྲོ  །_།  ལན་ཅིག  ཙམ་ཡང  བསམ  དག ་པས  །_།  ཁྱོད་ལ  ཚུལ་བཞིན  བལྟ་བ་དང 
དཔའ་བོ  དག ་ནི 	མངོན་དགའ 	-འི 	བདག་ཉིད་ཅན 	།_། 	དཔའ་བོ 	དག	་ནི 	ཐམས་ཅད་ཀྱི 	།_། 	གསོ 	མཛད 	bstod tshogs ka_.txt	མངོན་དགའ  -འི  བདག་ཉིད་ཅན  །_།  དཔའ་བོ  དག ་ནི  ཐམས་ཅད་ཀྱི  །_།  གསོ  མཛད 
སླད་དུ  དག ེ་མ་ཁྱོད 	རྣམས 	ཁྱོད་ཀྱི་སྲས 	།_། 	དེ་ཡི 	སླད་དུ 	དག	ེ་མ་ཁྱོད 	།_། 	སེམས 	ཅན 	ཀུན་གྱི 	bstod tshogs ka_.txt	རྣམས  ཁྱོད་ཀྱི་སྲས  །_།  དེ་ཡི  སླད་དུ  དག ེ་མ་ཁྱོད  །_།  སེམས  ཅན  ཀུན་གྱི 
ཐམས་ཅད  དག ་ཏུ་ཡང 	མི 	གཤེགས་པས 	།_། 	གནས་ནི 	ཐམས་ཅད 	དག	་ཏུ་ཡང 	།_། 	མཁས་པ 	རྣམས་ཀྱིས 	དམིགས 	bstod tshogs ka_.txt	མི  གཤེགས་པས  །_།  གནས་ནི  ཐམས་ཅད  དག ་ཏུ་ཡང  །_།  མཁས་པ  རྣམས་ཀྱིས  དམིགས 
 དག  མེད་པ 						དག 	མེད་པ 	-ར་ངེས 	།_། 	ལུས 	ཅན 	bstod tshogs ka_.txt	     དག  མེད་པ  -ར་ངེས  །_།  ལུས  ཅན 
 དག  ཅག 						དག 	ཅག 	ངག་ལམ 	འདི 	འདྲ་བས 	།_། 	bstod tshogs ka_.txt	     དག  ཅག  ངག་ལམ  འདི  འདྲ་བས  །_། 
བདག་གིས  དག ེ་བ་གང 	ཕ་རོལ 	ཕྱིན 	བསྟོད་ལས 	།_། 	བདག་གིས 	དག	ེ་བ་གང 	བསགས་པ 	།_། 	དེ་ཡིས 	འཇིག་རྟེན 	bstod tshogs ka_.txt	ཕ་རོལ  ཕྱིན  བསྟོད་ལས  །_།  བདག་གིས  དག ེ་བ་གང  བསགས་པ  །_།  དེ་ཡིས  འཇིག་རྟེན 
 དག ་མེད་རྟོགས 						དག	་མེད་རྟོགས 	།_། 	དེ 	བཞིན 	བློ་དང 	bstod tshogs ka_.txt	     དག ་མེད་རྟོགས  །_།  དེ  བཞིན  བློ་དང 
དེ  དག  བྱས་པ 	ལྟར 	རྒྱུ་རྐྱེན་ལས 	བྱུང་བ 	།_། 	དེ 	དག 	བྱས་པ 	ཅན་དུ་བཞེད 	།_། 	དེ 	བཞིན 	bstod tshogs ka_.txt	ལྟར  རྒྱུ་རྐྱེན་ལས  བྱུང་བ  །_།  དེ  དག  བྱས་པ  ཅན་དུ་བཞེད  །_།  དེ  བཞིན 
 དག ་ཅི 						དག	་ཅི 	བརྗོད་པ 	།_། 	བགྱིས་པ་ཞེས 	བགྱིད་དེ 	bstod tshogs ka_.txt	     དག ་ཅི  བརྗོད་པ  །_།  བགྱིས་པ་ཞེས  བགྱིད་དེ 
དེ  དག  ལྟོས་པ 	ཉིད 	ཡོད་ན 	རང་ཉིད་ཡོད 	།_། 	དེ 	དག 	ལྟོས་པ 	ཅན་དུ་གྲུབ 	།_། 	ཕ 	རོལ 	bstod tshogs ka_.txt	ཉིད  ཡོད་ན  རང་ཉིད་ཡོད  །_།  དེ  དག  ལྟོས་པ  ཅན་དུ་གྲུབ  །_།  ཕ  རོལ 
ཡང  དག  ལོག་པ 	ཉོན་མོངས 	རྣམས་ཀྱང 	དེ་བཞིན་ཏེ 	།_། 	ཡང 	དག 	ལོག་པ 	-འང 	རང་ལས་ཅི 	།_། 	དངོས་གང 	bstod tshogs ka_.txt	ཉོན་མོངས  རྣམས་ཀྱང  དེ་བཞིན་ཏེ  །_།  ཡང  དག  ལོག་པ  -འང  རང་ལས་ཅི  །_།  དངོས་གང 
ཡང  དག ་པ 	རང 	བཞིན་གྱིས་ཀྱང 	མྱ་ངན་འདས 	།_། 	ཡང 	དག	་པ 	-ར་ནི 	མ 	སྐྱེས་ལགས 	།_། 	bstod tshogs ka_.txt	རང  བཞིན་གྱིས་ཀྱང  མྱ་ངན་འདས  །_།  ཡང  དག ་པ  -ར་ནི  མ  སྐྱེས་ལགས  །_། 
 དག  མཆིས 						དག 	མཆིས 	གྱུར་ན 	།_། 	བྱིས་པ 	-ས 	bstod tshogs ka_.txt	     དག  མཆིས  གྱུར་ན  །_།  བྱིས་པ  -ས 
 དག  རིག་པ 						དག 	རིག་པ 	-ར་འགྱུར 	།_། 	གང 	ཚེ 	bstod tshogs ka_.txt	     དག  རིག་པ  -ར་འགྱུར  །_།  གང  ཚེ 
 དག  ཤེས་པ 						དག 	ཤེས་པ 	-ས་ཅི 	།_། 	དབང་པོ 	རྣམས་ནི་བེམས་པོ་དང 	bstod tshogs ka_.txt	     དག  ཤེས་པ  -ས་ཅི  །_།  དབང་པོ  རྣམས་ནི་བེམས་པོ་དང 
ཡང  དག  ཇི་བཞིན 	གང་གིས་ཅི་ཞིག 	མ 	རྟོགས་པ 	།_། 	ཡང 	དག 	ཇི་བཞིན 	ཐུགས་ཆུད་ནས 	།_། 	དེས་ན 	འཇིག་རྟེན 	bstod tshogs ka_.txt	གང་གིས་ཅི་ཞིག  མ  རྟོགས་པ  །_།  ཡང  དག  ཇི་བཞིན  ཐུགས་ཆུད་ནས  །_།  དེས་ན  འཇིག་རྟེན 
 དག  རིག་མ་ལགས 						དག 	རིག་མ་ལགས 	།_། 	གང་ལས 	སྐྱེས་པ 	ཡོད 	bstod tshogs ka_.txt	     དག  རིག་མ་ལགས  །_།  གང་ལས  སྐྱེས་པ  ཡོད 
ཡང  དག ་པ 	བཞིན 	ཐམས་ཅད 	སྐྱེས་པའམ 	།_། 	ཡང 	དག	་པ 	-ར་ནི 	མ 	སྐྱེས་ལགས 	།_། 	bstod tshogs ka_.txt	བཞིན  ཐམས་ཅད  སྐྱེས་པའམ  །_།  ཡང  དག ་པ  -ར་ནི  མ  སྐྱེས་ལགས  །_། 
 དག ་གིས་ཀྱང་གང 						དག	་གིས་ཀྱང་གང 	མ་བཀྲོལ 	།_། 	ཐུབ་ཆེན་གང 	ཕྱིར 	bstod tshogs ka_.txt	     དག ་གིས་ཀྱང་གང  མ་བཀྲོལ  །_།  ཐུབ་ཆེན་གང  ཕྱིར 
འདི  དག  ཐམས་ཅད 	-ར་ནི 	ཐལ་བ 	-ར་འགྱུར 	།_། 	འདི 	དག 	ཐམས་ཅད 	མིང་ཙམ་ཞེས 	།_། 	ཁྱོད་ཀྱིས 	གསང་ནི 	bstod tshogs ka_.txt	-ར་ནི  ཐལ་བ  -ར་འགྱུར  །_།  འདི  དག  ཐམས་ཅད  མིང་ཙམ་ཞེས  །_།  ཁྱོད་ཀྱིས  གསང་ནི 
 དག  མི 						དག 	མི 	སླུ་བ 	།_། 	དེ 	རྫོགས་པ 	bstod tshogs ka_.txt	     དག  མི  སླུ་བ  །_།  དེ  རྫོགས་པ 
 དག  ཉིད་དང་ནི 						དག 	ཉིད་དང་ནི 	གཞན 	རྣམས་དང 	_།_། 	དེས་ན 	bstod tshogs ka_.txt	     དག  ཉིད་དང་ནི  གཞན  རྣམས་དང  _།_།  དེས་ན 
 དག  རྫས 						དག 	རྫས 	དངོས་ཡོད་པ 	-འང་ལགས 	།_། 	བརྟགས་པ 	bstod tshogs ka_.txt	     དག  རྫས  དངོས་ཡོད་པ  -འང་ལགས  །_།  བརྟགས་པ 
ཡང  དག  ཤེས་པ 	ལགས 	པར 	ཁྱོད་ཀྱིས་གསུངས 	།_། 	ཡང 	དག 	ཤེས་པ 	-ས 	ཆད་པ་མེད 	།_། 	རྟག་པ 	bstod tshogs ka_.txt	ལགས  པར  ཁྱོད་ཀྱིས་གསུངས  །_།  ཡང  དག  ཤེས་པ  -ས  ཆད་པ་མེད  །_།  རྟག་པ 
རི  དག ས 	-ར་བཞེད 	།_། 	ཇི 	ལྟར 	རི 	དག	ས 	སྐོམ 	ཆུ་ནི 	།_། 	ཆད 	bstod tshogs ka_.txt	-ར་བཞེད  །_།  ཇི  ལྟར  རི  དག ས  སྐོམ  ཆུ་ནི  །_།  ཆད 
 དག  དམ་པ་ལགས 						དག 	དམ་པ་ལགས 	།_། 	དངོས་པོ 	-འི 	གདོན་གྱིས 	bstod tshogs ka_.txt	     དག  དམ་པ་ལགས  །_།  དངོས་པོ  -འི  གདོན་གྱིས 
རི  དག ས 	གཅོད 	བགྱིད་ཅིང 	_།_། 	མུ་སྟེགས 	རི 	དག	ས 	འཇིགས 	བགྱིད་པ 	།_། 	བདག 	bstod tshogs ka_.txt	གཅོད  བགྱིད་ཅིང  _།_།  མུ་སྟེགས  རི  དག ས  འཇིགས  བགྱིད་པ  །_།  བདག 
 དག ་གིས 						དག	་གིས 	བསོད་ནམས་གང 	ཐོབ་དེས 	།_། 	འགྲོ་བ 	bstod tshogs ka_.txt	     དག ་གིས  བསོད་ནམས་གང  ཐོབ་དེས  །_།  འགྲོ་བ 
 དག ་གིས 						དག	་གིས 	བསྟོད 	འདས 	བསྟོད་པ 	-ར་བགྱི 	bstod tshogs ka_.txt	     དག ་གིས  བསྟོད  འདས  བསྟོད་པ  -ར་བགྱི 
 དག ་དང 						དག	་དང 	གཞན་དང་གཉིས 	ཀ་ལས 	།_། 	རྣམ 	bstod tshogs ka_.txt	     དག ་དང  གཞན་དང་གཉིས  ཀ་ལས  །_།  རྣམ 
དེ  དག  ཡོངས་སུ 	-ར 	མཛད 	ལགས་ཀྱང 	།_། 	དེ 	དག 	ཡོངས་སུ 	འཛིན་པ་ནི 	།_། 	སླད་ཀྱིས་ཀྱང་ནི 	བཟློག 	bstod tshogs ka_.txt	-ར  མཛད  ལགས་ཀྱང  །_།  དེ  དག  ཡོངས་སུ  འཛིན་པ་ནི  །_།  སླད་ཀྱིས་ཀྱང་ནི  བཟློག 
གང  དག  ཚོགས་ལས 	སྤྲོས་པ 	རྣམས་ནི 	བཅད་པ་ལགས 	།_། 	གང 	དག 	ཚོགས་ལས 	རབ 	གྲུབ་ན 	།_། 	ཚོགས་པ 	bstod tshogs ka_.txt	སྤྲོས་པ  རྣམས་ནི  བཅད་པ་ལགས  །_།  གང  དག  ཚོགས་ལས  རབ  གྲུབ་ན  །_།  ཚོགས་པ 
དེ  དག  མཐའ་གཉིས 	-ས 	འབྱུང 	མཐོང་བ 	།_། 	དེ 	དག 	མཐའ་གཉིས 	བརྟེན་པ 	-ར་ནི 	།_། 	ཁྱོད་ཀྱིས 	bstod tshogs ka_.txt	-ས  འབྱུང  མཐོང་བ  །_།  དེ  དག  མཐའ་གཉིས  བརྟེན་པ  -ར་ནི  །_།  ཁྱོད་ཀྱིས 
ཁྱོད  དག ྱེས 	མ་ལགས 	།_། 	གཉིས 	ཀར 	ཁྱོད 	དག	ྱེས 	མ 	ལགས་ཏེ 	།_། 	དེ་ལ 	bstod tshogs ka_.txt	མ་ལགས  །_།  གཉིས  ཀར  ཁྱོད  དག ྱེས  མ  ལགས་ཏེ  །_།  དེ་ལ 
དེ  དག ་གི་ཡང 	མཚན་ཉིད 	མཆིས་པ 	-ར་འགྱུར 	།_། 	དེ 	དག	་གི་ཡང 	སྐྱེ་ལ་སོགས 	།_། 	གསུམ་པ 	ཐ 	bstod tshogs ka_.txt	མཚན་ཉིད  མཆིས་པ  -ར་འགྱུར  །_།  དེ  དག ་གི་ཡང  སྐྱེ་ལ་སོགས  །_།  གསུམ་པ  ཐ 
ཁྱོད་ཀྱིས  དག ོངས་ནས 	-འང 	རྟེན 	མ་ལགས 	།_། 	ཁྱོད་ཀྱིས 	དག	ོངས་ནས 	གསུངས་པ་དང 	།_། 	གང 	དག་གིས་ནི 	bstod tshogs ka_.txt	-འང  རྟེན  མ་ལགས  །_།  ཁྱོད་ཀྱིས  དག ོངས་ནས  གསུངས་པ་དང  །_།  གང  དག་གིས་ནི 
ཁྱོད་ཀྱིས  དག ོངས 	དེ་ལྟར་རྟོགས 	།_། 	དེ 	དག 	ཁྱོད་ཀྱིས 	དག	ོངས 	གསུངས་པ 	།_། 	ཕྱིར་ཞིང 	རྟོགས་པ 	bstod tshogs ka_.txt	དེ་ལྟར་རྟོགས  །_།  དེ  དག  ཁྱོད་ཀྱིས  དག ོངས  གསུངས་པ  །_།  ཕྱིར་ཞིང  རྟོགས་པ 
 དག  རིག་པ 						དག 	རིག་པ 	-འི་མཆོག 	_། 	དེ 	ཉིད 	bstod tshogs ka_.txt	     དག  རིག་པ  -འི་མཆོག  _།  དེ  ཉིད 
 དག ་གིས 						དག	་གིས 	བསོད་ནམས 	གང་ཡིན་དེས 	།_། 	འཇིག 	bstod tshogs ka_.txt	     དག ་གིས  བསོད་ནམས  གང་ཡིན་དེས  །_།  འཇིག 
 དག  རིག 						དག 	རིག 	མཆོག་ཤོག 	_། 	བསྟོད་པ་ལས 	འདས་པ 	bstod tshogs ka_.txt	     དག  རིག  མཆོག་ཤོག  _།  བསྟོད་པ་ལས  འདས་པ 
 དག ་ཉིད་ལས 						དག	་ཉིད་ལས 	རིང་བ 	།_། 	དངོས་དང 	དངོས་པོ 	bstod tshogs ka_.txt	     དག ་ཉིད་ལས  རིང་བ  །_།  དངོས་དང  དངོས་པོ 
 དག ་གིས 						དག	་གིས 	གུས་པ 	-ས 	བླ་མ་བསྟོད 	།_། 	bstod tshogs ka_.txt	     དག ་གིས  གུས་པ  -ས  བླ་མ་བསྟོད  །_། 
 དག  མཚན 						དག 	མཚན 	བརྗོད་པའི 	།_། 	བསོད 	ནམ 	bstod tshogs ka_.txt	     དག  མཚན  བརྗོད་པའི  །_།  བསོད  ནམ 
 དག  ཀུན་ལས 						དག 	ཀུན་ལས 	ཁྱེད 	སྐྱོབ་མཛད 	།_། 	བདག་ནི 	bstod tshogs ka_.txt	     དག  ཀུན་ལས  ཁྱེད  སྐྱོབ་མཛད  །_།  བདག་ནི 
 དག ་ལ 						དག	་ལ 	མཐོང་བ 	ཙམ་ཡང 	མ 	སྩལ་བས 	bstod tshogs ka_.txt	     དག ་ལ  མཐོང་བ  ཙམ་ཡང  མ  སྩལ་བས 
 དག ་ནི 						དག	་ནི 	ཤིན་ཏུ་སྐལ 	དམན་ལགས 	།_། 	ཡོན་ཏན 	bstod tshogs ka_.txt	     དག ་ནི  ཤིན་ཏུ་སྐལ  དམན་ལགས  །_།  ཡོན་ཏན 
 དག  བློ 						དག 	བློ 	ཁྱེད་ལ 	མངོན་དུ 	ཞེན་ན་ཡང 	།_། 	bstod tshogs ka_.txt	     དག  བློ  ཁྱེད་ལ  མངོན་དུ  ཞེན་ན་ཡང  །_། 
 དག ་ཉིད 						དག	་ཉིད 	ལྡན་པ 	ཁྱེད་ཀྱི་ནི 	།_། 	པདྨ 	bstod tshogs ka_.txt	     དག ་ཉིད  ལྡན་པ  ཁྱེད་ཀྱི་ནི  །_།  པདྨ 
ལྟ་བུ  དག ་པ 					ལྟ་བུ 	དག	་པ 	-འི 	སྤྱན་གཉིས་ཀྱིས 	།_། 	འགྲོ་བ 	bstod tshogs ka_.txt	    ལྟ་བུ  དག ་པ  -འི  སྤྱན་གཉིས་ཀྱིས  །_།  འགྲོ་བ 
 དག  སྡུག་པར 						དག 	སྡུག་པར 	།_། 	མ 	གཟིགས་པ་ནི་ཀྱཻ 	མ 	bstod tshogs ka_.txt	     དག  སྡུག་པར  །_།  མ  གཟིགས་པ་ནི་ཀྱཻ  མ 
 དག  _། 						དག 	_། 	གཉིས་ཀྱིས་ཀྱང་ནི 	ལུས་ལ 	སྡུག་བསྔལ་གྱིས 	།_། 	bstod tshogs ka_.txt	     དག  _།  གཉིས་ཀྱིས་ཀྱང་ནི  ལུས་ལ  སྡུག་བསྔལ་གྱིས  །_། 
 དག ་གི 						དག	་གི 	དམན་པ 	ཅི་ཕྱིར 	གསན 	མ་གྱུར 	bstod tshogs ka_.txt	     དག ་གི  དམན་པ  ཅི་ཕྱིར  གསན  མ་གྱུར 
 དག ་ལ 						དག	་ལ 	བཅོམ་ལྡན 	འདས་ཀྱིས་ནི 	།_། 	ཐུགས 	bstod tshogs ka_.txt	     དག ་ལ  བཅོམ་ལྡན  འདས་ཀྱིས་ནི  །_།  ཐུགས 
 དག ་ནི 						དག	་ནི 	སྡུག་བསྔལ་གྱིས 	གཟིར་ཀྱང 	།_། 	བསྐྱབ 	bstod tshogs ka_.txt	     དག ་ནི  སྡུག་བསྔལ་གྱིས  གཟིར་ཀྱང  །_།  བསྐྱབ 
 དག  ཕོངས 						དག 	ཕོངས 	མ 	གཟིགས 	ཀྱེ་མ 	ངོ་མཚར་ཆེ 	bstod tshogs ka_.txt	     དག  ཕོངས  མ  གཟིགས  ཀྱེ་མ  ངོ་མཚར་ཆེ 
 དག ་ལ 						དག	་ལ 	སྐྱོབ 	མི་མཛད 	།_། 	ཁྱེད་ལ 	bstod tshogs ka_.txt	     དག ་ལ  སྐྱོབ  མི་མཛད  །_།  ཁྱེད་ལ 
 དག ་ནི 						དག	་ནི 	ཁྱེད་ལ 	དད་ཀྱང 	སྡུག་བསྔལ་བར 	།_། 	bstod tshogs ka_.txt	     དག ་ནི  ཁྱེད་ལ  དད་ཀྱང  སྡུག་བསྔལ་བར  །_། 
 དག ་ལ 						དག	་ལ 	སྤོང 	མཛད་ན 	།_། 	བསོད 	bstod tshogs ka_.txt	     དག ་ལ  སྤོང  མཛད་ན  །_།  བསོད 
 དག ་གིས 						དག	་གིས 	གཞན་སུ་ལ 	།_། 	སྐྱབས་སུ 	མཆི་བ 	bstod tshogs ka_.txt	     དག ་གིས  གཞན་སུ་ལ  །_།  སྐྱབས་སུ  མཆི་བ 
 དག  གནོད 						དག 	གནོད 	མི 	སེལ་ན 	།_། 	དེ 	bstod tshogs ka_.txt	     དག  གནོད  མི  སེལ་ན  །_།  དེ 
 དག ་ནི 						དག	་ནི 	མགོན་མེད 	བཅོམ་པ་ལགས 	།_། 	བཅོམ 	bstod tshogs ka_.txt	     དག ་ནི  མགོན་མེད  བཅོམ་པ་ལགས  །_།  བཅོམ 
 དག ་ནི 						དག	་ནི 	བསྙེན་བཀུར 	བགྱིད་ཀྱང 	བདག་གི་ཕྱོགས 	།_། 	bstod tshogs ka_.txt	     དག ་ནི  བསྙེན་བཀུར  བགྱིད་ཀྱང  བདག་གི་ཕྱོགས  །_། 
 དག ་གིས་དགེ 						དག	་གིས་དགེ 	བསགས་པ 	།_། 	གང་ཡིན 	དེ 	bstod tshogs ka_.txt	     དག ་གིས་དགེ  བསགས་པ  །_།  གང་ཡིན  དེ 
 དག  _། 						དག 	_། 	རྒྱ་ཆེར 	རང་བཞིན 	གྲུབ་པ 	-འི 	bstod tshogs ka_.txt	     དག  _།  རྒྱ་ཆེར  རང་བཞིན  གྲུབ་པ  -འི 
 དག  གྱུར་ཅིང 						དག 	གྱུར་ཅིང 	།_། 	སྐྱེ་བ 	ཀུན་དུ 	བདག་པོ 	bstod tshogs ka_.txt	     དག  གྱུར་ཅིང  །_།  སྐྱེ་བ  ཀུན་དུ  བདག་པོ 
-ས་གསུམ  དག ོངས་པ 	ཆོ་འཕྲུལ 	ཆེན་པོ 	བསྟན 	།_།_ 	-ས་གསུམ 	དག	ོངས་པ 	མཆོག་ཏུ 	བསྒྲུབ 	མཛད་པ 	།_། 	bstod tshogs ka_.txt	ཆོ་འཕྲུལ  ཆེན་པོ  བསྟན  །_།_  -ས་གསུམ  དག ོངས་པ  མཆོག་ཏུ  བསྒྲུབ  མཛད་པ  །_། 
།_།  དག ེ 	མཆོད 	མཆོད་རྟེན 	ཕྱག 	འཚལ་ལོ 	།_། 	དག	ེ 	འདུན 	དབྱེན་དུ 	སྔར 	གྱུར་ལས 	bstod tshogs ka_.txt	མཆོད  མཆོད་རྟེན  ཕྱག  འཚལ་ལོ  །_།  དག ེ  འདུན  དབྱེན་དུ  སྔར  གྱུར་ལས 
།_།  དག ེ་བ་ལ་ནི 	ཤ 	-འི 	གྲོང 	དུ་འགྲོ་བ་རྣམས 	།_། 	དག	ེ་བ་ལ་ནི 	སྦྱོར 	མཛད་ཅིང 	།_། 	འགྲན 	bstod tshogs ka_.txt	ཤ  -འི  གྲོང  དུ་འགྲོ་བ་རྣམས  །_།  དག ེ་བ་ལ་ནི  སྦྱོར  མཛད་ཅིང  །_།  འགྲན 
 དག  _། 						དག 	_། 	ཕྱོགས 	བཅུ 	གཞན་དང 	གཞན 	bstod tshogs ka_.txt	     དག  _།  ཕྱོགས  བཅུ  གཞན་དང  གཞན 
རྟག་ཅིང  དག ་པ 	སྤྲོས་པ 	ཀུན 	བྲལ 	དཔེ་མེད 	རྟག་ཅིང 	དག	་པ 	-འི 	ངོ་བོ་ཉིད 	།_། 	སངས 	bstod tshogs ka_.txt	སྤྲོས་པ  ཀུན  བྲལ  དཔེ་མེད  རྟག་ཅིང  དག ་པ  -འི  ངོ་བོ་ཉིད  །_།  སངས 
 དག  ཕྱག 						དག 	ཕྱག 	འཚལ་བས 	།_། 	བསོད 	ནམ 	bstod tshogs ka_.txt	     དག  ཕྱག  འཚལ་བས  །_།  བསོད  ནམ 
 དག ་གི 						དག	་གི 	རྒྱུད་ལ་གང 	བསགས་པ 	།_། 	དེས་ནི 	bstod tshogs ka_.txt	     དག ་གི  རྒྱུད་ལ་གང  བསགས་པ  །_།  དེས་ནི 
ནེ་གསིང  དག ་ཏུ 	མཆོད་རྟེན 	ཕྱག 	འཚལ་ལོ 	།_། 	ནེ་གསིང 	དག	་ཏུ 	བསྙེལ་སོ 	མཛད་པ 	-འི་ཚེ 	།_། 	bstod tshogs ka_.txt	མཆོད་རྟེན  ཕྱག  འཚལ་ལོ  །_།  ནེ་གསིང  དག ་ཏུ  བསྙེལ་སོ  མཛད་པ  -འི་ཚེ  །_། 
།_།  དག འ་བོ་ལ 	-འི 	མཆོད་རྟེན 	ཕྱག 	འཚལ་ལོ 	།_། 	དག	འ་བོ་ལ 	སོགས 	ཀླུ་ཡི 	ཚོགས 	རྣམས་ཀྱིས 	bstod tshogs ka_.txt	-འི  མཆོད་རྟེན  ཕྱག  འཚལ་ལོ  །_།  དག འ་བོ་ལ  སོགས  ཀླུ་ཡི  ཚོགས  རྣམས་ཀྱིས 
 དག ྲ 						དག	ྲ 	བཅོམ 	ཚོགས་ཀྱིས 	ཡོངས 	བསྐོར་ཏེ 	bstod tshogs ka_.txt	     དག ྲ  བཅོམ  ཚོགས་ཀྱིས  ཡོངས  བསྐོར་ཏེ 
པར  དག ་པ 	རབ 	བཀོད་པའི 	།_། 	རྣམ 	པར 	དག	་པ 	-འི 	མཆོད་རྟེན 	ཕྱག 	འཚལ་ལོ 	bstod tshogs ka_.txt	རབ  བཀོད་པའི  །_།  རྣམ  པར  དག ་པ  -འི  མཆོད་རྟེན  ཕྱག  འཚལ་ལོ 
-འི  དག ོངས་པ་དང 	སེམས 	ཅན 	མི་རྟག 	འདུལ་བ 	-འི 	དག	ོངས་པ་དང 	_།_། 	ལྷ་ལས 	བབས་ནས 	མཛད་པ 	bstod tshogs ka_.txt	སེམས  ཅན  མི་རྟག  འདུལ་བ  -འི  དག ོངས་པ་དང  _།_།  ལྷ་ལས  བབས་ནས  མཛད་པ 
 དག ་གིས 						དག	་གིས 	བསྟོད་པ 	-ར་བགྱི 	།_། 	ལྷ 	bstod tshogs ka_.txt	     དག ་གིས  བསྟོད་པ  -ར་བགྱི  །_།  ལྷ 
 དག  དྲུང་དུ 						དག 	དྲུང་དུ 	ཉིད་ལ་ཉིད 	།_། 	རབ་ཏུ 	བྱུང་བ 	bstod tshogs ka_.txt	     དག  དྲུང་དུ  ཉིད་ལ་ཉིད  །_།  རབ་ཏུ  བྱུང་བ 
-ར  དག ོངས་ནས་ནི 	བརྩོན་པ 	-ས 	བྱང་ཆུབ 	འགྲུབ་པ 	-ར 	དག	ོངས་ནས་ནི 	།_། 	ནཻ་རཉྫ 	ན 	-འི 	bstod tshogs ka_.txt	བརྩོན་པ  -ས  བྱང་ཆུབ  འགྲུབ་པ  -ར  དག ོངས་ནས་ནི  །_།  ནཻ་རཉྫ  ན  -འི 
ཡང  དག  ཉིད་དུ 	མཛད་ལ 	ཕྱག 	འཚལ་ལོ 	།_། 	ཡང 	དག 	ཉིད་དུ 	འཇིག་པ 	མེད 	ཕྱིར་དང 	།_། 	bstod tshogs ka_.txt	མཛད་ལ  ཕྱག  འཚལ་ལོ  །_།  ཡང  དག  ཉིད་དུ  འཇིག་པ  མེད  ཕྱིར་དང  །_། 
 དག ་པོ 						དག	་པོ 	བཅོམ་ལྡན་གྱི 	།_། 	མཛད་པ 	-འི 	bstod tshogs ka_.txt	     དག ་པོ  བཅོམ་ལྡན་གྱི  །_།  མཛད་པ  -འི 
།_།  དག ེ 	ཚུལ་ལ 	མདོ 	ཙམ 	བསྟོད་པ་ཡིས 	།_། 	དག	ེ 	བས 	འགྲོ་བ 	ཀུན་གྱི 	སྤྱོད་པ་ཡང 	bstod tshogs ka_.txt	ཚུལ་ལ  མདོ  ཙམ  བསྟོད་པ་ཡིས  །_།  དག ེ  བས  འགྲོ་བ  ཀུན་གྱི  སྤྱོད་པ་ཡང 
ཡང  དག  ཐུགས་ཆུད 	སངས་རྒྱས 	བདག 	ཕྱག་འཚལ 	།_། 	ཡང 	དག 	ཐུགས་ཆུད 	རྫོགས 	སངས་རྒྱས 	།_། 	ལྷ་དང 	bstod tshogs ka_.txt	སངས་རྒྱས  བདག  ཕྱག་འཚལ  །_།  ཡང  དག  ཐུགས་ཆུད  རྫོགས  སངས་རྒྱས  །_།  ལྷ་དང 
 དག  ཕྱག་འཚལ 						དག 	ཕྱག་འཚལ 	།_། 	ཤཱཀྱའི 	རྒྱལ་པོ 	-འི 	bstod tshogs ka_.txt	     དག  ཕྱག་འཚལ  །_།  ཤཱཀྱའི  རྒྱལ་པོ  -འི 
 དག ་ལྡན 						དག	་ལྡན 	།_། 	ཐུབ་པ 	-འི 	དབང་པོ 	bstod tshogs ka_.txt	     དག ་ལྡན  །_།  ཐུབ་པ  -འི  དབང་པོ 
 དག  བྱང་ཆུབ 	མཆོག་གྱུར་པ 	།_། 	ཡང 			དག 	བྱང་ཆུབ 	བརྙེས་པ་ལ 	།_། 	ཆེས 	དྲེགས 	bstod tshogs ka_.txt	མཆོག་གྱུར་པ  །_།  ཡང    དག  བྱང་ཆུབ  བརྙེས་པ་ལ  །_།  ཆེས  དྲེགས 
ཡང  དག  དོན་ལ 	ཕྱིར 	སྙིང་རྗེ 	-ས་འཇུག 	_། 	ཡང 	དག 	དོན་ལ 	ཞུགས 	གྱུར་པས 	།_། 	མྱ་ངན 	bstod tshogs ka_.txt	ཕྱིར  སྙིང་རྗེ  -ས་འཇུག  _།  ཡང  དག  དོན་ལ  ཞུགས  གྱུར་པས  །_།  མྱ་ངན 
 དག ་གིས 						དག	་གིས 	རྒྱལ་བ 	བསྟོད་པ་ལས 	།_། 	བསོད 	bstod tshogs ka_.txt	     དག ་གིས  རྒྱལ་བ  བསྟོད་པ་ལས  །_།  བསོད 
 དག ་གིས་གང 						དག	་གིས་གང 	བསགས་པ 	།_། 	དེས་ནི 	སེམས་ཅན 	bstod tshogs ka_.txt	     དག ་གིས་གང  བསགས་པ  །_།  དེས་ནི  སེམས་ཅན 
 དག ་ལ་སྐྱོབས 						དག	་ལ་སྐྱོབས 	།_། 	བདག་ནི 	རབ་རིབ 	ཁང་པ 	bstod tshogs ka_.txt	     དག ་ལ་སྐྱོབས  །_།  བདག་ནི  རབ་རིབ  ཁང་པ 
 དག ་ནི 						དག	་ནི 	གཉེན་གྱི 	ཚོགས་ཀྱིས་སྤངས 	།_། 	དེ 	bstod tshogs ka_.txt	     དག ་ནི  གཉེན་གྱི  ཚོགས་ཀྱིས་སྤངས  །_།  དེ 
 དག ་ལ་སྐྱོབས 						དག	་ལ་སྐྱོབས 	།_། 	ཕ་དང 	མ་དང 	སྲིང་མོ་དང 	bstod tshogs ka_.txt	     དག ་ལ་སྐྱོབས  །_།  ཕ་དང  མ་དང  སྲིང་མོ་དང 
 དག ་གིས་འཁུམས 						དག	་གིས་འཁུམས 	།_། 	དེ 	བཞིན 	གཤེགས 	bstod tshogs ka_.txt	     དག ་གིས་འཁུམས  །_།  དེ  བཞིན  གཤེགས 
 དག ་ལ་སྐྱོབས 						དག	་ལ་སྐྱོབས 	།_། 	བདག 	འདི 	-ར 	bstod tshogs ka_.txt	     དག ་ལ་སྐྱོབས  །_།  བདག  འདི  -ར 
 དག ་ནི 						དག	་ནི 	གཅིག་པུ 	-ར་གྱུར 	།_། 	དེ 	bstod tshogs ka_.txt	     དག ་ནི  གཅིག་པུ  -ར་གྱུར  །_།  དེ 
 དག ་ལ་སྐྱོབས 						དག	་ལ་སྐྱོབས 	།_། 	ཁྲོན 	རྙིང 	མི་བཟད 	bstod tshogs ka_.txt	     དག ་ལ་སྐྱོབས  །_།  ཁྲོན  རྙིང  མི་བཟད 
རྒྱ་མཚོ  དག  རྣམས་སུ 	ཆེན་པོ་དང 	།_། 	གཏིང 	མེད 	རྒྱ་མཚོ 	དག 	རྣམས་སུ 	།_། 	མགོན་པོ 	བདག 	ཅག 	bstod tshogs ka_.txt	ཆེན་པོ་དང  །_།  གཏིང  མེད  རྒྱ་མཚོ  དག  རྣམས་སུ  །_།  མགོན་པོ  བདག  ཅག 
 དག ་ལ་སྐྱོབས 						དག	་ལ་སྐྱོབས 	།_། 	རྒྱ 	མཚོ་ཆེན་པོ 	རྒལ་བ་ཡི 	bstod tshogs ka_.txt	     དག ་ལ་སྐྱོབས  །_།  རྒྱ  མཚོ་ཆེན་པོ  རྒལ་བ་ཡི 
 དག ་གིས་ཀྱང་ནི 						དག	་གིས་ཀྱང་ནི 	རྒལ 	དཀའ 	-ར་འཁུམས 	།_། 	bstod tshogs ka_.txt	     དག ་གིས་ཀྱང་ནི  རྒལ  དཀའ  -ར་འཁུམས  །_། 
 དག ་ལ་སྐྱོབས 						དག	་ལ་སྐྱོབས 	།_། 	ཆོས་དང 	ཆོས 	མིན 	bstod tshogs ka_.txt	     དག ་ལ་སྐྱོབས  །_།  ཆོས་དང  ཆོས  མིན 
 དག ་ལ་སྐྱོབས 						དག	་ལ་སྐྱོབས 	།_། 	ཕ 	བསད་པ་དང 	མ 	bstod tshogs ka_.txt	     དག ་ལ་སྐྱོབས  །_།  ཕ  བསད་པ་དང  མ 
 དག ་ལ་སྐྱོབས 						དག	་ལ་སྐྱོབས 	།_། 	བདག་གིས 	མཆོད་རྟེན 	འཇིག་པ 	bstod tshogs ka_.txt	     དག ་ལ་སྐྱོབས  །_།  བདག་གིས  མཆོད་རྟེན  འཇིག་པ 
 དག ེ 	-ར་བགྱིས 	།_། 				དག	ེ 	འདུན་དཀོར་ནི 	རྣམ་པ 	-ར་འཇོམས 	།_། 	bstod tshogs ka_.txt	-ར་བགྱིས  །_།     དག ེ  འདུན་དཀོར་ནི  རྣམ་པ  -ར་འཇོམས  །_། 
 དག ་གིས 						དག	་གིས 	སེམས་ཅན 	འཚེ་བ 	-ར་བགྱིས 	།_། 	bstod tshogs ka_.txt	     དག ་གིས  སེམས་ཅན  འཚེ་བ  -ར་བགྱིས  །_། 
 དག ་ལ་སྐྱོབས 						དག	་ལ་སྐྱོབས 	།_། 	འཇིག 	རྟེན 	འདི་ན་བདེ 	bstod tshogs ka_.txt	     དག ་ལ་སྐྱོབས  །_།  འཇིག  རྟེན  འདི་ན་བདེ 
 དག ་ལ་སྐྱོབས 						དག	་ལ་སྐྱོབས 	།_། 	དེ་ཡི 	གསོན་པ 	འདི 	bstod tshogs ka_.txt	     དག ་ལ་སྐྱོབས  །_།  དེ་ཡི  གསོན་པ  འདི 
 དག ་ལ་སྐྱོབས 						དག	་ལ་སྐྱོབས 	།_། 	འབྲོག་དགོན་དང་ནི 	ཚེར་མ་ཡི 	།_། 	bstod tshogs ka_.txt	     དག ་ལ་སྐྱོབས  །_།  འབྲོག་དགོན་དང་ནི  ཚེར་མ་ཡི  །_། 
 དག ་གིས་ལམ 						དག	་གིས་ལམ 	མ་མཐོང 	།_། 	དེ 	བཞིན 	bstod tshogs ka_.txt	     དག ་གིས་ལམ  མ་མཐོང  །_།  དེ  བཞིན 
 དག ་ལ་སྐྱོབས 						དག	་ལ་སྐྱོབས 	།_། 	ཉེས་པ 	མེད་པ 	-ར 	bstod tshogs ka_.txt	     དག ་ལ་སྐྱོབས  །_།  ཉེས་པ  མེད་པ  -ར 
 དག ས 	ཕྱུགས 	རྣམས་དང 	།_། 	རི 		དག	ས 	མང་པོ 	མདའ 	-ས 	བསད་པས 	bstod tshogs ka_.txt	ཕྱུགས  རྣམས་དང  །_།  རི   དག ས  མང་པོ  མདའ  -ས  བསད་པས 
 དག ་ནི 						དག	་ནི 	རྒྱལ་པོ 	-ར་རློམ 	།_། 	དེ 	bstod tshogs ka_.txt	     དག ་ནི  རྒྱལ་པོ  -ར་རློམ  །_།  དེ 
 དག ་ལ་སྐྱོབས 						དག	་ལ་སྐྱོབས 	།_། 	སེམས 	ཅན 	དམྱལ་བ 	bstod tshogs ka_.txt	     དག ་ལ་སྐྱོབས  །_།  སེམས  ཅན  དམྱལ་བ 
 དག ་ལ 						དག	་ལ 	སྐྱོབ་པ 	-ར 	སུ་ཞིག་འགྱུར 	།_། 	bstod tshogs ka_.txt	     དག ་ལ  སྐྱོབ་པ  -ར  སུ་ཞིག་འགྱུར  །_། 
རྣམ  དག  ཆོས་ཀྱི་དབྱིངས 	-ས 	ཕྱག 	འཚལ་ལོ 	།_། 	རྣམ 	དག 	ཆོས་ཀྱི་དབྱིངས 	།_། 	སྒྲུབ་པ 	-འི 	འཕགས་ལམ་བརྒྱད 	bstod tshogs ka_.txt	-ས  ཕྱག  འཚལ་ལོ  །_།  རྣམ  དག  ཆོས་ཀྱི་དབྱིངས  །_།  སྒྲུབ་པ  -འི  འཕགས་ལམ་བརྒྱད 
།_།  དག ྲ 	བྱང 	ཆུབ 	སེམས 	རྣམས་དང 	།_། 	དག	ྲ 	བཅོམ 	དག་ལ་སོགས 	།_། 	རང 	bstod tshogs ka_.txt	བྱང  ཆུབ  སེམས  རྣམས་དང  །_།  དག ྲ  བཅོམ  དག་ལ་སོགས  །_།  རང 
 དག ་ལ 						དག	་ལ 	སེམས 	ཡོད་ན 	།_། 	གང་གི 	bstod tshogs ka_.txt	     དག ་ལ  སེམས  ཡོད་ན  །_།  གང་གི 
 དག ་གི་མིན 						དག	་གི་མིན 	།_། 	གལ་ཏེ 	སེམས་ཤིག 	ཡོད་ན་ནི 	bstod tshogs ka_.txt	     དག ་གི་མིན  །_།  གལ་ཏེ  སེམས་ཤིག  ཡོད་ན་ནི 
 དག  བཅོམ་འགྱུར 						དག 	བཅོམ་འགྱུར 	།_། 	རྒྱ 	མཚོ 	-ར 	bstod tshogs ka_.txt	     དག  བཅོམ་འགྱུར  །_།  རྒྱ  མཚོ  -ར 
ཆོས  དག འ་སྟོན་ཆེར 	མགྲིན་པ 	ཆུད་པ་ལྟར 	།_། 	དམ 	ཆོས 	དག	འ་སྟོན་ཆེར 	བཅས་པའི 	།_། 	མི 	ཉིད 	bstod tshogs ka_.txt	མགྲིན་པ  ཆུད་པ་ལྟར  །_།  དམ  ཆོས  དག འ་སྟོན་ཆེར  བཅས་པའི  །_།  མི  ཉིད 
 དག ་གིས 						དག	་གིས 	ཐོབ་ནས་ནི 	།_། 	མང་དུ 	བཅད་པ 	bstod tshogs ka_.txt	     དག ་གིས  ཐོབ་ནས་ནི  །_།  མང་དུ  བཅད་པ 
 དག ་ནི 						དག	་ནི 	བསླུས་པ 	-ར་གྱུར 	།_། 	མི 	bstod tshogs ka_.txt	     དག ་ནི  བསླུས་པ  -ར་གྱུར  །_།  མི 
 དག ་གི 						དག	་གི 	ལྕེ 	འདི་ཉིད་ཀྱིས་གོ 	།_། 	སྙིང་པོ 	bstod tshogs ka_.txt	     དག ་གི  ལྕེ  འདི་ཉིད་ཀྱིས་གོ  །_།  སྙིང་པོ 
ཡོན་ཏན་གྲངས  དག ་དང 	ཁྱོད 	མི་སློབ 	།_། 	གང་གི 	ཡོན་ཏན་གྲངས 	དག	་དང 	།_། 	མཐུ་ལ 	ཐུག་པ 	མ 	bstod tshogs ka_.txt	ཁྱོད  མི་སློབ  །_།  གང་གི  ཡོན་ཏན་གྲངས  དག ་དང  །_།  མཐུ་ལ  ཐུག་པ  མ 
 དག  _། 						དག 	_། 	བསོད 	ནམ 	-ས 	སྙམ་ནས 	bstod tshogs ka_.txt	     དག  _།  བསོད  ནམ  -ས  སྙམ་ནས 
 དག ་ཉིད་ཀྱིས 						དག	་ཉིད་ཀྱིས 	ཞལ་གྱིས་བཞེས 	།_། 	སྙིང 	རྗེ 	bstod tshogs ka_.txt	     དག ་ཉིད་ཀྱིས  ཞལ་གྱིས་བཞེས  །_།  སྙིང  རྗེ 
 དག  ཕན་ལ 						དག 	ཕན་ལ 	བརྩོན་པས 	།_། 	རང་གི་བདེ 	ཕྱིར 	bstod tshogs ka_.txt	     དག  ཕན་ལ  བརྩོན་པས  །_།  རང་གི་བདེ  ཕྱིར 
སློང་ལ  དག ྱེས་པ 	ཐུགས 	རྗེས་འགྲོ་བ 	བླངས་ནས་ནི 	།_། 	སློང་ལ 	དག	ྱེས་པ 	འཕེལ 	འགྱུར 	བ 	།_། 	bstod tshogs ka_.txt	ཐུགས  རྗེས་འགྲོ་བ  བླངས་ནས་ནི  །_།  སློང་ལ  དག ྱེས་པ  འཕེལ  འགྱུར  བ  །_། 
 དག ་ལ 						དག	་ལ 	བདག་ཉིད 	སྤངས་ནས་ནི 	།_། 	གཞན་ལ 	bstod tshogs ka_.txt	     དག ་ལ  བདག་ཉིད  སྤངས་ནས་ནི  །_།  གཞན་ལ 
 དག ་ཉིད 						དག	་ཉིད 	བླངས་པ 	-ས་ན 	།_། 	རྩྭ་ཡིས 	bstod tshogs ka_.txt	     དག ་ཉིད  བླངས་པ  -ས་ན  །_།  རྩྭ་ཡིས 
 དག ྱེས་པ 	རིན་ཆེན 	རིགས་ཆེན་ལྟར 	།_། 			དག	ྱེས་པ 	མི 	ཉམས་ལྡན་པ་ཡིས 	།_། 	ཉིད་ཀྱི 	bstod tshogs ka_.txt	རིན་ཆེན  རིགས་ཆེན་ལྟར  །_།    དག ྱེས་པ  མི  ཉམས་ལྡན་པ་ཡིས  །_།  ཉིད་ཀྱི 
 དག ་གིས 	སྐུ་དང 	སྲོག 				དག	་གིས 	།_། 	ལུས 	ཅན 	གཤེད་མ 	bstod tshogs ka_.txt	སྐུ་དང  སྲོག     དག ་གིས  །_།  ལུས  ཅན  གཤེད་མ 
 དག  ལྟ 						དག 	ལྟ 	-འི 	བསམ་པ་ཅན 	།_། 	སྙིང 	bstod tshogs ka_.txt	     དག  ལྟ  -འི  བསམ་པ་ཅན  །_།  སྙིང 
།_།  དག ོངས་པ 	འགྲོ་བ 	-འང 	སྒྲུབ 	མ་ལགས 	།_། 	དག	ོངས་པ 	དག་པ 	འབའ་ཞིག་གིས 	།_། 	ཁྱོད་ཀྱིས 	bstod tshogs ka_.txt	འགྲོ་བ  -འང  སྒྲུབ  མ་ལགས  །_།  དག ོངས་པ  དག་པ  འབའ་ཞིག་གིས  །_།  ཁྱོད་ཀྱིས 
-ར  དག ་པ 	-འི་ཕྱིར 	།_། 	བསམ་པ 	རྣམ་པ 	-ར 	དག	་པ 	-ས་ཀྱང 	།_། 	ཚུལ 	ཁྲིམས 	bstod tshogs ka_.txt	-འི་ཕྱིར  །_།  བསམ་པ  རྣམ་པ  -ར  དག ་པ  -ས་ཀྱང  །_།  ཚུལ  ཁྲིམས 
ཕ་རོལ  དག  མི་འགྱུར 					ཕ་རོལ 	དག 	མི་འགྱུར 	།_། 	རྟག་ཏུ 	གྱ་གྱུ་རྣམ 	སྤངས་ཤིང 	bstod tshogs ka_.txt	    ཕ་རོལ  དག  མི་འགྱུར  །_།  རྟག་ཏུ  གྱ་གྱུ་རྣམ  སྤངས་ཤིང 
ཡོངས་སུ  དག ་པ 	རྣམས་ནི 	རྟག 	བསྟེན་པས 	།_། 	ཡོངས་སུ 	དག	་པ 	-འི་ལས 	རྣམས་ཀྱིས 	།_། 	ཁྱོད་ནི 	bstod tshogs ka_.txt	རྣམས་ནི  རྟག  བསྟེན་པས  །_།  ཡོངས་སུ  དག ་པ  -འི་ལས  རྣམས་ཀྱིས  །_།  ཁྱོད་ནི 
ཁྱོད་ཀྱིས  དག འ་བ 	མང་པོ 	-ས 	གཟིར་བ་ནི 	།_། 	ཁྱོད་ཀྱིས 	དག	འ་བ 	-འི 	ཐུགས་ཀྱི་ནི 	།_། 	ཉོན་མོངས 	bstod tshogs ka_.txt	མང་པོ  -ས  གཟིར་བ་ནི  །_།  ཁྱོད་ཀྱིས  དག འ་བ  -འི  ཐུགས་ཀྱི་ནི  །_།  ཉོན་མོངས 
བཏང་ནས  དག ྱེས 	སླད་དུ 	།_། 	སྐུ 	སྲོག 	བཏང་ནས 	དག	ྱེས 	གྱུར་གང 	།_། 	དེ 	འདྲ 	bstod tshogs ka_.txt	སླད་དུ  །_།  སྐུ  སྲོག  བཏང་ནས  དག ྱེས  གྱུར་གང  །_།  དེ  འདྲ 
-ས  དག འ 	།_། 	ཕན 	བྱེད 	མཆོད་པ 	-ས 	དག	འ 	གྱུར་པ 	།_། 	ངོ 	མཚར 	bstod tshogs ka_.txt	།_།  ཕན  བྱེད  མཆོད་པ  -ས  དག འ  གྱུར་པ  །_།  ངོ  མཚར 
ཁྱོད་ནི  དག ྱེས་པ་གང 	སེམས 	མི་རྩི 	།_། 	མགོན་པོ 	ཁྱོད་ནི 	དག	ྱེས་པ་གང 	།_། 	བདག་གི་དེ་ནི 	ངོ་མཚར་དགོངས 	།_། 	bstod tshogs ka_.txt	སེམས  མི་རྩི  །_།  མགོན་པོ  ཁྱོད་ནི  དག ྱེས་པ་གང  །_།  བདག་གི་དེ་ནི  ངོ་མཚར་དགོངས  །_། 
མི  དག ོངས་པར 	ལགས་པར 	།_། 	གཏུབས་ཀྱང 	སྡུག་བསྔལ 	མི 	དག	ོངས་པར 	།_། 	གཤེད 	མ 	བགྱིད་པ 	bstod tshogs ka_.txt	ལགས་པར  །_།  གཏུབས་ཀྱང  སྡུག་བསྔལ  མི  དག ོངས་པར  །_།  གཤེད  མ  བགྱིད་པ 
 དག ་ཉིད 						དག	་ཉིད 	གྱུར་པ་ཡང 	།_། 	སེམས 	ཅན 	bstod tshogs ka_.txt	     དག ་ཉིད  གྱུར་པ་ཡང  །_།  སེམས  ཅན 
།_།  དག ་པ 	བསམ 	གཏན 	ཕ་རོལ 	ཕྱིན་པ་ནི 	།_། 	དག	་པ 	-འི 	རྗེས་སུ 	ཅི 	-ས 	bstod tshogs ka_.txt	བསམ  གཏན  ཕ་རོལ  ཕྱིན་པ་ནི  །_།  དག ་པ  -འི  རྗེས་སུ  ཅི  -ས 
སྤྱོད  དག ག་པ 	གཅིག་ཏུ 	ཉིད་ཀྱིས་ནི 	།_། 	ལོངས 	སྤྱོད 	དག	ག་པ 	མ 	མཛད་དོ 	།_། 	གཞན་དང 	bstod tshogs ka_.txt	གཅིག་ཏུ  ཉིད་ཀྱིས་ནི  །_།  ལོངས  སྤྱོད  དག ག་པ  མ  མཛད་དོ  །_།  གཞན་དང 
 དག ་ཕྱིར 						དག	་ཕྱིར 	།_། 	ཇི 	ལྟར 	རྗེས་སུ 	bstod tshogs ka_.txt	     དག ་ཕྱིར  །_།  ཇི  ལྟར  རྗེས་སུ 
 དག ་ཏུ 						དག	་ཏུ 	།_། 	བྱང 	ཆུབ 	སླད་དུ 	bstod tshogs ka_.txt	     དག ་ཏུ  །_།  བྱང  ཆུབ  སླད་དུ 
མེད་གསུམ  དག ་ཏུ 	ནུས་སོ 	།_། 	དེ 	སླད་གྲངས 	མེད་གསུམ 	དག	་ཏུ 	།_། 	ཁྱོད་ནི 	དེ་ལྟར 	བརྩོན་པ་ན 	bstod tshogs ka_.txt	ནུས་སོ  །_།  དེ  སླད་གྲངས  མེད་གསུམ  དག ་ཏུ  །_།  ཁྱོད་ནི  དེ་ལྟར  བརྩོན་པ་ན 
མངོན  དག ྱེས 	ཡོན་ཏན 	རྒྱུ 	རྣམས་ལ 	།_། 	མངོན 	དག	ྱེས 	འབྲས་བུ 	རྣམས་ལ་མིན 	།_། 	ཡང 	bstod tshogs ka_.txt	ཡོན་ཏན  རྒྱུ  རྣམས་ལ  །_།  མངོན  དག ྱེས  འབྲས་བུ  རྣམས་ལ་མིན  །_།  ཡང 
 དག  སྒྲུབ་པ 						དག 	སྒྲུབ་པ 	དེ་ཉིད་ཀྱིས 	།_། 	ཁྱོད་ནི 	ཡོན་ཏན 	bstod tshogs ka_.txt	     དག  སྒྲུབ་པ  དེ་ཉིད་ཀྱིས  །_།  ཁྱོད་ནི  ཡོན་ཏན 
 དག  ཉིད 						དག 	ཉིད 	རབ་ཏུ 	བསྐྲུན་པ་མཛད 	།_། 	འཇིག 	bstod tshogs ka_.txt	     དག  ཉིད  རབ་ཏུ  བསྐྲུན་པ་མཛད  །_།  འཇིག 
 དག  བྱུང་བ་ཡིས 						དག 	བྱུང་བ་ཡིས 	།_། 	ཉེས་པ 	ཉམས 	སྨད 	bstod tshogs ka_.txt	     དག  བྱུང་བ་ཡིས  །_།  ཉེས་པ  ཉམས  སྨད 
 དག ་གི 						དག	་གི 	རྒྱུད་ལ་དེ 	།_། 	བག 	ཆགས 	bstod tshogs ka_.txt	     དག ་གི  རྒྱུད་ལ་དེ  །_།  བག  ཆགས 
 དག ་གི 						དག	་གི 	ཡོན་ཏན 	དམན་པ 	-འི་ཕྱིར 	།_། 	bstod tshogs ka_.txt	     དག ་གི  ཡོན་ཏན  དམན་པ  -འི་ཕྱིར  །_། 
 དག ་དང 						དག	་དང 	།_། 	འདྲ་བ 	ཙམ་ཡང 	མི 	bstod tshogs ka_.txt	     དག ་དང  །_།  འདྲ་བ  ཙམ་ཡང  མི 
 དག  ཉིད་ལ་ནི 						དག 	ཉིད་ལ་ནི 	ཡོན་ཏན་བསྒྲུབ 	།_། 	ཆུང་དང 	དམན་དང 	bstod tshogs ka_.txt	     དག  ཉིད་ལ་ནི  ཡོན་ཏན་བསྒྲུབ  །_།  ཆུང་དང  དམན་དང 
ཁྱོད་ཀྱི  དག ོངས 	མ་ཡིན་གྱིས 	གཏིང 	རྙེད་པའི 	།_། 	ཁྱོད་ཀྱི 	དག	ོངས 	འདྲ 	ག་ལ་མཆིས 	།_། 	གང 	bstod tshogs ka_.txt	མ་ཡིན་གྱིས  གཏིང  རྙེད་པའི  །_།  ཁྱོད་ཀྱི  དག ོངས  འདྲ  ག་ལ་མཆིས  །_།  གང 
 དག ོངས་པ 	ཚེ 	ཁྱོད་ཀྱིས 				དག	ོངས་པ 	-འི་དཀྱེལ 	།_། 	གཏིང་དང 	ཕ་རོལ 	bstod tshogs ka_.txt	ཚེ  ཁྱོད་ཀྱིས     དག ོངས་པ  -འི་དཀྱེལ  །_།  གཏིང་དང  ཕ་རོལ 
 དག  _། 						དག 	_། 	འཇོམས་པ 	-འི 	ཐད་ན 	ཉི་མ་ཡང 	bstod tshogs ka_.txt	     དག  _།  འཇོམས་པ  -འི  ཐད་ན  ཉི་མ་ཡང 
བསམ་པ  དག ་པ་ཡིས 	མི 	སྤྱོད་དོ 	།_། 	སྦྱོར་དང 	བསམ་པ 	དག	་པ་ཡིས 	།_། 	སྔོན་ཡང 	ཉེས་པ 	མི 	bstod tshogs ka_.txt	མི  སྤྱོད་དོ  །_།  སྦྱོར་དང  བསམ་པ  དག ་པ་ཡིས  །_།  སྔོན་ཡང  ཉེས་པ  མི 
།_།  དག ་པ 	ཁྱོད་ཀྱི 	གསུང 	ཐུགས 	མཛད་སྤྱོད་རྣམས 	།_། 	དག	་པ 	-འི 	གན་ན 	སྟོན་ཟླ་དང 	_།_། 	bstod tshogs ka_.txt	ཁྱོད་ཀྱི  གསུང  ཐུགས  མཛད་སྤྱོད་རྣམས  །_།  དག ་པ  -འི  གན་ན  སྟོན་ཟླ་དང  _།_། 
 དག ་པ་རྣམས 	ཆུ་དང 	ནམ་མཁའ 	-འི 			དག	་པ་རྣམས 	།_། 	དྲི 	མ 	ཅན 	bstod tshogs ka_.txt	ཆུ་དང  ནམ་མཁའ  -འི    དག ་པ་རྣམས  །_།  དྲི  མ  ཅན 
རང  དག འ་དང 	-ར 	བགྱིས་པ་དེ 	།_། 	སྨྲ་བ་པོ་ཡི 	རང 	དག	འ་དང 	།_། 	ཐབས་དང 	གཅམ་བུ 	ཙམ་དུ་བས 	bstod tshogs ka_.txt	-ར  བགྱིས་པ་དེ  །_།  སྨྲ་བ་པོ་ཡི  རང  དག འ་དང  །_།  ཐབས་དང  གཅམ་བུ  ཙམ་དུ་བས 
 དག ་གི 						དག	་གི 	ཆོས་ཉིད 	རྗེས 	བསམས་ནས 	།_། 	bstod tshogs ka_.txt	     དག ་གི  ཆོས་ཉིད  རྗེས  བསམས་ནས  །_། 
བདག་ཉིད་ཀྱིས  དག ྱེས་པ 	ཐོག་མ 	མེད་པ་ནི 	།_། 	ཁྱོད 	བདག་ཉིད་ཀྱིས 	དག	ྱེས་པ 	-ར་མཛད 	།_། 	གང 	ཚེ 	bstod tshogs ka_.txt	ཐོག་མ  མེད་པ་ནི  །_།  ཁྱོད  བདག་ཉིད་ཀྱིས  དག ྱེས་པ  -ར་མཛད  །_།  གང  ཚེ 
རྟག་ཏུ་གསུམ  དག ་བཏུལ 	རྨོངས་པ་སྟེ 	།_། 	གསུམ་པོ 	-ས 	རྟག་ཏུ་གསུམ 	དག	་བཏུལ 	།_། 	བཏང 	སྙོམས 	གནས་ལ 	bstod tshogs ka_.txt	རྨོངས་པ་སྟེ  །_།  གསུམ་པོ  -ས  རྟག་ཏུ་གསུམ  དག ་བཏུལ  །_།  བཏང  སྙོམས  གནས་ལ 
མིན་ཞིང  དག འ་བ་མིན 	གནས་པ་གང 	།_། 	ངོ 	མཚར 	མིན་ཞིང 	དག	འ་བ་མིན 	།_། 	འཇུག་པ་དང་ནི 	ལྡོག་པ 	-འི་ཕྱིར 	bstod tshogs ka_.txt	གནས་པ་གང  །_།  ངོ  མཚར  མིན་ཞིང  དག འ་བ་མིན  །_།  འཇུག་པ་དང་ནི  ལྡོག་པ  -འི་ཕྱིར 
དམ་པ  དག ་དང 	ལགས 	སྨོད 	མཛད་ཀྱང 	།_། 	དམ་པ 	དག	་དང 	ཐ་མ་ལ 	།_། 	ཁྱོད་ནི 	ཆགས་དང 	bstod tshogs ka_.txt	ལགས  སྨོད  མཛད་ཀྱང  །_།  དམ་པ  དག ་དང  ཐ་མ་ལ  །_།  ཁྱོད་ནི  ཆགས་དང 
།_།  དག ྲ 	།_། 	ཆོས 	ཉིད་ལ་ནི 	གེགས་བྱེད་ལ 	།_། 	དག	ྲ 	བཅོམ་པ་དང 	མུ་སྟེགས་ལ 	།_། 	རྗེས་སུ 	bstod tshogs ka_.txt	།_།  ཆོས  ཉིད་ལ་ནི  གེགས་བྱེད་ལ  །_།  དག ྲ  བཅོམ་པ་དང  མུ་སྟེགས་ལ  །_།  རྗེས་སུ 
མི  དག ོངས་ན 	རྒྱུ་མཚན་ཕྱིར 	།_། 	སྲོག་ཀྱང 	ཁྱོད་ཀྱིས 	མི 	དག	ོངས་ན 	།_། 	གཟིགས་པ་དང་ནི 	གསན་པ་དང 	།_། 	bstod tshogs ka_.txt	རྒྱུ་མཚན་ཕྱིར  །_།  སྲོག་ཀྱང  ཁྱོད་ཀྱིས  མི  དག ོངས་ན  །_།  གཟིགས་པ་དང་ནི  གསན་པ་དང  །_། 
ཡོངས་སུ  དག ་པ་ལགས 	ཐུགས 	སྟོབས་ནི 	།_། 	རབ་དང 	ཡོངས་སུ 	དག	་པ་ལགས 	།_། 	ཕན 	ཚུན 	རྗེས་སུ 	bstod tshogs ka_.txt	ཐུགས  སྟོབས་ནི  །_།  རབ་དང  ཡོངས་སུ  དག ་པ་ལགས  །_།  ཕན  ཚུན  རྗེས་སུ 
དང་སེམས  དག ་གི 	།_། 	ངེས 	པར 	ལུས 	དང་སེམས 	དག	་གི 	_། 	མྱ་ངན 	དགའ 	སོགས 	bstod tshogs ka_.txt	།_།  ངེས  པར  ལུས  དང་སེམས  དག ་གི  _།  མྱ་ངན  དགའ  སོགས 
 དག  _། 						དག 	_། 	མངོན 	སུམ 	གྱུར་པ 	བཞིན་དུ་གདའ 	bstod tshogs ka_.txt	     དག  _།  མངོན  སུམ  གྱུར་པ  བཞིན་དུ་གདའ 
བློ་གྲོས  དག ོངས་པ་དག 	བསྒྲགས་པ 	-ས་ན 	།_། 	ཁྱོད་ཀྱི 	བློ་གྲོས 	དག	ོངས་པ་དག 	_། 	རྣམ 	དག 	བྱིས་པ 	bstod tshogs ka_.txt	བསྒྲགས་པ  -ས་ན  །_།  ཁྱོད་ཀྱི  བློ་གྲོས  དག ོངས་པ་དག  _།  རྣམ  དག  བྱིས་པ 
གང་ཞིག་ཡི  དག ས 	ཁྱད 	པར་ལ 	མཁས་མ་ཡིན་ཡང 	།_། 	གང་ཞིག་ཡི 	དག	ས 	རྣམས་ཀྱིས་ནི 	།_། 	ཁྱོད་ཀྱི 	སྐུ་ནི 	bstod tshogs ka_.txt	ཁྱད  པར་ལ  མཁས་མ་ཡིན་ཡང  །_།  གང་ཞིག་ཡི  དག ས  རྣམས་ཀྱིས་ནི  །_།  ཁྱོད་ཀྱི  སྐུ་ནི 
།_།  དག འ་བ 	།_། 	མཐོང་ངོ 	ཅོག་ནི 	ཕྱི་ཕྱིར་ཞིང 	།_། 	དག	འ་བ 	སྐྱེད་པ 	-ར 	མཛད་པ་ལགས 	།_། 	bstod tshogs ka_.txt	།_།  མཐོང་ངོ  ཅོག་ནི  ཕྱི་ཕྱིར་ཞིང  །_།  དག འ་བ  སྐྱེད་པ  -ར  མཛད་པ་ལགས  །_། 
 དག ོངས 	དུབ 	པར་མ 				དག	ོངས 	ངོ་མཚར་ཏེ 	།_། 	རྗེས་སུ 	མཐུན་པ 	bstod tshogs ka_.txt	དུབ  པར་མ     དག ོངས  ངོ་མཚར་ཏེ  །_།  རྗེས་སུ  མཐུན་པ 
ཡོན་ཏན  དག ་དང་ནི 	མེད་པ 	-ར་འཕྲུལ 	།_། 	རྟེན་གྱི 	ཡོན་ཏན 	དག	་དང་ནི 	།_། 	བརྟེན་པ 	-འི 	ཡོན་ཏན 	bstod tshogs ka_.txt	མེད་པ  -ར་འཕྲུལ  །_།  རྟེན་གྱི  ཡོན་ཏན  དག ་དང་ནི  །_།  བརྟེན་པ  -འི  ཡོན་ཏན 
 དག  ཐམས་ཅད་ནི 						དག 	ཐམས་ཅད་ནི 	།_། 	ཁྱད 	མེད 	ཉོན་མོངས 	bstod tshogs ka_.txt	     དག  ཐམས་ཅད་ནི  །_།  ཁྱད  མེད  ཉོན་མོངས 
_།  དག ྲོལ 	ཁྱོད་ནི 	འགྲོ་བ 	-འི 	ཉོན་མོངས་དག 	_། 	དག	ྲོལ 	སླད 	ཡུན 	རིངས 	ཐུགས་རྗེ 	bstod tshogs ka_.txt	ཁྱོད་ནི  འགྲོ་བ  -འི  ཉོན་མོངས་དག  _།  དག ྲོལ  སླད  ཡུན  རིངས  ཐུགས་རྗེ 
།_།  དག ོན་པ 	ཀླུ 	བཞིན 	ཁྱོད་ཀྱི 	ཐུགས་རྗེ་ཡིས 	།_། 	དག	ོན་པ 	ཞི་གནས 	གྲོང་གི་མཐར 	།_། 	གདུལ 	bstod tshogs ka_.txt	ཀླུ  བཞིན  ཁྱོད་ཀྱི  ཐུགས་རྗེ་ཡིས  །_།  དག ོན་པ  ཞི་གནས  གྲོང་གི་མཐར  །_།  གདུལ 
ཆགས་ཤིང  དག ོངས་པ་ཡིས 	དོན་གྱི 	སླད་དུ་དྲངས 	།_། 	གཞན་ལ 	ཆགས་ཤིང 	དག	ོངས་པ་ཡིས 	།_། 	ཐུགས 	རྗེ་བཙུན 	མོས 	bstod tshogs ka_.txt	དོན་གྱི  སླད་དུ་དྲངས  །_།  གཞན་ལ  ཆགས་ཤིང  དག ོངས་པ་ཡིས  །_།  ཐུགས  རྗེ་བཙུན  མོས 
 དག  ཉིད 						དག 	ཉིད 	སྤངས་ནས་ཀྱང 	།_། 	རྫུ 	འཕྲུལ 	bstod tshogs ka_.txt	     དག  ཉིད  སྤངས་ནས་ཀྱང  །_།  རྫུ  འཕྲུལ 
ཕྱོགས  དག ་དུཏུ 	ཁྱོད་ནི 	ལན 	བརྒྱ 	-ར 	ཕྱོགས 	དག	་དུཏུ 	།_། 	གཏོར 	མ 	བཞིན་དུ 	bstod tshogs ka_.txt	ཁྱོད་ནི  ལན  བརྒྱ  -ར  ཕྱོགས  དག ་དུཏུ  །_།  གཏོར  མ  བཞིན་དུ 
ཁྱོད་ཀྱི  དག ྲ་བོ 	ཁྱོད་ཀྱི 	གསུང་ནི 	དེ་ལྟ་བུ 	།_། 	ཁྱོད་ཀྱི 	དག	ྲ་བོ 	-ས 	ཐོས་ན་ཡང 	།_། 	ཐམས་ཅད 	bstod tshogs ka_.txt	ཁྱོད་ཀྱི  གསུང་ནི  དེ་ལྟ་བུ  །_།  ཁྱོད་ཀྱི  དག ྲ་བོ  -ས  ཐོས་ན་ཡང  །_།  ཐམས་ཅད 
 དག  _། 						དག 	_། 	ཐམས་ཅད 	རོ་གཅིག 	ཉིད་དུ་འགྱུར 	།_། 	bstod tshogs ka_.txt	     དག  _།  ཐམས་ཅད  རོ་གཅིག  ཉིད་དུ་འགྱུར  །_། 
།_།  དག ོངས་པ 	ཐུགས 	རྗེ 	བརྩོན་འགྲུས 	ཕུན་ཚོགས་པས 	།_། 	དག	ོངས་པ 	ཡང་དག 	ཤེས་རབ་ཀྱང 	།_། 	ཐམས་ཅད་ལ་ནི 	bstod tshogs ka_.txt	ཐུགས  རྗེ  བརྩོན་འགྲུས  ཕུན་ཚོགས་པས  །_།  དག ོངས་པ  ཡང་དག  ཤེས་རབ་ཀྱང  །_།  ཐམས་ཅད་ལ་ནི 
 དག ་པའི 						དག	་པའི 	།_། 	ཕྲིན་ལས 	རྣམས་ཀྱང 	རབ་ཏུ་བཟོ 	bstod tshogs ka_.txt	     དག ་པའི  །_།  ཕྲིན་ལས  རྣམས་ཀྱང  རབ་ཏུ་བཟོ 
 དག ་ནི 						དག	་ནི 	ཟླ་བ་ལས 	།_། 	བདུད 	རྩི 	bstod tshogs ka_.txt	     དག ་ནི  ཟླ་བ་ལས  །_།  བདུད  རྩི 
 དག  གི 						དག 	གི 	-ར 	བྱ་བ 	།_། 	བདག 	bstod tshogs ka_.txt	     དག  གི  -ར  བྱ་བ  །_།  བདག 
 དག ྲ 						དག	ྲ 	བཅོམ 	སངས་རྒྱས་དང 	།_། 	དེ 	bstod tshogs ka_.txt	     དག ྲ  བཅོམ  སངས་རྒྱས་དང  །_།  དེ 
མུན་པ  དག ་ཀྱང་སེལ 	བསམས 	བགྱིས་ན 	།_། 	རྡུལ་དང 	མུན་པ 	དག	་ཀྱང་སེལ 	།_། 	ལོངས 	སྤྱོད 	ཉུང་ངུ 	bstod tshogs ka_.txt	བསམས  བགྱིས་ན  །_།  རྡུལ་དང  མུན་པ  དག ་ཀྱང་སེལ  །_།  ལོངས  སྤྱོད  ཉུང་ངུ 
ཅན  དག  སྐྱོ 	སྐྲག་པ 	-ར་མཛད 	།_། 	བདེ་བ 	ཅན 	དག 	སྐྱོ 	བགྱིད་ལས 	།_། 	ཁྱོད 	གསུང 	bstod tshogs ka_.txt	སྐྲག་པ  -ར་མཛད  །_།  བདེ་བ  ཅན  དག  སྐྱོ  བགྱིད་ལས  །_།  ཁྱོད  གསུང 
རྣམས་ནི  དག འ་བ་བསྐྱེད 	བསམ 	རང་བཞིན་གྱིས་ཀྱང་ནི 	།_། 	མཁས་པ 	རྣམས་ནི 	དག	འ་བ་བསྐྱེད 	།_། 	བར 	མ 	རྣམས་ཀྱི 	bstod tshogs ka_.txt	བསམ  རང་བཞིན་གྱིས་ཀྱང་ནི  །_།  མཁས་པ  རྣམས་ནི  དག འ་བ་བསྐྱེད  །_།  བར  མ  རྣམས་ཀྱི 
ལྟ་བ  དག ་ལ 	བསྒོམ་པ་དང་ནི 	མི 	སློབ་ལམ 	།_། 	ལྟ་བ 	དག	་ལ 	དགར 	མཛད་ཅིང 	།_། 	མྱ་ངན 	bstod tshogs ka_.txt	བསྒོམ་པ་དང་ནི  མི  སློབ་ལམ  །_།  ལྟ་བ  དག ་ལ  དགར  མཛད་ཅིང  །_།  མྱ་ངན 
།_།  དག ོངས་པ 	ལ་མ 	ཐོགས 	ཐུགས 	མངའ་ཞིང 	།_། 	དག	ོངས་པ 	-འང 	ཀུན་ཏུ 	ཉེར་གནས་པས 	།_། 	bstod tshogs ka_.txt	ལ་མ  ཐོགས  ཐུགས  མངའ་ཞིང  །_།  དག ོངས་པ  -འང  ཀུན་ཏུ  ཉེར་གནས་པས  །_། 
 དག ོངས 						དག	ོངས 	མ 	ཉམས་པས 	།_། 	གང 	bstod tshogs ka_.txt	     དག ོངས  མ  ཉམས་པས  །_།  གང 
 དག ་གིས 						དག	་གིས 	བསྟོད་པ 	-ར 	ནུས 	མ་ཡིན 	bstod tshogs ka_.txt	     དག ་གིས  བསྟོད་པ  -ར  ནུས  མ་ཡིན 
 དག ེ་བས 						དག	ེ་བས 	།_། 	ཁྱོད་ཀྱི 	བསྟན 	འདྲ 	bstod tshogs ka_.txt	     དག ེ་བས  །_།  ཁྱོད་ཀྱི  བསྟན  འདྲ 
 དག ྲ 						དག	ྲ 	མ་མཆིས 	།_། 	བྱང 	ཆུབ 	bstod tshogs ka_.txt	     དག ྲ  མ་མཆིས  །_།  བྱང  ཆུབ 
 དག ་པོ 						དག	་པོ 	-འི 	བཀའ་ལུང་གིས 	།_། 	དམྱལ་བ་ཡི་ཡང་ལས 	bstod tshogs ka_.txt	     དག ་པོ  -འི  བཀའ་ལུང་གིས  །_།  དམྱལ་བ་ཡི་ཡང་ལས 
 དག ་ཏུ 						དག	་ཏུ 	ལྟ་བ 	-ས 	འདུས་བྱས་ལ 	།_། 	bstod tshogs ka_.txt	     དག ་ཏུ  ལྟ་བ  -ས  འདུས་བྱས་ལ  །_། 
 དག ་གིས་ནི 						དག	་གིས་ནི 	འཚེ་བ 	-ར་འགྱུར 	།_། 	འཆི 	bstod tshogs ka_.txt	     དག ་གིས་ནི  འཚེ་བ  -ར་འགྱུར  །_།  འཆི 
ས་ཆེན  དག ་ལ 	བདག 	བསྟན་པ 	ཁམས་གསུམ་གྱི 	།_། 	ས་ཆེན 	དག	་ལ 	སྤྱོད 	བགྱིད་པ 	།_། 	མི 	bstod tshogs ka_.txt	བདག  བསྟན་པ  ཁམས་གསུམ་གྱི  །_།  ས་ཆེན  དག ་ལ  སྤྱོད  བགྱིད་པ  །_།  མི 
།_།  དག འ་ན 	བསྟན་པ 	-འི 	ལུགས 	འཚལ་བ 	།_། 	དག	འ་ན 	བསྐལ་པ 	-ར་ཡང 	གནས་ལ 	།_། 	bstod tshogs ka_.txt	བསྟན་པ  -འི  ལུགས  འཚལ་བ  །_།  དག འ་ན  བསྐལ་པ  -ར་ཡང  གནས་ལ  །_། 
དེར་ཡང  དག འ་མགུ 	བདུད་ཀྱིས 	མི 	རྫི་བ 	།_། 	དེར་ཡང 	དག	འ་མགུ 	-ར 	རབ་ཏུ་མཆི 	།_། 	ཐབས 	bstod tshogs ka_.txt	བདུད་ཀྱིས  མི  རྫི་བ  །_།  དེར་ཡང  དག འ་མགུ  -ར  རབ་ཏུ་མཆི  །_།  ཐབས 
-ས  དག འ 	།_། 	ཁྱོད 	གསུང 	ཐོས་པ 	-ས 	དག	འ 	འགྱུར་ཏེ 	།_། 	བསྟན་པ 	-ས 	bstod tshogs ka_.txt	།_།  ཁྱོད  གསུང  ཐོས་པ  -ས  དག འ  འགྱུར་ཏེ  །_།  བསྟན་པ  -ས 
སྐྱེ  དག ུ 	-འོ 	གནས་སྐབས 	ཐམས་ཅད་དུ 	།_། 	སྐྱེ 	དག	ུ 	རྣམས 	ལ་སྨན 	མཛད་པའི 	།_། 	bstod tshogs ka_.txt	-འོ  གནས་སྐབས  ཐམས་ཅད་དུ  །_།  སྐྱེ  དག ུ  རྣམས  ལ་སྨན  མཛད་པའི  །_། 
 དག ུ 						དག	ུ 	རྣམས་ཀྱང་དགའ 	།_། 	གཤེགས་པ་ན་ནི 	ཕན 	bstod tshogs ka_.txt	     དག ུ  རྣམས་ཀྱང་དགའ  །_།  གཤེགས་པ་ན་ནི  ཕན 
 དག  _། 						དག 	_། 	དེ 	བཞིན 	སྐྱབས་འགྲོ 	ལེན་པ་དང 	bstod tshogs ka_.txt	     དག  _།  དེ  བཞིན  སྐྱབས་འགྲོ  ལེན་པ་དང 
 དག  _། 						དག 	_། 	བསམ 	གཏན 	ཕུན 	སུམ 	bstod tshogs ka_.txt	     དག  _།  བསམ  གཏན  ཕུན  སུམ 
 དག  _། 						དག 	_། 	ཁྱོད་ནི 	ཆུ་བོ 	-ས 	བདས་པ 	bstod tshogs ka_.txt	     དག  _།  ཁྱོད་ནི  ཆུ་བོ  -ས  བདས་པ 
 དག ་ཉིད 						དག	་ཉིད 	སྐྱོབ་པ་སྟེ 	།_། 	སྲིད་པ 	-འི 	bstod tshogs ka_.txt	     དག ་ཉིད  སྐྱོབ་པ་སྟེ  །_།  སྲིད་པ  -འི 
ཁྲིམས  དག  ཕྱིར 	འདི 	འདྲ་ལགས 	།_། 	ཚུལ 	ཁྲིམས 	དག 	ཕྱིར 	སྣོད་ཀྱི་མཆོག 	_། 	ཞིང 	གཤིན 	bstod tshogs ka_.txt	འདི  འདྲ་ལགས  །_།  ཚུལ  ཁྲིམས  དག  ཕྱིར  སྣོད་ཀྱི་མཆོག  _།  ཞིང  གཤིན 
-ས  དག འ་བ 	།_། 	སྐུ 	གསུང 	བཟང་བ 	-ས 	དག	འ་བ 	-ར་མཛད 	།_། 	དོན 	ཀུན 	bstod tshogs ka_.txt	།_།  སྐུ  གསུང  བཟང་བ  -ས  དག འ་བ  -ར་མཛད  །_།  དོན  ཀུན 
ལེའུ  དག ུ་པའོ 	བྱ་བ་ལས 	སྨོན་ལམ་གྱི 	བསྟོད་པ་ཞེས 	བྱ་བ་སྟེ 	ལེའུ 	དག	ུ་པའོ 	།།_།། 	སྔ 	ཕྱིར 	སེམས 	bstod tshogs ka_.txt	བྱ་བ་ལས  སྨོན་ལམ་གྱི  བསྟོད་པ་ཞེས  བྱ་བ་སྟེ  ལེའུ  དག ུ་པའོ  །།_།།  སྔ  ཕྱིར  སེམས 
ཁྱོད་ནི  དག ྲ་བོ 	གཉེན་དང 	གྲོགས 	རྣམས་ལ་ནི་བཞིན 	།_། 	ཁྱོད་ནི 	དག	ྲ་བོ 	རྣམས 	ལ 	-འང་བྱམས 	།_། 	bstod tshogs ka_.txt	གཉེན་དང  གྲོགས  རྣམས་ལ་ནི་བཞིན  །_།  ཁྱོད་ནི  དག ྲ་བོ  རྣམས  ལ  -འང་བྱམས  །_། 
 དག  _། 						དག 	_། 	ཕན 	འདོགས 	བགྱི 	སླད 	bstod tshogs ka_.txt	     དག  _།  ཕན  འདོགས  བགྱི  སླད 
 དག  _། 						དག 	_། 	གལ་ཏེ 	བླ་མ 	-ར 	འཚལ་ན་གོ 	bstod tshogs ka_.txt	     དག  _།  གལ་ཏེ  བླ་མ  -ར  འཚལ་ན་གོ 
རྣམས  དག ེ་བ་ལ 	ས་བོན 	ཇི་ལྟར་ཡང 	།_། 	དེ 	རྣམས 	དག	ེ་བ་ལ 	བཙུད་ནས 	།_། 	དུས 	གཅིག 	bstod tshogs ka_.txt	ས་བོན  ཇི་ལྟར་ཡང  །_།  དེ  རྣམས  དག ེ་བ་ལ  བཙུད་ནས  །_།  དུས  གཅིག 
ཉིད་ཀྱི  དག ྲ་བོ 	དོན་ལ 	མི 	ལྟ་བས 	།_། 	ཉིད་ཀྱི 	དག	ྲ་བོ 	ལྟར 	གྱུར་ཅིང 	།_། 	གཡང 	bstod tshogs ka_.txt	དོན་ལ  མི  ལྟ་བས  །_།  ཉིད་ཀྱི  དག ྲ་བོ  ལྟར  གྱུར་ཅིང  །_།  གཡང 
 དག ས 						དག	ས 	བསམ་གཏན་ལ 	བརྩོན་ལགས 	།_། 	འཇིག 	bstod tshogs ka_.txt	     དག ས  བསམ་གཏན་ལ  བརྩོན་ལགས  །_།  འཇིག 
 དག ས་སླད 						དག	ས་སླད 	།_། 	འཇིག 	རྟེན་ལས་ནི 	འདའ 	bstod tshogs ka_.txt	     དག ས་སླད  །_།  འཇིག  རྟེན་ལས་ནི  འདའ 
 དག ོས 						དག	ོས 	།_། 	བཅོམ 	ལྡན 	ཁྱོད་ཀྱིས 	bstod tshogs ka_.txt	     དག ོས  །_།  བཅོམ  ལྡན  ཁྱོད་ཀྱིས 
འདི  དག  ཀུན 	སྐྱོན་མེད 	ཆོས 	རྣམས་ཀྱིས 	།_། 	འདི 	དག 	ཀུན 	ལ་སྨན 	ཡོན་བཏགས 	།_། 	འདི་ནི 	bstod tshogs ka_.txt	སྐྱོན་མེད  ཆོས  རྣམས་ཀྱིས  །_།  འདི  དག  ཀུན  ལ་སྨན  ཡོན་བཏགས  །_།  འདི་ནི 
 དག ་ཉིད་བཞིན 						དག	་ཉིད་བཞིན 	།_། 	ཁྱོད་ཀྱི 	ཉན་ཐོས 	སྲེད 	bstod tshogs ka_.txt	     དག ་ཉིད་བཞིན  །_།  ཁྱོད་ཀྱི  ཉན་ཐོས  སྲེད 
 དག  ཉིད 						དག 	ཉིད 	འཇིགས་པ 	-ས་བདེ 	ཐོབ་པའི 	།_། 	bstod tshogs ka_.txt	     དག  ཉིད  འཇིགས་པ  -ས་བདེ  ཐོབ་པའི  །_། 
ཡུལ  དག  སྤངས་པ 					ཡུལ 	དག 	སྤངས་པ 	-ར 	གྱུར་ནས་ནི 	།_། 	འགྲན་ཟླ 	bstod tshogs ka_.txt	    ཡུལ  དག  སྤངས་པ  -ར  གྱུར་ནས་ནི  །_།  འགྲན་ཟླ 
བཞིན  དག ོངས་ཤིང 	མང་པོ་ཡི 	།_། 	སྐྱོན་ཡང 	ཡོན་ཏན 	བཞིན 	དག	ོངས་ཤིང 	།_། 	གཞན 	ལ་སྨན་པ 	མཛད་ལ་ཆགས 	bstod tshogs ka_.txt	མང་པོ་ཡི  །_།  སྐྱོན་ཡང  ཡོན་ཏན  བཞིན  དག ོངས་ཤིང  །_།  གཞན  ལ་སྨན་པ  མཛད་ལ་ཆགས 
མི  དག ོངས་སོ 	མེད་གསུམ་གྱིས་ནི 	།_། 	ཁྱོད་ཀྱིས 	སྡུག་བསྔལ 	མི 	དག	ོངས་སོ 	།_། 	འགྲོ 	བ 	-འི 	bstod tshogs ka_.txt	མེད་གསུམ་གྱིས་ནི  །_།  ཁྱོད་ཀྱིས  སྡུག་བསྔལ  མི  དག ོངས་སོ  །_།  འགྲོ  བ  -འི 
སྨྱུང་བ  དག ་ཀྱང་མཛད 	མཛད་ཅིང 	།_། 	རེས 	འགའ 	སྨྱུང་བ 	དག	་ཀྱང་མཛད 	།_། 	ཉམ 	ང 	-འི 	bstod tshogs ka_.txt	མཛད་ཅིང  །_།  རེས  འགའ  སྨྱུང་བ  དག ་ཀྱང་མཛད  །_།  ཉམ  ང  -འི 
ཀུན་གྱིས  དག འ་མགུ 	-འི 	སྡུག་བསྔལ 	སྡོམ་པ་མཛད 	།_། 	ཀུན་གྱིས 	དག	འ་མགུ 	-ར 	རང་དོན་ཕྱིར 	།_། 	བྲན 	bstod tshogs ka_.txt	-འི  སྡུག་བསྔལ  སྡོམ་པ་མཛད  །_།  ཀུན་གྱིས  དག འ་མགུ  -ར  རང་དོན་ཕྱིར  །_།  བྲན 
 དག ་ཉིད་ལ 						དག	་ཉིད་ལ 	།_། 	མངའ 	མ 	མཆིས་པ 	bstod tshogs ka_.txt	     དག ་ཉིད་ལ  །_།  མངའ  མ  མཆིས་པ 
ཆ་ལུགས་ཡང  དག ོངས་པའང 	མ 	ལགས་སོ 	།_། 	ལྕི་དང 	ཆ་ལུགས་ཡང 	དག	ོངས་པའང 	།_། 	དེ 	ཚེ 	ཁྱོད 	bstod tshogs ka_.txt	མ  ལགས་སོ  །_།  ལྕི་དང  ཆ་ལུགས་ཡང  དག ོངས་པའང  །_།  དེ  ཚེ  ཁྱོད 
མེད  དག ྲ་བོ་ལ 	།_། 	དེ 	བཞིན 	རྒྱུ 	མེད 	དག	ྲ་བོ་ལ 	།_། 	ཇི 	ལྟར 	ཁྱོད་ནི 	bstod tshogs ka_.txt	།_།  དེ  བཞིན  རྒྱུ  མེད  དག ྲ་བོ་ལ  །_།  ཇི  ལྟར  ཁྱོད་ནི 
སྐྱེ་བོ  དག ་ནི 	-ར 	མཛད 	དེ་ལྟ་བུ 	།_། 	སྐྱེ་བོ 	དག	་ནི 	ཕན 	བགྱིད་ལའང 	།_། 	ཕན་པ 	bstod tshogs ka_.txt	-ར  མཛད  དེ་ལྟ་བུ  །_།  སྐྱེ་བོ  དག ་ནི  ཕན  བགྱིད་ལའང  །_།  ཕན་པ 
བགྱིད  དག ྲ་བོ་ལ 	མཐོང་བ་ལ 	།_། 	ཁྱོད་ནི 	གནོད 	བགྱིད 	དག	ྲ་བོ་ལ 	།_། 	ཕན་པ 	མཛད་པ 	-འི་བཤེས 	bstod tshogs ka_.txt	མཐོང་བ་ལ  །_།  ཁྱོད་ནི  གནོད  བགྱིད  དག ྲ་བོ་ལ  །_།  ཕན་པ  མཛད་པ  -འི་བཤེས 
 དག  ཚོལ་བ་ལ 	ལགས་ཏེ 	།_། 	རྟག་ཏུ 	སྐྱོན 		དག 	ཚོལ་བ་ལ 	།_། 	ཡོན་ཏན 	འབའ་ཞིག 	ཚོལ 	bstod tshogs ka_.txt	ལགས་ཏེ  །_།  རྟག་ཏུ  སྐྱོན   དག  ཚོལ་བ་ལ  །_།  ཡོན་ཏན  འབའ་ཞིག  ཚོལ 
 དག ེ་བ 	བ 	-འང་ལགས 	།_། 	ཤིན་ཏུ 		དག	ེ་བ 	-འི 	སྤྱོད 	ལྡན་པ 	།_། 	bstod tshogs ka_.txt	བ  -འང་ལགས  །_།  ཤིན་ཏུ   དག ེ་བ  -འི  སྤྱོད  ལྡན་པ  །_། 
 དག ་གིས 	མགོ་དང་ཡིད་དང 	ཚིག 				དག	་གིས 	།_། 	ཁྱོད་ནི 	ཕྱག 	འཚལ 	bstod tshogs ka_.txt	མགོ་དང་ཡིད་དང  ཚིག     དག ་གིས  །_།  ཁྱོད་ནི  ཕྱག  འཚལ 
 དག ་ནི 						དག	་ནི 	ཕྱག 	འཚལ་བསྟོད 	།_། 	ཁྱོད་ནི་གང་ན 	bstod tshogs ka_.txt	     དག ་ནི  ཕྱག  འཚལ་བསྟོད  །_།  ཁྱོད་ནི་གང་ན 
འཁུ་བ  དག ་ནི 	-ས 	མི 	སྙན་བརྗོད་པ་དང 	།_། 	འཁུ་བ 	དག	་ནི 	བདེ་ལེགས་ཀྱིས 	།_། 	མི 	སྙན 	bstod tshogs ka_.txt	-ས  མི  སྙན་བརྗོད་པ་དང  །_།  འཁུ་བ  དག ་ནི  བདེ་ལེགས་ཀྱིས  །_།  མི  སྙན 
།_།  དག ྲ 	ཁྱོད་ཀྱིས 	སྡང་བ 	བྱམས་པ 	-ས་བཏུལ 	།_། 	དག	ྲ 	རྣམས་ལ་ནི 	འབད 	མིན་པས 	།_། 	bstod tshogs ka_.txt	ཁྱོད་ཀྱིས  སྡང་བ  བྱམས་པ  -ས་བཏུལ  །_།  དག ྲ  རྣམས་ལ་ནི  འབད  མིན་པས  །_། 
 དག  འཇོག 						དག 	འཇོག 	མཛད་པའི 	།_། 	རྒྱལ 	མཆོག 	bstod tshogs ka_.txt	     དག  འཇོག  མཛད་པའི  །_།  རྒྱལ  མཆོག 
།_།  དག ེ་བ 	རིག 	རྗེས་སུ 	མི 	གཅོད་ཅིང 	།_། 	དག	ེ་བ 	གོང་དུ 	འདྲེན་བྱེད་པ 	།_། 	སྐྱེ་བ 	bstod tshogs ka_.txt	རིག  རྗེས་སུ  མི  གཅོད་ཅིང  །_།  དག ེ་བ  གོང་དུ  འདྲེན་བྱེད་པ  །_།  སྐྱེ་བ 
 དག ེ 	གཞན་དུ 	མཛད་པ 	-འི་ཕྱིར 	།_། 		དག	ེ 	མཆོག 	ཁྱོད་ལ 	ཕྱག 	འཚལ་ལོ 	bstod tshogs ka_.txt	གཞན་དུ  མཛད་པ  -འི་ཕྱིར  །_།   དག ེ  མཆོག  ཁྱོད་ལ  ཕྱག  འཚལ་ལོ 
།_།  དག འ་བོ 					།_། 	དག	འ་བོ 	དབང་པོ 	ཉེར་ཞི་དང 	།_། 	ང 	bstod tshogs ka_.txt	    །_།  དག འ་བོ  དབང་པོ  ཉེར་ཞི་དང  །_།  ང 
གཏམ  དག ་གིས 	ཐོག 	མར 	སྦྱིན 	སོགས 	གཏམ 	དག	་གིས 	།_། 	སེམས་ལ 	སྤྲོ་བ 	བསྐྱེད་ནས་ནི 	bstod tshogs ka_.txt	ཐོག  མར  སྦྱིན  སོགས  གཏམ  དག ་གིས  །_།  སེམས་ལ  སྤྲོ་བ  བསྐྱེད་ནས་ནི 
དེ  དག  ཀུན་ཀྱང 	མཛད་ལ 	ཕྱག 	འཚལ་ལོ 	།_། 	དེ 	དག 	ཀུན་ཀྱང 	དག་པ་དང 	།_། 	མི 	འགལ་བ་དང 	bstod tshogs ka_.txt	མཛད་ལ  ཕྱག  འཚལ་ལོ  །_།  དེ  དག  ཀུན་ཀྱང  དག་པ་དང  །_།  མི  འགལ་བ་དང 
ཉིད  དག ་པ 	ཕྱག 	འཚལ་ལོ 	།_། 	བདག 	ཉིད 	དག	་པ 	འབའ་ཞིག་གིས 	།_། 	ཁྱོད་ཀྱིས 	འགྲོ་བ 	bstod tshogs ka_.txt	ཕྱག  འཚལ་ལོ  །_།  བདག  ཉིད  དག ་པ  འབའ་ཞིག་གིས  །_།  ཁྱོད་ཀྱིས  འགྲོ་བ 
 དག ེ 						དག	ེ 	ལྡན་པའི 	།_། 	སྒོར 	གྱུར 	bstod tshogs ka_.txt	     དག ེ  ལྡན་པའི  །_།  སྒོར  གྱུར 
དེ  དག ་གིས་ཀྱང 	སྐྱེ་བོ 	གང་དག 	མྱ་ངན་འདས 	།_། 	དེ 	དག	་གིས་ཀྱང 	ལན 	མ་ལོན 	།_། 	རང 	bstod tshogs ka_.txt	སྐྱེ་བོ  གང་དག  མྱ་ངན་འདས  །_།  དེ  དག ་གིས་ཀྱང  ལན  མ་ལོན  །_།  རང 
 དག  མཆོག་ཅིང 						དག 	མཆོག་ཅིང 	།_། 	དེ 	ལྟར་གང་གིས 	རྨད་བྱུང་གསུངས 	bstod tshogs ka_.txt	     དག  མཆོག་ཅིང  །_།  དེ  ལྟར་གང་གིས  རྨད་བྱུང་གསུངས 
 དག  _། 						དག 	_། 	རང 	དོན 	ཁོ་ན 	བགྱིད་པ 	bstod tshogs ka_.txt	     དག  _།  རང  དོན  ཁོ་ན  བགྱིད་པ 
གཡོ  དག  བསྟན་པ་མཛད 	ཉོན་མོངས 	གཞོམ་པ་བཤད 	།_། 	བདུད་ཀྱི 	གཡོ 	དག 	བསྟན་པ་མཛད 	།_། 	འཁོར 	བ 	-འི 	bstod tshogs ka_.txt	ཉོན་མོངས  གཞོམ་པ་བཤད  །_།  བདུད་ཀྱི  གཡོ  དག  བསྟན་པ་མཛད  །_།  འཁོར  བ  -འི 
ཕན  དག ོངས 	ཀུན་ལས 	རྒྱལ 	སྨོས་ཅི་འཚལ 	།_། 	ཕན 	དག	ོངས 	ཐུགས་རྗེ 	ཅན་གྱིས་ནི 	།_། 	སེམས 	bstod tshogs ka_.txt	ཀུན་ལས  རྒྱལ  སྨོས་ཅི་འཚལ  །_།  ཕན  དག ོངས  ཐུགས་རྗེ  ཅན་གྱིས་ནི  །_།  སེམས 
།_།  དག ོངས་པ 	བླ 	མ 	ཡན་ལག 	གཉེན་འདུན་གྱིས 	།_། 	དག	ོངས་པ 	མཛད་པ་གང 	ལགས་པ 	།_། 	དེ 	bstod tshogs ka_.txt	བླ  མ  ཡན་ལག  གཉེན་འདུན་གྱིས  །_།  དག ོངས་པ  མཛད་པ་གང  ལགས་པ  །_།  དེ 
 དག ་ལ 						དག	་ལ 	ཕྱག་འཚལ 	།_། 	གལ་ཏེ 	ཆོས་ནི 	bstod tshogs ka_.txt	     དག ་ལ  ཕྱག་འཚལ  །_།  གལ་ཏེ  ཆོས་ནི 
 དག ་ཀྱང 						དག	་ཀྱང 	།_། 	སྤོ་བ་ཞིག་ཏུ 	བཏུབ་ན་ནི 	།_། 	bstod tshogs ka_.txt	     དག ་ཀྱང  །_།  སྤོ་བ་ཞིག་ཏུ  བཏུབ་ན་ནི  །_། 
འགྲོ་བ  དག ་དང 	སྐུ་ཡིས 	མ 	ལུས་པའི 	།_། 	འགྲོ་བ 	དག	་དང 	ལྡན 	ཁྱོད་ཀྱིས 	།_། 	སློབ་དཔོན 	bstod tshogs ka_.txt	སྐུ་ཡིས  མ  ལུས་པའི  །_།  འགྲོ་བ  དག ་དང  ལྡན  ཁྱོད་ཀྱིས  །_།  སློབ་དཔོན 
 དག  _། 						དག 	_། 	གཞན 	དོན 	ཁོ་ན 	-ར 	bstod tshogs ka_.txt	     དག  _།  གཞན  དོན  ཁོ་ན  -ར 
 དག ་ཉིད་ཀྱིས 						དག	་ཉིད་ཀྱིས 	།_། 	སེམས 	ཅན 	དོན་ལ 	bstod tshogs ka_.txt	     དག ་ཉིད་ཀྱིས  །_།  སེམས  ཅན  དོན་ལ 
མ  དག ོངས་ཏེ 	།_། 	གང 	ཕྱིར 	ཁྱོད་ཀྱིས 	མ 	དག	ོངས་ཏེ 	།_། 	དེ 	ཕྱིར 	བས 	bstod tshogs ka_.txt	།_།  གང  ཕྱིར  ཁྱོད་ཀྱིས  མ  དག ོངས་ཏེ  །_།  དེ  ཕྱིར  བས 
དེ  དག ་ལ་ཡང 	ཁྱོད་ལ 	སེམས་ཅན་གང 	འདུད་པ 	།_། 	དེ 	དག	་ལ་ཡང 	ཕྱག 	འཚལ་ལགས 	།_། 	ཁྱོད་ཀྱི 	bstod tshogs ka_.txt	ཁྱོད་ལ  སེམས་ཅན་གང  འདུད་པ  །_།  དེ  དག ་ལ་ཡང  ཕྱག  འཚལ་ལགས  །_།  ཁྱོད་ཀྱི 
།_།  དག ེ 	ལ 	-འང 	ཕྱག 	འཚལ་ནས 	།_། 	དག	ེ 	བ 	-འི 	བསྟན་པ་ལ 	མཁས་པའི 	bstod tshogs ka_.txt	ལ  -འང  ཕྱག  འཚལ་ནས  །_།  དག ེ  བ  -འི  བསྟན་པ་ལ  མཁས་པའི 
 དག ་གི 						དག	་གི 	ཞོ་ཤ 	བས 	འཚལ་བས 	།_། 	bstod tshogs ka_.txt	     དག ་གི  ཞོ་ཤ  བས  འཚལ་བས  །_། 
 དག ་ཉིད་ཀྱིས 						དག	་ཉིད་ཀྱིས 	མཁྱེན 	ལགས་གྲང 	།_། 	བསམ 	bstod tshogs ka_.txt	     དག ་ཉིད་ཀྱིས  མཁྱེན  ལགས་གྲང  །_།  བསམ 
ངོ་མཚར  དག ེ་ལས་ཀྱི 	།_། 	གཞན 	དོན 	སྤྱོད་པ 	ངོ་མཚར 	དག	ེ་ལས་ཀྱི 	།_། 	ཡོན་ཏན 	ཆ་ཙམ 	བརྗོད་པ 	bstod tshogs ka_.txt	།_།  གཞན  དོན  སྤྱོད་པ  ངོ་མཚར  དག ེ་ལས་ཀྱི  །_།  ཡོན་ཏན  ཆ་ཙམ  བརྗོད་པ 
དོན  དག ོངས་པ 	བདག 	རྨོངས་པས 	།_། 	རང 	དོན 	དག	ོངས་པ 	-ས 	མི 	ནུས་པ 	-ར་ཡང་བྱས 	bstod tshogs ka_.txt	བདག  རྨོངས་པས  །_།  རང  དོན  དག ོངས་པ  -ས  མི  ནུས་པ  -ར་ཡང་བྱས 
གློ་བ  དག འ་ཞིང་མཆིས 	སྒྲོགས་ཀྱང 	།_། 	བདག་ནི 	མཆོག་ཏུ 	གློ་བ 	དག	འ་ཞིང་མཆིས 	།_། 	བཙུན་པ 	-ས 	མཛད་པ 	bstod tshogs ka_.txt	སྒྲོགས་ཀྱང  །_།  བདག་ནི  མཆོག་ཏུ  གློ་བ  དག འ་ཞིང་མཆིས  །_།  བཙུན་པ  -ས  མཛད་པ 
 དག ་ནི 						དག	་ནི 	མི 	ཤེས་པ་ཡིས་སྤེལ 	།_། 	སྐྱེ 	bstod tshogs ka_.txt	     དག ་ནི  མི  ཤེས་པ་ཡིས་སྤེལ  །_།  སྐྱེ 
 དག ་གིས 						དག	་གིས 	ཐུབ་ལ 	དད་པ 	-ས་སྤོབས 	སྐྱེས་པའི 	bstod tshogs ka_.txt	     དག ་གིས  ཐུབ་ལ  དད་པ  -ས་སྤོབས  སྐྱེས་པའི 
།_།  དག ེ 					།_། 	དག	ེ 	བ 	-འི་ལས 	འདི 	-འི 	bstod tshogs ka_.txt	    །_།  དག ེ  བ  -འི་ལས  འདི  -འི 
གླང་པོ  དག ་གི 	མ་ཏི་ཙི་ཊ་དང 	།_ 	སློབ་དཔོན 	ཕྱོགས་ཀྱི 	གླང་པོ 	དག	་གི 	ཞལ་སྔ་ནས 	མཛད་པ 	རྫོགས་སོ 	།།_།། 	bstod tshogs ka_.txt	མ་ཏི་ཙི་ཊ་དང  །_  སློབ་དཔོན  ཕྱོགས་ཀྱི  གླང་པོ  དག ་གི  ཞལ་སྔ་ནས  མཛད་པ  རྫོགས་སོ  །།_།། 
ལོ་ཙཱ་བ  དག ེ་སློང 	ཀ་ལ 	ཤ་དང 	།_ 	ཞུ་ཆེན་གྱི 	ལོ་ཙཱ་བ 	དག	ེ་སློང 	བསོད་ནམས 	བཟང་པོ 	-ས 	བསྒྱུར་ཅིང 	bstod tshogs ka_.txt	ཀ་ལ  ཤ་དང  །_  ཞུ་ཆེན་གྱི  ལོ་ཙཱ་བ  དག ེ་སློང  བསོད་ནམས  བཟང་པོ  -ས  བསྒྱུར་ཅིང 
 དག ་ནི 						དག	་ནི 	བློ་གྲོས 	རབ་ཏུ་ཆུང་ཡང 	བརྩོན་པ་ལགས 	།_ 	bstod tshogs ka_.txt	     དག ་ནི  བློ་གྲོས  རབ་ཏུ་ཆུང་ཡང  བརྩོན་པ་ལགས  །_ 
བར  དག ་ཡིན་ནོ 	བྱང་ཆུབ་ཀྱི 	སྙིང་པོ་ལ 	འདུག་པ 	-འི 	བར 	དག	་ཡིན་ནོ 	།_། 	འབྲས 	བུ 	-འི 	bstod tshogs ka_.txt	བྱང་ཆུབ་ཀྱི  སྙིང་པོ་ལ  འདུག་པ  -འི  བར  དག ་ཡིན་ནོ  །_།  འབྲས  བུ  -འི 
 དག  པར 						དག 	པར 	རྫོགས་པ 	-ར 	བྱང་ཆུབ་པ 	-འི 	bstod tshogs ka_.txt	     དག  པར  རྫོགས་པ  -ར  བྱང་ཆུབ་པ  -འི 
བར  དག ་ཡིན་ནོ 	བསྟན་པ་ནས 	ནུབ་པ་ལ 	ཐུག་པ 	-འི 	བར 	དག	་ཡིན་ནོ 	།_། 	དེ་ལ 	རྒྱུ 	-འི 	bstod tshogs ka_.txt	བསྟན་པ་ནས  ནུབ་པ་ལ  ཐུག་པ  -འི  བར  དག ་ཡིན་ནོ  །_།  དེ་ལ  རྒྱུ  -འི 
 དག  པར 						དག 	པར 	ལོངས 	སྤྱད་པ 	ལ་སོ 	སོར་རྟོག་པའོ 	bstod tshogs ka_.txt	     དག  པར  ལོངས  སྤྱད་པ  ལ་སོ  སོར་རྟོག་པའོ 
རིགས་དང  དག ེ་བཤེས 	-འི 	རྒྱུ 	བཞི་སྟེ 	།_ 	རིགས་དང 	དག	ེ་བཤེས 	སྙིང་རྗེ་དང 	།_། 	སྡུག 	བསྔལ 	bstod tshogs ka_.txt	-འི  རྒྱུ  བཞི་སྟེ  །_  རིགས་དང  དག ེ་བཤེས  སྙིང་རྗེ་དང  །_།  སྡུག  བསྔལ 
 དག ་གིས 						དག	་གིས 	།_། 	བྱང 	ཆུབ 	སེམས་ནི 	bstod tshogs ka_.txt	     དག ་གིས  །_།  བྱང  ཆུབ  སེམས་ནི 
 དག ་སྟེ 	རབ་ཏུ་འཇུག 	_། 	ཅེས 	གསུངས་པ 		དག	་སྟེ 	།_ 	དེ 	ལྟར་ན 	དོན 	bstod tshogs ka_.txt	རབ་ཏུ་འཇུག  _།  ཅེས  གསུངས་པ   དག ་སྟེ  །_  དེ  ལྟར་ན  དོན 
 དག ་ནི 						དག	་ནི 	སྡུག་བསྔལ 	བསྐྱེད་པ 	ལ་སོ 	སོར་རྟོག་པའོ 	bstod tshogs ka_.txt	     དག ་ནི  སྡུག་བསྔལ  བསྐྱེད་པ  ལ་སོ  སོར་རྟོག་པའོ 
 དག ་ནི 						དག	་ནི 	ཕན 	བཏགས་པ 	ལ་སོ 	སོར་རྟོག་པའོ 	bstod tshogs ka_.txt	     དག ་ནི  ཕན  བཏགས་པ  ལ་སོ  སོར་རྟོག་པའོ 
 དག ་ནི 						དག	་ནི 	གྲོགས 	བྱས་པ 	ལ་སོ 	སོར་རྟོག་པའོ 	bstod tshogs ka_.txt	     དག ་ནི  གྲོགས  བྱས་པ  ལ་སོ  སོར་རྟོག་པའོ 
 དག ོངས་ཞེས 	།_། 	ལོངས 	སྤྱད 	འདས 		དག	ོངས་ཞེས 	བྱ་བ 	འདི་དག་ནི 	ཡང་དག 	པར 	bstod tshogs ka_.txt	།_།  ལོངས  སྤྱད  འདས   དག ོངས་ཞེས  བྱ་བ  འདི་དག་ནི  ཡང་དག  པར 
 དག ་ནི 						དག	་ནི 	བྱང་ཆུབ་ཀྱི 	སྨོན་ལམ་ཡིན་ནོ 	།_། 	དེའི 	bstod tshogs ka_.txt	     དག ་ནི  བྱང་ཆུབ་ཀྱི  སྨོན་ལམ་ཡིན་ནོ  །_།  དེའི 
གནས་སྐབས  དག ་ཏུ་ཞེས 	དེ་ལ 	རེ་ཞིག 	སྨད་པ 	-འི 	གནས་སྐབས 	དག	་ཏུ་ཞེས 	བྱ་བ 	འདི་དག་ནི 	རིགས 	ཡོད་པ 	bstod tshogs ka_.txt	དེ་ལ  རེ་ཞིག  སྨད་པ  -འི  གནས་སྐབས  དག ་ཏུ་ཞེས  བྱ་བ  འདི་དག་ནི  རིགས  ཡོད་པ 
འདི་དག་ནི  དག ེ་བ 	གལ་ཏེ 	རང་ལ 	རག་ལས་ཞེས 	བྱ་བ 	འདི་དག་ནི 	དག	ེ་བ 	-འི 	བཤེས་གཉེན་ལ 	བརྟེན་པའོ 	།_། 	bstod tshogs ka_.txt	གལ་ཏེ  རང་ལ  རག་ལས་ཞེས  བྱ་བ  འདི་དག་ནི  དག ེ་བ  -འི  བཤེས་གཉེན་ལ  བརྟེན་པའོ  །_། 
 དག ་ནི 						དག	་ནི 	སྙིང་རྗེ་ཡིན་ནོ 	།_། 	འཇིག 	རྟེན 	bstod tshogs ka_.txt	     དག ་ནི  སྙིང་རྗེ་ཡིན་ནོ  །_།  འཇིག  རྟེན 
 དག  རང 						དག 	རང 	ལ 	-འང་ཞེས 	བྱ་བ 	འདི་དག་ནི 	bstod tshogs ka_.txt	     དག  རང  ལ  -འང་ཞེས  བྱ་བ  འདི་དག་ནི 
ཕྱིན་པ  དག ་གོ 	།_ 	ཡེ 	ཤེས་ཀྱི 	ཕ་རོལ་ཏུ 	ཕྱིན་པ 	དག	་གོ 	།_། 	དེ་ལ 	གང་ཞིག 	སྐྱེ་བོ 	bstod tshogs ka_.txt	།_  ཡེ  ཤེས་ཀྱི  ཕ་རོལ་ཏུ  ཕྱིན་པ  དག ་གོ  །_།  དེ་ལ  གང་ཞིག  སྐྱེ་བོ 
 དག ་གིས་ནི 						དག	་གིས་ནི 	སྦྱིན་པ 	-འི 	ཕ་རོལ་ཏུ 	ཕྱིན་པ 	bstod tshogs ka_.txt	     དག ་གིས་ནི  སྦྱིན་པ  -འི  ཕ་རོལ་ཏུ  ཕྱིན་པ 
 དག ་གིས་ནི 						དག	་གིས་ནི 	ཚུལ་ཁྲིམས་ཀྱི 	ཕ་རོལ་ཏུ 	ཕྱིན་པ 	བསྟན་ཏོ 	bstod tshogs ka_.txt	     དག ་གིས་ནི  ཚུལ་ཁྲིམས་ཀྱི  ཕ་རོལ་ཏུ  ཕྱིན་པ  བསྟན་ཏོ 
 དག ེའི་ལས་ཀྱང་ཞེས 						དག	ེའི་ལས་ཀྱང་ཞེས 	བྱ་བ 	འདི་དག་གིས་ནི 	མི་མཐུན་པ 	-འི 	bstod tshogs ka_.txt	     དག ེའི་ལས་ཀྱང་ཞེས  བྱ་བ  འདི་དག་གིས་ནི  མི་མཐུན་པ  -འི 
 དག  ཉིད 						དག 	ཉིད 	ཞི་བ 	-ར 	བགྱི 	སླད 	bstod tshogs ka_.txt	     དག  ཉིད  ཞི་བ  -ར  བགྱི  སླད 
 དག ་གིས་ནི 						དག	་གིས་ནི 	བརྩོན་འགྲུས་ཀྱི 	ཕ་རོལ་ཏུ 	ཕྱིན་པ 	བསྟན་ཏོ 	bstod tshogs ka_.txt	     དག ་གིས་ནི  བརྩོན་འགྲུས་ཀྱི  ཕ་རོལ་ཏུ  ཕྱིན་པ  བསྟན་ཏོ 
 དག ་གིས་ནི 						དག	་གིས་ནི 	མི་མཐུན་པ 	-འི 	ཕྱོགས 	སྤངས་པ 	bstod tshogs ka_.txt	     དག ་གིས་ནི  མི་མཐུན་པ  -འི  ཕྱོགས  སྤངས་པ 
 དག  བསྟོད 						དག 	བསྟོད 	མ 	མཛད་ལ་ཞེས 	བྱ་བ 	འདི་དག་གིས་ནི 	bstod tshogs ka_.txt	     དག  བསྟོད  མ  མཛད་ལ་ཞེས  བྱ་བ  འདི་དག་གིས་ནི 
 དག ་དང 						དག	་དང 	།_ 	ཤེས 	རབ་ལ 	སོགས 	bstod tshogs ka_.txt	     དག ་དང  །_  ཤེས  རབ་ལ  སོགས 
 དག ་གིས་ནི 						དག	་གིས་ནི 	ཕུན 	སུམ 	ཚོགས་པ 	རྫོགས་པ 	bstod tshogs ka_.txt	     དག ་གིས་ནི  ཕུན  སུམ  ཚོགས་པ  རྫོགས་པ 
 དག ་གིས་ནི 						དག	་གིས་ནི 	སྟོབས་ཀྱི 	ཕ་རོལ་ཏུ 	ཕྱིན་པ 	བསྟན་ཏོ 	bstod tshogs ka_.txt	     དག ་གིས་ནི  སྟོབས་ཀྱི  ཕ་རོལ་ཏུ  ཕྱིན་པ  བསྟན་ཏོ 
 དག ་གིས 	།_། 	འཇིག 	རྟེན 	སྡུག་བསྔལ 		དག	་གིས 	སྨ 	-ས 	ཚེ་ཞེས 	བྱ་བ 	bstod tshogs ka_.txt	།_།  འཇིག  རྟེན  སྡུག་བསྔལ   དག ་གིས  སྨ  -ས  ཚེ་ཞེས  བྱ་བ 
 དག ་གིས་ནི 						དག	་གིས་ནི 	ཡེ་ཤེས་ཀྱི 	ཕ་རོལ་ཏུ 	ཕྱིན་པ 	བསྟན་ཏོ 	bstod tshogs ka_.txt	     དག ་གིས་ནི  ཡེ་ཤེས་ཀྱི  ཕ་རོལ་ཏུ  ཕྱིན་པ  བསྟན་ཏོ 
 དག ་གིས་ནི 						དག	་གིས་ནི 	བསམ་པ 	ཕུན 	སུམ 	ཚོགས་པ 	bstod tshogs ka_.txt	     དག ་གིས་ནི  བསམ་པ  ཕུན  སུམ  ཚོགས་པ 
 དག ་གིས་ནི 						དག	་གིས་ནི 	སྦྱོར་བ 	ཕུན 	སུམ 	ཚོགས་པའོ 	bstod tshogs ka_.txt	     དག ་གིས་ནི  སྦྱོར་བ  ཕུན  སུམ  ཚོགས་པའོ 
སྨིན་པ  དག ་ཏུ 	རི 	ངོས 	ལྗོན་ཤིང 	འབྲས་བུ 	སྨིན་པ 	དག	་ཏུ 	བྱ 	རྣམས 	ལྟ་བུ་ཞེས 	བྱ་བ 	bstod tshogs ka_.txt	རི  ངོས  ལྗོན་ཤིང  འབྲས་བུ  སྨིན་པ  དག ་ཏུ  བྱ  རྣམས  ལྟ་བུ་ཞེས  བྱ་བ 
 དག ་གིས་ནི 						དག	་གིས་ནི 	ལེན་པ་པོ 	ཕུན 	སུམ 	ཚོགས་པའོ 	bstod tshogs ka_.txt	     དག ་གིས་ནི  ལེན་པ་པོ  ཕུན  སུམ  ཚོགས་པའོ 
 དག ་གིས་ནི 						དག	་གིས་ནི 	སྦྱིན་པ 	-ར 	བྱ་བ 	ཕུན 	bstod tshogs ka_.txt	     དག ་གིས་ནི  སྦྱིན་པ  -ར  བྱ་བ  ཕུན 
ཡོངས་སུ  དག ་པ 	སྐྱེ་ཞེས 	བྱ་བ 	འདི་དག་གིས་ནི 	རང་བཞིན 	ཡོངས་སུ 	དག	་པ 	-འི 	ཚུལ་ཁྲིམས་ཀྱི 	ཕ་རོལ་ཏུ 	ཕྱིན་པའོ 	bstod tshogs ka_.txt	སྐྱེ་ཞེས  བྱ་བ  འདི་དག་གིས་ནི  རང་བཞིན  ཡོངས་སུ  དག ་པ  -འི  ཚུལ་ཁྲིམས་ཀྱི  ཕ་རོལ་ཏུ  ཕྱིན་པའོ 
 དག ་གིས་ནི 						དག	་གིས་ནི 	རྣམ་པ 	-ར 	རྟོག་པ་དང 	བྲལ་བ 	bstod tshogs ka_.txt	     དག ་གིས་ནི  རྣམ་པ  -ར  རྟོག་པ་དང  བྲལ་བ 
 དག ་གིས་ནི 						དག	་གིས་ནི 	ཐབས་ཀྱིས 	རྒྱས་པ 	-འི 	བརྩོན་འགྲུས་ཀྱི 	bstod tshogs ka_.txt	     དག ་གིས་ནི  ཐབས་ཀྱིས  རྒྱས་པ  -འི  བརྩོན་འགྲུས་ཀྱི 
 དག ་གིས་ནི 						དག	་གིས་ནི 	སྐྱེ་བ 	-ས 	སྟོང་པ 	-འི 	bstod tshogs ka_.txt	     དག ་གིས་ནི  སྐྱེ་བ  -ས  སྟོང་པ  -འི 
 དག ་གིས་ནི 						དག	་གིས་ནི 	ཐབས 	དང་བཅས་པ 	-འི 	བརྩོན་པ 	bstod tshogs ka_.txt	     དག ་གིས་ནི  ཐབས  དང་བཅས་པ  -འི  བརྩོན་པ 
 དག ་པ་ཇི 						དག	་པ་ཇི 	ལྟ་བ 	བཞིན་དུ 	ཐུགས་སུ 	ཆུད་པ 	bstod tshogs ka_.txt	     དག ་པ་ཇི  ལྟ་བ  བཞིན་དུ  ཐུགས་སུ  ཆུད་པ 
 དག ་དང་གང 						དག	་དང་གང 	སླད 	ཤེས་རབ 	དོན་དམ་ཞེས 	བྱ་བ 	bstod tshogs ka_.txt	     དག ་དང་གང  སླད  ཤེས་རབ  དོན་དམ་ཞེས  བྱ་བ 
མཛད་པ  དག ་གོ 	ཅན 	ཡོངས་སུ 	སྨིན་པ 	-ར 	མཛད་པ 	དག	་གོ 	།_། 	དེ་ལ 	ཉོན་མོངས 	བས་པ 	bstod tshogs ka_.txt	ཅན  ཡོངས་སུ  སྨིན་པ  -ར  མཛད་པ  དག ་གོ  །_།  དེ་ལ  ཉོན་མོངས  བས་པ 
 དག ་གིས་ནི 						དག	་གིས་ནི 	ཉོན་མོངས་པ་ལ 	མངའ་དབང 	མཛད་པ 	བསྟན་ཏོ 	bstod tshogs ka_.txt	     དག ་གིས་ནི  ཉོན་མོངས་པ་ལ  མངའ་དབང  མཛད་པ  བསྟན་ཏོ 
-འི  དག ོས་པའོ 	-ས་ཞེས 	བྱ་བ 	འདི་དག་གིས་ནི 	དེ 	-འི 	དག	ོས་པའོ 	།_། 	འགྲོ་བ 	ཉོན་མོངས 	གྱུར་ཞེས 	bstod tshogs ka_.txt	-ས་ཞེས  བྱ་བ  འདི་དག་གིས་ནི  དེ  -འི  དག ོས་པའོ  །_།  འགྲོ་བ  ཉོན་མོངས  གྱུར་ཞེས 
 དག ་གིས་ནི 						དག	་གིས་ནི 	སྐྱེ་བ་ལ 	མངའ་དབང 	མཛད་པའོ 	།_། 	bstod tshogs ka_.txt	     དག ་གིས་ནི  སྐྱེ་བ་ལ  མངའ་དབང  མཛད་པའོ  །_། 
-འི  དག ོས་པའོ 	ཞེས 	བྱ་བ 	དེ་དག་གིས་ནི 	དེ 	-འི 	དག	ོས་པའོ 	།_། 	སྔོན་གྱི 	མི་དགེའི 	ཕྲིན་ལས་ཞེས 	bstod tshogs ka_.txt	ཞེས  བྱ་བ  དེ་དག་གིས་ནི  དེ  -འི  དག ོས་པའོ  །_།  སྔོན་གྱི  མི་དགེའི  ཕྲིན་ལས་ཞེས 
 དག ་གིས 						དག	་གིས 	ནི་ལ 	-ས་ལ 	མངའ་དབང 	མཛད་པའོ 	bstod tshogs ka_.txt	     དག ་གིས  ནི་ལ  -ས་ལ  མངའ་དབང  མཛད་པའོ 
-འི  དག ོས་པའོ 	མི་དགེའི་ཞེས 	བྱ་བ 	འདི་དག་གིས་ནི 	དེ 	-འི 	དག	ོས་པའོ 	།_། 	མ 	བཞིན 	རེས་འགའ 	bstod tshogs ka_.txt	མི་དགེའི་ཞེས  བྱ་བ  འདི་དག་གིས་ནི  དེ  -འི  དག ོས་པའོ  །_།  མ  བཞིན  རེས་འགའ 
ཐུགས་རྗེ  དག ་དང 					ཐུགས་རྗེ 	དག	་དང 	མ 	བྲལ་ཞེས 	བྱ་བ 	འདི་དག་གིས་ནི 	bstod tshogs ka_.txt	    ཐུགས་རྗེ  དག ་དང  མ  བྲལ་ཞེས  བྱ་བ  འདི་དག་གིས་ནི 
-འི  དག ོས་པའོ 	ཐབས་ཀྱིས་ཞེས 	བྱ་བ 	འདི་དག་གིས་ནི 	དེ 	-འི 	དག	ོས་པའོ 	།_། 	ཁ་ཅིག 	བྱང་ཆུབ་གསུམ་ལ 	བློ་གྲོས་ཅི 	bstod tshogs ka_.txt	ཐབས་ཀྱིས་ཞེས  བྱ་བ  འདི་དག་གིས་ནི  དེ  -འི  དག ོས་པའོ  །_།  ཁ་ཅིག  བྱང་ཆུབ་གསུམ་ལ  བློ་གྲོས་ཅི 
 དག ་གིས་ནི 						དག	་གིས་ནི 	སེམས་ཅན 	ཡོངས་སུ 	སྨིན་པ 	-ར 	bstod tshogs ka_.txt	     དག ་གིས་ནི  སེམས་ཅན  ཡོངས་སུ  སྨིན་པ  -ར 
-འི  དག ོས་པའོ 	འཚལ་བ་ཞེས 	བྱ་བ 	འདི་དག་གིས་ནི 	དེ 	-འི 	དག	ོས་པའོ 	།_། 	གང 	སླད 	ཁྱོད་ནི 	bstod tshogs ka_.txt	འཚལ་བ་ཞེས  བྱ་བ  འདི་དག་གིས་ནི  དེ  -འི  དག ོས་པའོ  །_།  གང  སླད  ཁྱོད་ནི 
 དག ་གིས་ནི 						དག	་གིས་ནི 	རྒྱུ 	ཡོངས་སུ 	རྫོགས་པའོ 	།_། 	bstod tshogs ka_.txt	     དག ་གིས་ནི  རྒྱུ  ཡོངས་སུ  རྫོགས་པའོ  །_། 
 དག ་གིས་ནི་ལམ་གྱི 						དག	་གིས་ནི་ལམ་གྱི 	ཡེ་ཤེས 	བསྐྱེད་པ 	བསྟན་ཏོ 	།_། 	bstod tshogs ka_.txt	     དག ་གིས་ནི་ལམ་གྱི  ཡེ་ཤེས  བསྐྱེད་པ  བསྟན་ཏོ  །_། 
 དག ་གིས་ནི 						དག	་གིས་ནི 	ཉོན་མོངས་པ 	སྤངས་པའོ 	།_། 	ལྷན་ཅིག 	bstod tshogs ka_.txt	     དག ་གིས་ནི  ཉོན་མོངས་པ  སྤངས་པའོ  །_།  ལྷན་ཅིག 
 དག ་གིས་ནི 						དག	་གིས་ནི 	ཡོན་ཏན 	བརྙེས་པ 	བསྟན་ཏོ 	།_། 	bstod tshogs ka_.txt	     དག ་གིས་ནི  ཡོན་ཏན  བརྙེས་པ  བསྟན་ཏོ  །_། 
འདི  དག  རྣམས་ཀྱིས་ནི 					འདི 	དག 	རྣམས་ཀྱིས་ནི 	སྐྱོབ་པ 	-འི 	འབྲས་བུ 	-འི 	bstod tshogs ka_.txt	    འདི  དག  རྣམས་ཀྱིས་ནི  སྐྱོབ་པ  -འི  འབྲས་བུ  -འི 
 དག ་གིས་ནི 						དག	་གིས་ནི 	ཆོས་ཀྱི 	འཁོར་ལོ 	བསྐོར་བ 	ཡང་དག 	bstod tshogs ka_.txt	     དག ་གིས་ནི  ཆོས་ཀྱི  འཁོར་ལོ  བསྐོར་བ  ཡང་དག 
 དག ་གིས་ནི 						དག	་གིས་ནི 	ཆོས་སྟོན་པ 	-འི 	རང་བཞིན 	བསྟན་ཏོ 	bstod tshogs ka_.txt	     དག ་གིས་ནི  ཆོས་སྟོན་པ  -འི  རང་བཞིན  བསྟན་ཏོ 
 དག ་གིས་ནི 						དག	་གིས་ནི 	ཡུན་དུ 	གནས་པ 	ཡང་དག 	པར 	bstod tshogs ka_.txt	     དག ་གིས་ནི  ཡུན་དུ  གནས་པ  ཡང་དག  པར 
སྒྲོ  དག ་དང 	།_། 	ཡོན་ཏན 	མི 	ཤེས 	སྒྲོ 	དག	་དང 	།_། 	ང 	རྒྱལ 	མེད་དང 	bstod tshogs ka_.txt	།_།  ཡོན་ཏན  མི  ཤེས  སྒྲོ  དག ་དང  །_།  ང  རྒྱལ  མེད་དང 
རིགས་དང  དག ེ་བཤེས 	ལོངས་སྤྱོད 	བྱས་པ 	-ས་བསྟན 	།_། 	རིགས་དང 	དག	ེ་བཤེས 	སྙིང་རྗེ་དང 	།_། 	སྐྱོན 	མེད 	bstod tshogs ka_.txt	ལོངས་སྤྱོད  བྱས་པ  -ས་བསྟན  །_།  རིགས་དང  དག ེ་བཤེས  སྙིང་རྗེ་དང  །_།  སྐྱོན  མེད 
ལྔ་ནི  དག ོས 	བྱ་བ 	།_། 	དབང 	མཛད 	ལྔ་ནི 	དག	ོས 	བཅས་པར 	།_། 	གཉིས་གཉིས་གཉིས་གཉིས་གསུམ་གྱིས་སོ 	།_། 	bstod tshogs ka_.txt	བྱ་བ  །_།  དབང  མཛད  ལྔ་ནི  དག ོས  བཅས་པར  །_།  གཉིས་གཉིས་གཉིས་གཉིས་གསུམ་གྱིས་སོ  །_། 
མཉམ  དག ར 	-འི 	རིགས་སུ་འཁྲུངས 	།_། 	གང་གིས 	མཉམ 	དག	ར 	བྱང་ཆུབ 	དམ་པ 	ཐུགས་སུ་ཆུད 	།_། 	bstod tshogs ka_.txt	-འི  རིགས་སུ་འཁྲུངས  །_།  གང་གིས  མཉམ  དག ར  བྱང་ཆུབ  དམ་པ  ཐུགས་སུ་ཆུད  །_། 
ཚོགས  དག ་གིས 	།_། 	ཀྱི་ཧུད 	མི་རྟག 	མེ 	ཚོགས 	དག	་གིས 	ཟད་མཐའ 	-ར་གྱུར 	།_། 	དག་པ 	bstod tshogs ka_.txt	།_།  ཀྱི་ཧུད  མི་རྟག  མེ  ཚོགས  དག ་གིས  ཟད་མཐའ  -ར་གྱུར  །_།  དག་པ 
།_།  དག ེ 	ཆོས་ཀྱི 	ཆུ་སྲིན 	དུར་པ 	-ས་ཁྱབ 	།_། 	དག	ེ 	སློང 	དམ་པ 	གཞན 	ཚོགས 	bstod tshogs ka_.txt	ཆོས་ཀྱི  ཆུ་སྲིན  དུར་པ  -ས་ཁྱབ  །_།  དག ེ  སློང  དམ་པ  གཞན  ཚོགས 
 དག  ཕྱག་འཚལ 						དག 	ཕྱག་འཚལ 	།_། 	སྤྱོད་པ 	-འི 	རྩ་བ 	bstod tshogs ka_.txt	     དག  ཕྱག་འཚལ  །_།  སྤྱོད་པ  -འི  རྩ་བ 
 དག  ཕྱག་འཚལ 						དག 	ཕྱག་འཚལ 	།_། 	རྡུལ 	མེད 	མྱ་ངན 	bstod tshogs ka_.txt	     དག  ཕྱག་འཚལ  །_།  རྡུལ  མེད  མྱ་ངན 
 དག  ཕྱག་འཚལ 						དག 	ཕྱག་འཚལ 	།_། 	གཏི 	མུག 	མུན་ནག 	bstod tshogs ka_.txt	     དག  ཕྱག་འཚལ  །_།  གཏི  མུག  མུན་ནག 
 དག  ཕྱག་འཚལ 						དག 	ཕྱག་འཚལ 	།_། 	བྱམས 	མཆོག 	སྐུ 	bstod tshogs ka_.txt	     དག  ཕྱག་འཚལ  །_།  བྱམས  མཆོག  སྐུ 
 དག  གྲོལ་བ 						དག 	གྲོལ་བ 	-འི 	འགྲོས་ཀྱིས་བཞུད 	།_། 	ཀྱི་ཧུད 	bstod tshogs ka_.txt	     དག  གྲོལ་བ  -འི  འགྲོས་ཀྱིས་བཞུད  །_།  ཀྱི་ཧུད 
 དག  ཕྱག་འཚལ 						དག 	ཕྱག་འཚལ 	།_། 	སེམས 	ཅན 	མེད་པ 	bstod tshogs ka_.txt	     དག  ཕྱག་འཚལ  །_།  སེམས  ཅན  མེད་པ 
 དག ས་འཇོམས 	སྒྲ 	སྒྲོགས 	མུ་སྟེགས 	རི 		དག	ས་འཇོམས 	།_། 	ངོ 	མཚར 	རལ་པ 	bstod tshogs ka_.txt	སྒྲ  སྒྲོགས  མུ་སྟེགས  རི   དག ས་འཇོམས  །_།  ངོ  མཚར  རལ་པ 
ཚུལ་ཁྲིམས  དག ེ་བ 	རབ 	མཆེ་བ 	རབ 	རྣོ 	ཚུལ་ཁྲིམས 	དག	ེ་བ 	-འི་ཞབས 	།_། 	ཀྱི་ཧུད 	བདེ་གཤེགས 	bstod tshogs ka_.txt	རབ  མཆེ་བ  རབ  རྣོ  ཚུལ་ཁྲིམས  དག ེ་བ  -འི་ཞབས  །_།  ཀྱི་ཧུད  བདེ་གཤེགས 
 དག  ཕྱག་འཚལ 						དག 	ཕྱག་འཚལ 	།_། 	སངས 	རྒྱས 	མྱ་ངན 	bstod tshogs ka_.txt	     དག  ཕྱག་འཚལ  །_།  སངས  རྒྱས  མྱ་ངན 
 དག  བསྟོད་པས 						དག 	བསྟོད་པས 	།_། 	བསོད 	ནམ 	-ས 	bstod tshogs ka_.txt	     དག  བསྟོད་པས  །_།  བསོད  ནམ  -ས 
 དག ་གིས 						དག	་གིས 	གནས་མཆོག 	དམ་པ 	ཐོབ 	གྱུར་ནས 	bstod tshogs ka_.txt	     དག ་གིས  གནས་མཆོག  དམ་པ  ཐོབ  གྱུར་ནས 
།_།  དག ་པ 	ཡོན་ཏན 	ནམ་མཁའ 	མཐའ 	ཡས་ཤིང 	།_། 	དག	་པ 	ལྟ་བུ་དེ་ལ 	རྟག་ཏུ 	བདག 	ཕྱག་འཚལ 	bstod tshogs ka_.txt	ཡོན་ཏན  ནམ་མཁའ  མཐའ  ཡས་ཤིང  །_།  དག ་པ  ལྟ་བུ་དེ་ལ  རྟག་ཏུ  བདག  ཕྱག་འཚལ 
 དག ་སྩོལ 						དག	་སྩོལ 	།_། 	ཞེས 	བསྟོད་དོ 	།_། 	bstod tshogs ka_.txt	     དག ་སྩོལ  །_།  ཞེས  བསྟོད་དོ  །_། 
གང  དག  རང 	འོས་པ 	དེ་དག་ཀྱང་གང 	ཞེ་ན 	།_ 	གང 	དག 	རང 	ཡོངས་སུ 	དག་པ 	-འི 	བདག་ཉིད 	bstod tshogs ka_.txt	འོས་པ  དེ་དག་ཀྱང་གང  ཞེ་ན  །_  གང  དག  རང  ཡོངས་སུ  དག་པ  -འི  བདག་ཉིད 
པར་མ  དག ་པ 	ལྡན་པ 	རྣམས་ཡིན་ཏེ 	།_ 	རྣམ 	པར་མ 	དག	་པ 	-འི 	བདག་ཉིད 	ཅན 	རྣམས་ནི 	bstod tshogs ka_.txt	ལྡན་པ  རྣམས་ཡིན་ཏེ  །_  རྣམ  པར་མ  དག ་པ  -འི  བདག་ཉིད  ཅན  རྣམས་ནི 
ཡོངས་སུ  དག ་པ 	-ར 	མི 	ནུས་སོ 	།_། 	ཡོངས་སུ 	དག	་པ 	-འི 	བདག་ཉིད 	ཅན 	ཡིན་ཡང 	bstod tshogs ka_.txt	-ར  མི  ནུས་སོ  །_།  ཡོངས་སུ  དག ་པ  -འི  བདག་ཉིད  ཅན  ཡིན་ཡང 
རྒྱལ་བ  དག  བཞིན་ནོ 	མི 	བྱེད་དེ 	།_ 	རང 	རྒྱལ་བ 	དག 	བཞིན་ནོ 	།_། 	སྙིང 	རྗེ 	ཆེན་པོ་དང 	bstod tshogs ka_.txt	མི  བྱེད་དེ  །_  རང  རྒྱལ་བ  དག  བཞིན་ནོ  །_།  སྙིང  རྗེ  ཆེན་པོ་དང 
 དག ་ཉིད 						དག	་ཉིད 	རྡོས 	ནོན་པ 	དབྱུང་བ 	-འི་ཕྱིར 	bstod tshogs ka_.txt	     དག ་ཉིད  རྡོས  ནོན་པ  དབྱུང་བ  -འི་ཕྱིར 
ཡོངས་སུ  དག ་པ 	བྱེད་དོ 	།_། 	དེ 	བས་ན 	ཡོངས་སུ 	དག	་པ 	-འི 	བདག་ཉིད 	ཅན 	ཉིད 	bstod tshogs ka_.txt	བྱེད་དོ  །_།  དེ  བས་ན  ཡོངས་སུ  དག ་པ  -འི  བདག་ཉིད  ཅན  ཉིད 
 དག ་ཉིད 						དག	་ཉིད 	ཅེས་བྱ་བ 	འདི 	གསུངས་སོ 	།_། 	bstod tshogs ka_.txt	     དག ་ཉིད  ཅེས་བྱ་བ  འདི  གསུངས་སོ  །_། 
 དག ་ལ 						དག	་ལ 	ཡོད་པ 	དེ་དག་ལ 	དེ་སྐད་ཅེས 	བྱ་སྟེ 	bstod tshogs ka_.txt	     དག ་ལ  ཡོད་པ  དེ་དག་ལ  དེ་སྐད་ཅེས  བྱ་སྟེ 
-ར  དག ་པ 	དྲི་མ 	མཐའ་དག་དང 	བྲལ་ཏེ 	རྣམ་པ 	-ར 	དག	་པ 	-འི 	མཐའ 	-ར 	ཕྱིན་པ 	bstod tshogs ka_.txt	དྲི་མ  མཐའ་དག་དང  བྲལ་ཏེ  རྣམ་པ  -ར  དག ་པ  -འི  མཐའ  -ར  ཕྱིན་པ 
ཡོངས་སུ  དག ་པ 	ཕྱིན་ཅི 	མ 	ལོག་པ 	-ར 	ཡོངས་སུ 	དག	་པ 	བཤད་དོ 	།_། 	གཡོ་བ་ནི 	གཞན་དུ 	bstod tshogs ka_.txt	ཕྱིན་ཅི  མ  ལོག་པ  -ར  ཡོངས་སུ  དག ་པ  བཤད་དོ  །_།  གཡོ་བ་ནི  གཞན་དུ 
-ར  དག ་པ 	-འི 	ཆོས་ཉིད 	ཤིན་ཏུ 	རྣམ་པ 	-ར 	དག	་པ 	ལས་མི 	འདའ་བ་ཞེས 	བྱ་བ 	-འི 	bstod tshogs ka_.txt	-འི  ཆོས་ཉིད  ཤིན་ཏུ  རྣམ་པ  -ར  དག ་པ  ལས་མི  འདའ་བ་ཞེས  བྱ་བ  -འི 
-ར  དག ་པ 	ཞེ་ན 	།_ 	ཤིན་ཏུ 	རྣམ་པ 	-ར 	དག	་པ 	ཉིད་ཀྱིས 	དེ་དག་གི 	རྒྱུད 	ཁོ་ན་ལ 	bstod tshogs ka_.txt	ཞེ་ན  །_  ཤིན་ཏུ  རྣམ་པ  -ར  དག ་པ  ཉིད་ཀྱིས  དེ་དག་གི  རྒྱུད  ཁོ་ན་ལ 
གཞན  དག ་ལ་ནི 	གསལ་བ 	-འི 	ཕྱིར་ཏེ 	།_ 	གཞན 	དག	་ལ་ནི 	སྒྲིབ་པ 	-ས 	བསྒྲིབས་ཏེ 	མི 	bstod tshogs ka_.txt	གསལ་བ  -འི  ཕྱིར་ཏེ  །_  གཞན  དག ་ལ་ནི  སྒྲིབ་པ  -ས  བསྒྲིབས་ཏེ  མི 
གང  དག ་ལ 	གསལ་བ 	-ས 	མེད་པ་དང་འདྲའོ 	།_། 	གང 	དག	་ལ 	ཐུགས་རྗེ 	-འི 	བདག་ཉིད 	ངོ་བོ 	bstod tshogs ka_.txt	གསལ་བ  -ས  མེད་པ་དང་འདྲའོ  །_།  གང  དག ་ལ  ཐུགས་རྗེ  -འི  བདག་ཉིད  ངོ་བོ 
 དག ་ནི 						དག	་ནི 	ཐུགས་རྗེ 	-འི 	བདག་ཉིད 	ཅན་ཏེ 	bstod tshogs ka_.txt	     དག ་ནི  ཐུགས་རྗེ  -འི  བདག་ཉིད  ཅན་ཏེ 
 དག ་གི་དེ་ནི 	།_ 	དེ 				དག	་གི་དེ་ནི 	བསྐལ་བ་གྲངས 	མེད་པ 	མི 	ཉུང་བ 	bstod tshogs ka_.txt	།_  དེ     དག ་གི་དེ་ནི  བསྐལ་བ་གྲངས  མེད་པ  མི  ཉུང་བ 
གང  དག ་ལ་དེ 	ལྔ 	-འི 	རང་བཞིན་ནོ 	།_། 	གང 	དག	་ལ་དེ 	སེལ་ཅིང 	འདོར་བ 	-འི 	ངང་ཚུལ 	bstod tshogs ka_.txt	ལྔ  -འི  རང་བཞིན་ནོ  །_།  གང  དག ་ལ་དེ  སེལ་ཅིང  འདོར་བ  -འི  ངང་ཚུལ 
དེ  དག ་གིས 	དེ་དག་ལ 	དེ་སྐད་ཅེས 	བྱ་སྟེ 	།_ 	དེ 	དག	་གིས 	བསྟན་པ 	-འི 	བསྒོམས་པ 	-ས 	bstod tshogs ka_.txt	དེ་དག་ལ  དེ་སྐད་ཅེས  བྱ་སྟེ  །_  དེ  དག ་གིས  བསྟན་པ  -འི  བསྒོམས་པ  -ས 
 དག  ཡིན་པ 						དག 	ཡིན་པ 	ཀུན་ལ 	མཉམ་པ་དང 	མཐའ་མེད་པ 	དེ་དག་ནི 	bstod tshogs ka_.txt	     དག  ཡིན་པ  ཀུན་ལ  མཉམ་པ་དང  མཐའ་མེད་པ  དེ་དག་ནི 
གང  དག ་དེ 	གྲུབ་ནི 	ཡོངས་སུ 	གྲུབ་པའོ 	།_། 	གང 	དག	་དེ 	སྩོལ་བ 	-འི 	ངང་ཚུལ 	ཡོད་པ་ཞེས 	bstod tshogs ka_.txt	གྲུབ་ནི  ཡོངས་སུ  གྲུབ་པའོ  །_།  གང  དག ་དེ  སྩོལ་བ  -འི  ངང་ཚུལ  ཡོད་པ་ཞེས 
 དག  ཡིན་པ 						དག 	ཡིན་པ 	དེ་དག 	སྩོལ་བ་ཞེས 	བྱ་བ 	-འི 	bstod tshogs ka_.txt	     དག  ཡིན་པ  དེ་དག  སྩོལ་བ་ཞེས  བྱ་བ  -འི 
 དག ་གིས 	ཐ་ཚིག་སྟེ 	།_ 	དེ 			དག	་གིས 	བསྟན་པ་ལ 	ནན་ཏན 	བྱས་པ 	-ས 	bstod tshogs ka_.txt	ཐ་ཚིག་སྟེ  །_  དེ    དག ་གིས  བསྟན་པ་ལ  ནན་ཏན  བྱས་པ  -ས 
 དག ་ལ 						དག	་ལ 	ཕན་པ 	བདེ་བ 	-ར 	གཤེགས་པ 	bstod tshogs ka_.txt	     དག ་ལ  ཕན་པ  བདེ་བ  -ར  གཤེགས་པ 
མི  དག ོས་པ 	།_། 	འདི་ནི 	གཞན 	བསྒྲིམ 	མི 	དག	ོས་པ 	-ར 	གྲུབ་པ 	ཉིད་དུ 	བསྟན་པ 	bstod tshogs ka_.txt	།_།  འདི་ནི  གཞན  བསྒྲིམ  མི  དག ོས་པ  -ར  གྲུབ་པ  ཉིད་དུ  བསྟན་པ 
གང  དག ་ལ 	ཁྱད་པར་གྱི 	ཚིག 	བསྡུ་བ་ཡིན་ཏེ 	།_ 	གང 	དག	་ལ 	གཞན་ལ 	ཕན་པ 	-འི 	རྒྱུ 	bstod tshogs ka_.txt	ཁྱད་པར་གྱི  ཚིག  བསྡུ་བ་ཡིན་ཏེ  །_  གང  དག ་ལ  གཞན་ལ  ཕན་པ  -འི  རྒྱུ 
 དག  པར 						དག 	པར 	རིག་པ་ལ 	སོགས་པ 	-འི 	ཆོས 	bstod tshogs ka_.txt	     དག  པར  རིག་པ་ལ  སོགས་པ  -འི  ཆོས 
 དག ་ལ 						དག	་ལ 	དེ་སྐད་ཅེས་བྱའོ 	།_། 	དེ་ལ 	དྲི་མ 	bstod tshogs ka_.txt	     དག ་ལ  དེ་སྐད་ཅེས་བྱའོ  །_།  དེ་ལ  དྲི་མ 
-ར  དག ་པ་དང 	མེད་པ་ནི 	རྣམ་པ 	ཐམས་ཅད 	རྣམ་པ 	-ར 	དག	་པ་དང 	ལྡན་པ 	-འི 	ཕྱིར་རོ 	།_། 	bstod tshogs ka_.txt	མེད་པ་ནི  རྣམ་པ  ཐམས་ཅད  རྣམ་པ  -ར  དག ་པ་དང  ལྡན་པ  -འི  ཕྱིར་རོ  །_། 
-ར  དག ་པ་ལ 	ཆོས་ཀྱི 	དབྱིངས 	ཤིན་ཏུ 	རྣམ་པ 	-ར 	དག	་པ་ལ 	དམིགས་པ 	-འི 	ཕྱིར 	གང་དག་ལ 	bstod tshogs ka_.txt	ཆོས་ཀྱི  དབྱིངས  ཤིན་ཏུ  རྣམ་པ  -ར  དག ་པ་ལ  དམིགས་པ  -འི  ཕྱིར  གང་དག་ལ 
དེ  དག ་ནི 	ཡུལ 	མཆོག་རབ 	ཡོད་པ་སྟེ 	།_ 	དེ 	དག	་ནི 	དེ་རང 	རིག་པ 	-འི 	ངོ་བོ་ཡིན་ནོ 	bstod tshogs ka_.txt	ཡུལ  མཆོག་རབ  ཡོད་པ་སྟེ  །_  དེ  དག ་ནི  དེ་རང  རིག་པ  -འི  ངོ་བོ་ཡིན་ནོ 
 དག  ན་རེ 	།_། 	གཞན 				དག 	ན་རེ 	མཆོག་ནི 	དོན་དུ 	གཉེར་བ 	-ར 	bstod tshogs ka_.txt	།_།  གཞན     དག  ན་རེ  མཆོག་ནི  དོན་དུ  གཉེར་བ  -ར 
 དག ་ལ 						དག	་ལ 	སྩོལ་ཅིག 	ཅེས་བྱ་བ་ཡིན་ཏེ 	།_ 	ཚིགས་སུ 	bstod tshogs ka_.txt	     དག ་ལ  སྩོལ་ཅིག  ཅེས་བྱ་བ་ཡིན་ཏེ  །_  ཚིགས་སུ 
 དག  པར 						དག 	པར 	རིག་པ་ལ 	སོགས་པ 	-འི 	ཆོས 	bstod tshogs ka_.txt	     དག  པར  རིག་པ་ལ  སོགས་པ  -འི  ཆོས 
ཡོངས་སུ  དག ་པ 	འདི་དག་དང 	མཉམ་པ 	ནམ་མཁའ 	རང་བཞིན་གྱིས 	ཡོངས་སུ 	དག	་པ 	ཚད 	མེད་པ 	ཡོད་པ 	-ས 	bstod tshogs ka_.txt	འདི་དག་དང  མཉམ་པ  ནམ་མཁའ  རང་བཞིན་གྱིས  ཡོངས་སུ  དག ་པ  ཚད  མེད་པ  ཡོད་པ  -ས 
 དག ་གི 						དག	་གི 	དཔེ 	-ར 	བྱས་ཏེ 	།_ 	bstod tshogs ka_.txt	     དག ་གི  དཔེ  -ར  བྱས་ཏེ  །_ 
སུ  དག  སངས་རྒྱས 	གསང་བ 	-འི 	མདོ་ལས 	།_ 	སུ 	དག 	སངས་རྒྱས 	ཆོས 	རྣམས་ལ 	།_། 	དཔེར 	bstod tshogs ka_.txt	གསང་བ  -འི  མདོ་ལས  །_  སུ  དག  སངས་རྒྱས  ཆོས  རྣམས་ལ  །_།  དཔེར 
 དག  སངས་རྒྱས 	བྱེད་པ་ནི 	ཇི་སྙེད་པ 	།_། 	དེ 		དག 	སངས་རྒྱས 	འཚམ 	མིན་པས 	།_། 	འདྲེན་ལ 	bstod tshogs ka_.txt	བྱེད་པ་ནི  ཇི་སྙེད་པ  །_།  དེ   དག  སངས་རྒྱས  འཚམ  མིན་པས  །_།  འདྲེན་ལ 
གང  དག  མཉམ་པ 	-འི 	དཔེ 	ཉིད་དོ 	།_། 	གང 	དག 	མཉམ་པ 	-ས 	དཔེ 	ཡིན་པ 	དེ་དག་ནི 	bstod tshogs ka_.txt	-འི  དཔེ  ཉིད་དོ  །_།  གང  དག  མཉམ་པ  -ས  དཔེ  ཡིན་པ  དེ་དག་ནི 
 དག ་གི 	མཉམ་པ 	-འི་དཔེའོ 	།_། 	དེ 		དག	་གི 	ངོ་བོ་ནི 	མཉམ་པ 	-འི 	དཔེ 	bstod tshogs ka_.txt	མཉམ་པ  -འི་དཔེའོ  །_།  དེ   དག ་གི  ངོ་བོ་ནི  མཉམ་པ  -འི  དཔེ 
མི  དག ག་གོ 	དམན་པ 	-འི 	དཔེ 	ཉིད་ནི 	མི 	དག	ག་གོ 	།_། 	ནམ 	མཁའ་ཇི 	ལྟ་བུ་ཞིག་ཅེ་ན 	bstod tshogs ka_.txt	དམན་པ  -འི  དཔེ  ཉིད་ནི  མི  དག ག་གོ  །_།  ནམ  མཁའ་ཇི  ལྟ་བུ་ཞིག་ཅེ་ན 
དེ  དག ་གི 	སོགས་པ 	-འི 	ཡོན་ཏན་ནོ 	།_། 	དེ 	དག	་གི 	གྲུབ་པ་ནི 	ཡོངས་སུ 	གྲུབ་པ་སྟེ 	།_ 	bstod tshogs ka_.txt	སོགས་པ  -འི  ཡོན་ཏན་ནོ  །_།  དེ  དག ་གི  གྲུབ་པ་ནི  ཡོངས་སུ  གྲུབ་པ་སྟེ  །_ 
གང  དག ་ལ་དེ 					གང 	དག	་ལ་དེ 	སྐལ་བ་ཇི 	ལྟ་བ 	བཞིན་དུ 	སྩོལ་བ 	bstod tshogs ka_.txt	    གང  དག ་ལ་དེ  སྐལ་བ་ཇི  ལྟ་བ  བཞིན་དུ  སྩོལ་བ 
 དག ་ལ 						དག	་ལ 	དེ་སྐད་ཅེས་བྱའོ 	།_། 	སངས 	རྒྱས 	bstod tshogs ka_.txt	     དག ་ལ  དེ་སྐད་ཅེས་བྱའོ  །_།  སངས  རྒྱས 
 དག ་ལ 						དག	་ལ 	སེམས་ཅན་གྱི 	ཁམས་ལ 	སྐལ་བ་ཇི 	ལྟ་བ 	bstod tshogs ka_.txt	     དག ་ལ  སེམས་ཅན་གྱི  ཁམས་ལ  སྐལ་བ་ཇི  ལྟ་བ 
 དག  དེ་ལྟ 						དག 	དེ་ལྟ 	བུ་ཡིན 	ཞེ་ན 	།_ 	འདི 	bstod tshogs ka_.txt	     དག  དེ་ལྟ  བུ་ཡིན  ཞེ་ན  །_  འདི 
 དག ་ནི 						དག	་ནི 	དངོས་གྲུབ 	མཉམ་དང 	མཐའ་མེད་པ 	ཅན་ཡིན་ནོ 	bstod tshogs ka_.txt	     དག ་ནི  དངོས་གྲུབ  མཉམ་དང  མཐའ་མེད་པ  ཅན་ཡིན་ནོ 
 དག ་ལ 	།_། 	དེ 				དག	་ལ 	རང་གི 	ཡོན་ཏན 	ཡོངས་སུ 	གྲུབ་པ 	bstod tshogs ka_.txt	།_།  དེ     དག ་ལ  རང་གི  ཡོན་ཏན  ཡོངས་སུ  གྲུབ་པ 
 དག ་ནི 						དག	་ནི 	དཔེ 	བྲལ་ཡིན་ནོ 	།_། 	དེ་ནི 	bstod tshogs ka_.txt	     དག ་ནི  དཔེ  བྲལ་ཡིན་ནོ  །_།  དེ་ནི 
 དག ་གི 						དག	་གི 	ཆ་ཤས་དང 	ཆ་ཤས་ཀྱིས་ཀྱང 	རྟག་ཏུ 	སེམས་ཅན་གྱི 	bstod tshogs ka_.txt	     དག ་གི  ཆ་ཤས་དང  ཆ་ཤས་ཀྱིས་ཀྱང  རྟག་ཏུ  སེམས་ཅན་གྱི 
 དག ོས 						དག	ོས 	།_ 	ནམ 	མཁའ་འམ 	གཞན་ཡང 	bstod tshogs ka_.txt	     དག ོས  །_  ནམ  མཁའ་འམ  གཞན་ཡང 
མཚུངས་པ་ལ  དག ོངས་ནས 	།_། 	ཚད 	མེད་པ 	ཙམ་ཞིག་ཏུ 	མཚུངས་པ་ལ 	དག	ོངས་ནས 	མདོ་ལས 	།_ 	དེ་ལ 	གཅིག་པུ 	bstod tshogs ka_.txt	།_།  ཚད  མེད་པ  ཙམ་ཞིག་ཏུ  མཚུངས་པ་ལ  དག ོངས་ནས  མདོ་ལས  །_  དེ་ལ  གཅིག་པུ 
 དག ་ཉིད 						དག	་ཉིད 	ཅན་ཡིན་ན 	།_ 	དེས་ན 	ཇི་ལྟར 	bstod tshogs ka_.txt	     དག ་ཉིད  ཅན་ཡིན་ན  །_  དེས་ན  ཇི་ལྟར 
 དག ་ཉིད 						དག	་ཉིད 	ཡིན་པ 	-ས་དེ་དང 	ལྡན་ན 	སྐབས་མེད་དོ 	bstod tshogs ka_.txt	     དག ་ཉིད  ཡིན་པ  -ས་དེ་དང  ལྡན་ན  སྐབས་མེད་དོ 
 དག  པར 						དག 	པར 	བྱུང་བའོ 	།_། 	སྨོན་ལམ་ནི 	བྱང་ཆུབ 	bstod tshogs ka_.txt	     དག  པར  བྱུང་བའོ  །_།  སྨོན་ལམ་ནི  བྱང་ཆུབ 
གང  དག ་ལ 	གང་ལ་དེ 	ཡོད་པ་དེ་ལ 	དེ་སྐད་ཅེས་བྱའོ 	།_། 	གང 	དག	་ལ 	ཐུགས་རྗེ 	ཆེན་པོ 	-འི 	བདག 	bstod tshogs ka_.txt	གང་ལ་དེ  ཡོད་པ་དེ་ལ  དེ་སྐད་ཅེས་བྱའོ  །_།  གང  དག ་ལ  ཐུགས་རྗེ  ཆེན་པོ  -འི  བདག 
 དག ་ལ 						དག	་ལ 	དེ་སྐད་ཅེས་བྱའོ 	།_། 	དེ 	ལྟ་བུ་དེ་ནི 	bstod tshogs ka_.txt	     དག ་ལ  དེ་སྐད་ཅེས་བྱའོ  །_།  དེ  ལྟ་བུ་དེ་ནི 
 དག ་ཉིད 						དག	་ཉིད 	ཆེན་པོ 	-འི 	ཐུགས་རྗེ 	རྟག 	bstod tshogs ka_.txt	     དག ་ཉིད  ཆེན་པོ  -འི  ཐུགས་རྗེ  རྟག 
གང  དག ་ལ 	འདི་ཉིད་ནི 	མཇུག 	སྡུད་པ་ཡིན་ཏེ 	།_ 	གང 	དག	་ལ 	རྣམ་པ 	-ར 	མི་རྟོག་ཀྱང 	གཞན་ལ 	bstod tshogs ka_.txt	འདི་ཉིད་ནི  མཇུག  སྡུད་པ་ཡིན་ཏེ  །_  གང  དག ་ལ  རྣམ་པ  -ར  མི་རྟོག་ཀྱང  གཞན་ལ 
 དག ་ཉིད 						དག	་ཉིད 	ཆེ་བ 	ཡོད་པ 	དེ་དག་ལ 	དེ་སྐད་ཅེས་བྱའོ 	bstod tshogs ka_.txt	     དག ་ཉིད  ཆེ་བ  ཡོད་པ  དེ་དག་ལ  དེ་སྐད་ཅེས་བྱའོ 
 དག  ཅེས་བྱ་བ 						དག 	ཅེས་བྱ་བ 	-འི 	སྒྲ 	རྒྱུ 	-འི་རྣམ་གྲངས 	bstod tshogs ka_.txt	     དག  ཅེས་བྱ་བ  -འི  སྒྲ  རྒྱུ  -འི་རྣམ་གྲངས 
 དག ་ཉིད་ཅེས་བྱའོ 						དག	་ཉིད་ཅེས་བྱའོ 	།_། 	རྣམ་པ 	གཅིག་ཏུ་ནི 	རྣམ་པ 	bstod tshogs ka_.txt	     དག ་ཉིད་ཅེས་བྱའོ  །_།  རྣམ་པ  གཅིག་ཏུ་ནི  རྣམ་པ 
དེ  དག ་གི 	སོགས་པ 	གོམས་པ 	བཞིན་ནོ 	།_། 	དེ 	དག	་གི 	སྙིང་རྗེ་དེ་ནི 	དམིགས་པ 	མེད་པ 	།_ 	bstod tshogs ka_.txt	སོགས་པ  གོམས་པ  བཞིན་ནོ  །_།  དེ  དག ་གི  སྙིང་རྗེ་དེ་ནི  དམིགས་པ  མེད་པ  །_ 
 དག ་ཉིད་ཅེས་ཀྱང 						དག	་ཉིད་ཅེས་ཀྱང 	བྱ་བ་ལ 	།_ 	དེ་ནི་དེ 	འཕེན་པ 	bstod tshogs ka_.txt	     དག ་ཉིད་ཅེས་ཀྱང  བྱ་བ་ལ  །_  དེ་ནི་དེ  འཕེན་པ 
 དག ་གི 						དག	་གི 	དོན 	མཛད་ཅིང 	།_ 	ཆོས་ཀྱི 	bstod tshogs ka_.txt	     དག ་གི  དོན  མཛད་ཅིང  །_  ཆོས་ཀྱི 
 དག ་ཉིད 						དག	་ཉིད 	ཆེན་པོ 	-འི 	ཐུགས་རྗེ 	རྟག 	bstod tshogs ka_.txt	     དག ་ཉིད  ཆེན་པོ  -འི  ཐུགས་རྗེ  རྟག 
 དག ་ནི 						དག	་ནི 	འཇིག་རྟེན་གྱི 	ཁམས 	གཅིག་ཏུ 	མྱ་ངན་ལས 	bstod tshogs ka_.txt	     དག ་ནི  འཇིག་རྟེན་གྱི  ཁམས  གཅིག་ཏུ  མྱ་ངན་ལས 
གང  དག ་ཏུ 	ཡོངས་སུ 	གྲུབ་པ་སྟེ་དེ 	སྩོལ་བའོ 	།_། 	གང 	དག	་ཏུ 	འགག་པ 	-ར 	མི 	འགྱུར 	bstod tshogs ka_.txt	ཡོངས་སུ  གྲུབ་པ་སྟེ་དེ  སྩོལ་བའོ  །_།  གང  དག ་ཏུ  འགག་པ  -ར  མི  འགྱུར 
གང  དག ་ལ 	མི 	དཔོག 	པར་ཏེ 	།_ 	གང 	དག	་ལ 	ཡོན་ཏན་གྱི 	ཚོགས 	ཡོངས་སུ 	དཔག་ཏུ 	bstod tshogs ka_.txt	མི  དཔོག  པར་ཏེ  །_  གང  དག ་ལ  ཡོན་ཏན་གྱི  ཚོགས  ཡོངས་སུ  དཔག་ཏུ 
 དག ་ནི 						དག	་ནི 	དཔག་མེད་དེ 	སངས་རྒྱས 	བཅོམ་ལྡན 	འདས 	bstod tshogs ka_.txt	     དག ་ནི  དཔག་མེད་དེ  སངས་རྒྱས  བཅོམ་ལྡན  འདས 
 དག ་གིས་ཀྱང 	རྣམས་སོ 	།_། 	དེ 			དག	་གིས་ཀྱང 	མི 	དཔོག་པ་སྟེ 	།_ 	དཔག་ཏུ 	bstod tshogs ka_.txt	རྣམས་སོ  །_།  དེ    དག ་གིས་ཀྱང  མི  དཔོག་པ་སྟེ  །_  དཔག་ཏུ 
 དག  ཁོ་ན 						དག 	ཁོ་ན 	ཕན་ཚུན 	འདི་དག་ནི 	ཡོན་ཏན 	ཕུན 	bstod tshogs ka_.txt	     དག  ཁོ་ན  ཕན་ཚུན  འདི་དག་ནི  ཡོན་ཏན  ཕུན 
 དག ་ཏུ 						དག	་ཏུ 	ནམ་ཡང 	རྒྱུན 	འཆད་པ 	-ར 	bstod tshogs ka_.txt	     དག ་ཏུ  ནམ་ཡང  རྒྱུན  འཆད་པ  -ར 
ལོངས་སྤྱོད  དག  བསྟན་པ 	-ས་ནི 	ལུས་དང 	དེ 	-འི 	ལོངས་སྤྱོད 	དག 	བསྟན་པ 	-ར 	ང་རྒྱལ 	བྱེད་པ 	རྣམས 	bstod tshogs ka_.txt	-ས་ནི  ལུས་དང  དེ  -འི  ལོངས་སྤྱོད  དག  བསྟན་པ  -ར  ང་རྒྱལ  བྱེད་པ  རྣམས 
 དག ་གི 						དག	་གི 	བསམ་པ 	-འི 	ངོ 	-ར 	bstod tshogs ka_.txt	     དག ་གི  བསམ་པ  -འི  ངོ  -ར 
 དག ས་པ 						དག	ས་པ 	བརྡ 	རྒྱུས 	བྱུང་བ་སྟེ 	།_། 	bstod tshogs ka_.txt	     དག ས་པ  བརྡ  རྒྱུས  བྱུང་བ་སྟེ  །_། 
སྦྱིན་པ་པོ  དག  ཁོ་ན་ལ 	།_ 	རྟོག་པ་དང 	ལྡན་པ 	རྣམས་ནི 	སྦྱིན་པ་པོ 	དག 	ཁོ་ན་ལ 	སློང་གི 	།_ 	འབྱོར་པ 	བདོག་ཀྱང 	bstod tshogs ka_.txt	།_  རྟོག་པ་དང  ལྡན་པ  རྣམས་ནི  སྦྱིན་པ་པོ  དག  ཁོ་ན་ལ  སློང་གི  །_  འབྱོར་པ  བདོག་ཀྱང 
གང  དག ་ལ 	ཕ་རོལ་ཏུ 	ཕྱིན་པ 	ཐམས་ཅད་དོ 	།_། 	གང 	དག	་ལ 	འཁོར་གསུམ 	ཡོངས་སུ 	དག་པ 	-ས 	bstod tshogs ka_.txt	ཕ་རོལ་ཏུ  ཕྱིན་པ  ཐམས་ཅད་དོ  །_།  གང  དག ་ལ  འཁོར་གསུམ  ཡོངས་སུ  དག་པ  -ས 
 དག ་པ 	སྦྱིན་པ 	མཆོག 	ཤིན་ཏུ 	ཡོངས་སུ 		དག	་པ 	དེ་དག་ནི 	སྦྱིན 	མཆོག 	ཅན་ནོ 	bstod tshogs ka_.txt	སྦྱིན་པ  མཆོག  ཤིན་ཏུ  ཡོངས་སུ   དག ་པ  དེ་དག་ནི  སྦྱིན  མཆོག  ཅན་ནོ 
 དག ་གི 	།_། 	དེ 				དག	་གི 	ངོ་བོ 	ཉིད་ནི 	སྦྱིན 	མཆོག་ཉིད་དོ 	bstod tshogs ka_.txt	།_།  དེ     དག ་གི  ངོ་བོ  ཉིད་ནི  སྦྱིན  མཆོག་ཉིད་དོ 
 དག ་ལ 	།_། 	གང 				དག	་ལ 	གནས་མཆོག་སྟེ 	དབང་ཕྱུག་གམ 	།_ 	གོ 	bstod tshogs ka_.txt	།_།  གང     དག ་ལ  གནས་མཆོག་སྟེ  དབང་ཕྱུག་གམ  །_  གོ 
 དག ་ནི 						དག	་ནི 	གནས་མཆོག 	ཅན་ཏེ 	།_ 	སངས 	bstod tshogs ka_.txt	     དག ་ནི  གནས་མཆོག  ཅན་ཏེ  །_  སངས 
དེ  དག ་གི 	བཅོམ་ལྡན 	འདས 	རྣམས་སོ 	།_། 	དེ 	དག	་གི 	ངོ་བོ་ནི 	གནས་མཆོག 	ཉིད་དོ 	།_། 	bstod tshogs ka_.txt	བཅོམ་ལྡན  འདས  རྣམས་སོ  །_།  དེ  དག ་གི  ངོ་བོ་ནི  གནས་མཆོག  ཉིད་དོ  །_། 
 དག ་ཉིད་དུ 						དག	་ཉིད་དུ 	བསྒྲུབས་པ 	-ས 	ཐོབ་པ་སྟེ 	།_ 	bstod tshogs ka_.txt	     དག ་ཉིད་དུ  བསྒྲུབས་པ  -ས  ཐོབ་པ་སྟེ  །_ 
 དག ་པ 	ཡེ 	ཤེས་ཀྱི 	ཚོགས 	ཡོངས་སུ 		དག	་པ 	-འི 	རྒྱུས 	སངས་རྒྱས 	ཉིད 	bstod tshogs ka_.txt	ཡེ  ཤེས་ཀྱི  ཚོགས  ཡོངས་སུ   དག ་པ  -འི  རྒྱུས  སངས་རྒྱས  ཉིད 
གང་ཡིན་པ  དག ་ནི 	རྣམས་ཀྱི 	ནང་ན 	མཆོག 	སྒྲུབ་པ 	གང་ཡིན་པ 	དག	་ནི 	དམ་པ 	སྩོལ 	མཆོག 	སྒྲུབ་པ་ཡིན་ནོ 	bstod tshogs ka_.txt	རྣམས་ཀྱི  ནང་ན  མཆོག  སྒྲུབ་པ  གང་ཡིན་པ  དག ་ནི  དམ་པ  སྩོལ  མཆོག  སྒྲུབ་པ་ཡིན་ནོ 
གང  དག  ལ་དུ 	གཤེགས་པ 	-འི 	ཕྱིར་རོ 	།_། 	གང 	དག 	ལ་དུ 	-ས་གསུམ་ལ 	ཐོགས་པ 	མི 	མངའ་བ 	bstod tshogs ka_.txt	གཤེགས་པ  -འི  ཕྱིར་རོ  །_།  གང  དག  ལ་དུ  -ས་གསུམ་ལ  ཐོགས་པ  མི  མངའ་བ 
 དག ་ལ 						དག	་ལ 	དེ་སྐད་ཅེས 	བྱ་སྟེ 	།_ 	འདས་པ་དང 	bstod tshogs ka_.txt	     དག ་ལ  དེ་སྐད་ཅེས  བྱ་སྟེ  །_  འདས་པ་དང 
 དག ་ལ 	མ་འོངས་པ་དང 	ད་ལྟར 				དག	་ལ 	ཐོགས་པ 	མེད་པ 	-འི 	ཡེ་ཤེས 	bstod tshogs ka_.txt	མ་འོངས་པ་དང  ད་ལྟར     དག ་ལ  ཐོགས་པ  མེད་པ  -འི  ཡེ་ཤེས 
 དག ་ནི 						དག	་ནི 	སྒྲིབ་པ 	མི 	མངའ་བའོ 	།_། 	bstod tshogs ka_.txt	     དག ་ནི  སྒྲིབ་པ  མི  མངའ་བའོ  །_། 
གང  དག ་ལ 	སྒྲིབ་པ་ཞེས 	བྱ་བ 	གང་ཡིན་པའོ 	།_། 	གང 	དག	་ལ 	དེ་དག 	སྤངས་པ 	-འི 	ཕྱིར 	bstod tshogs ka_.txt	སྒྲིབ་པ་ཞེས  བྱ་བ  གང་ཡིན་པའོ  །_།  གང  དག ་ལ  དེ་དག  སྤངས་པ  -འི  ཕྱིར 
 དག ་ནི 						དག	་ནི 	སྒྲིབ་པ 	མི 	མངའ་བ་སྟེ 	།_ 	bstod tshogs ka_.txt	     དག ་ནི  སྒྲིབ་པ  མི  མངའ་བ་སྟེ  །_ 
 དག ་ལའམ 						དག	་ལའམ 	།_ 	དེ་ལས 	གསུངས་པ 	-འི 	bstod tshogs ka_.txt	     དག ་ལའམ  །_  དེ་ལས  གསུངས་པ  -འི 
 དག ་ལ 						དག	་ལ 	སྩོལ་ཅིག་པའོ 	།_། 	རྒྱུད་གང 	ལས་དམ 	bstod tshogs ka_.txt	     དག ་ལ  སྩོལ་ཅིག་པའོ  །_།  རྒྱུད་གང  ལས་དམ 
-འི  དག ེ་འདུན་ལ 	ཆོས་དང 	_།_ 	ཕྱིར 	མི་ལྡོག་པ 	-འི 	དག	ེ་འདུན་ལ 	དང་བ 	-འི 	བདག་ཉིད 	འབྱུང་བ་དེ་ནི 	bstod tshogs ka_.txt	ཆོས་དང  _།_  ཕྱིར  མི་ལྡོག་པ  -འི  དག ེ་འདུན་ལ  དང་བ  -འི  བདག་ཉིད  འབྱུང་བ་དེ་ནི 
 དག ་ཡིན་ཏེ 						དག	་ཡིན་ཏེ 	།_ 	རྒྱུད 	འདི་ཉིད་ལས 	བྱར་རུང་བ 	bstod tshogs ka_.txt	     དག ་ཡིན་ཏེ  །_  རྒྱུད  འདི་ཉིད་ལས  བྱར་རུང་བ 
 དག ་ལ་མྱུར་དུ 						དག	་ལ་མྱུར་དུ 	སྩོལ་ཅིག་པའོ 	།_། 	གསང 	སྔགས 	bstod tshogs ka_.txt	     དག ་ལ་མྱུར་དུ  སྩོལ་ཅིག་པའོ  །_།  གསང  སྔགས 
 དག ་པོ 						དག	་པོ 	-ས 	གསུངས་པ 	བསྟོད་པ 	-འི 	bstod tshogs ka_.txt	     དག ་པོ  -ས  གསུངས་པ  བསྟོད་པ  -འི 
རྒྱས་ཤིང  དག ་པ་ལ 	འཚལ་ལོ 	།_། 	མཚན་གྱི 	མེ་ཏོག 	རྒྱས་ཤིང 	དག	་པ་ལ 	།_། 	དཔེ 	བྱད་བཟང་པོ 	-འི 	bstod tshogs ka_.txt	འཚལ་ལོ  །_།  མཚན་གྱི  མེ་ཏོག  རྒྱས་ཤིང  དག ་པ་ལ  །_།  དཔེ  བྱད་བཟང་པོ  -འི 
རྣམ  དག  ཆོས་ཀྱི 	གཏིང་དཔག 	དཀའ་བ 	-འི་ཚུལ 	།_། 	རྣམ 	དག 	ཆོས་ཀྱི 	དབྱིངས་ལ 	རོལ 	མཛད་ཅིང 	།_། 	bstod tshogs ka_.txt	གཏིང་དཔག  དཀའ་བ  -འི་ཚུལ  །_།  རྣམ  དག  ཆོས་ཀྱི  དབྱིངས་ལ  རོལ  མཛད་ཅིང  །_། 
རྒྱ་མཚོ  དག ་ནི 	ཕྱག 	འཚལ་ལོ 	།_། 	ཉེས་པ 	རྒྱ་མཚོ 	དག	་ནི 	གཞར 	སྤངས་ནས 	།_། 	ཡོན་ཏན 	bstod tshogs ka_.txt	ཕྱག  འཚལ་ལོ  །_།  ཉེས་པ  རྒྱ་མཚོ  དག ་ནི  གཞར  སྤངས་ནས  །_།  ཡོན་ཏན 
རྒྱ་མཚོ  དག ་གི 					རྒྱ་མཚོ 	དག	་གི 	ཕ་རོལ་བྱོན 	།_། 	ཐམས་ཅད 	མཁྱེན་པ 	bstod tshogs ka_.txt	    རྒྱ་མཚོ  དག ་གི  ཕ་རོལ་བྱོན  །_།  ཐམས་ཅད  མཁྱེན་པ 
ཡོངས་སུ  དག  གྱུར་པས 	འཚལ་ལོ 	།_། 	སྨོན 	ལམ་རྒྱ་ཆེན 	ཡོངས་སུ 	དག 	གྱུར་པས 	།_། 	ཡིད 	བཞིན 	ནོར་བུ 	bstod tshogs ka_.txt	འཚལ་ལོ  །_།  སྨོན  ལམ་རྒྱ་ཆེན  ཡོངས་སུ  དག  གྱུར་པས  །_།  ཡིད  བཞིན  ནོར་བུ 